Copyright 1986-2022 Xilinx, Inc. All Rights Reserved. Copyright 2022-2025 Advanced Micro Devices, Inc. All Rights Reserved.
---------------------------------------------------------------------------------------------------------------------------------------------------------------------------------------------------------------------------------------------------
| Tool Version : Vivado v.2025.2 (win64) Build 6299465 Fri Nov 14 19:35:11 GMT 2025
| Date         : Thu May 14 14:14:18 2026
| Host         : DESKTOP-UFF887S running 64-bit major release  (build 9200)
| Command      : report_timing_summary -max_paths 10 -routable_nets -report_unconstrained -file dc_driver_pwm_timing_summary_routed.rpt -pb dc_driver_pwm_timing_summary_routed.pb -rpx dc_driver_pwm_timing_summary_routed.rpx -warn_on_violation
| Design       : dc_driver_pwm
| Device       : 7a35t-cpg236
| Speed File   : -1  PRODUCTION 1.23 2018-06-13
| Design State : Routed
---------------------------------------------------------------------------------------------------------------------------------------------------------------------------------------------------------------------------------------------------

Timing Summary Report

------------------------------------------------------------------------------------------------
| Timer Settings
| --------------
------------------------------------------------------------------------------------------------

  Enable Multi Corner Analysis               :  Yes
  Enable Pessimism Removal                   :  Yes
  Pessimism Removal Resolution               :  Nearest Common Node
  Enable Input Delay Default Clock           :  No
  Enable Preset / Clear Arcs                 :  No
  Disable Flight Delays                      :  No
  Ignore I/O Paths                           :  No
  Timing Early Launch at Borrowing Latches   :  No
  Borrow Time for Max Delay Exceptions       :  Yes
  Merge Timing Exceptions                    :  Yes
  Inter-SLR Compensation                     :  Conservative

  Corner  Analyze    Analyze    
  Name    Max Paths  Min Paths  
  ------  ---------  ---------  
  Slow    Yes        Yes        
  Fast    Yes        Yes        


------------------------------------------------------------------------------------------------
| Report Methodology
| ------------------
------------------------------------------------------------------------------------------------

Rule       Severity  Description                    Violations  
---------  --------  -----------------------------  ----------  
TIMING-18  Warning   Missing input or output delay  13          

Note: This report is based on the most recent report_methodology run and may not be up-to-date. Run report_methodology on the current design for the latest report.



check_timing report

Table of Contents
-----------------
1. checking no_clock (0)
2. checking constant_clock (0)
3. checking pulse_width_clock (0)
4. checking unconstrained_internal_endpoints (0)
5. checking no_input_delay (11)
6. checking no_output_delay (2)
7. checking multiple_clock (0)
8. checking generated_clocks (0)
9. checking loops (0)
10. checking partial_input_delay (0)
11. checking partial_output_delay (0)
12. checking latch_loops (0)

1. checking no_clock (0)
------------------------
 There are 0 register/latch pins with no clock.


2. checking constant_clock (0)
------------------------------
 There are 0 register/latch pins with constant_clock.


3. checking pulse_width_clock (0)
---------------------------------
 There are 0 register/latch pins which need pulse_width check


4. checking unconstrained_internal_endpoints (0)
------------------------------------------------
 There are 0 pins that are not constrained for maximum delay.

 There are 0 pins that are not constrained for maximum delay due to constant clock.


5. checking no_input_delay (11)
-------------------------------
 There are 11 input ports with no input delay specified. (HIGH)

 There are 0 input ports with no input delay but user has a false path constraint.


6. checking no_output_delay (2)
-------------------------------
 There are 2 ports with no output delay specified. (HIGH)

 There are 0 ports with no output delay but user has a false path constraint

 There are 0 ports with no output delay but with a timing clock defined on it or propagating through it


7. checking multiple_clock (0)
------------------------------
 There are 0 register/latch pins with multiple clocks.


8. checking generated_clocks (0)
--------------------------------
 There are 0 generated clocks that are not connected to a clock source.


9. checking loops (0)
---------------------
 There are 0 combinational loops in the design.


10. checking partial_input_delay (0)
------------------------------------
 There are 0 input ports with partial input delay specified.


11. checking partial_output_delay (0)
-------------------------------------
 There are 0 ports with partial output delay specified.


12. checking latch_loops (0)
----------------------------
 There are 0 combinational latch loops in the design through latch input



------------------------------------------------------------------------------------------------
| Design Timing Summary
| ---------------------
------------------------------------------------------------------------------------------------

    WNS(ns)      TNS(ns)  TNS Failing Endpoints  TNS Total Endpoints      WHS(ns)      THS(ns)  THS Failing Endpoints  THS Total Endpoints     WPWS(ns)     TPWS(ns)  TPWS Failing Endpoints  TPWS Total Endpoints  
    -------      -------  ---------------------  -------------------      -------      -------  ---------------------  -------------------     --------     --------  ----------------------  --------------------  
      5.598        0.000                      0                   35        0.324        0.000                      0                   35        4.500        0.000                       0                    20  


All user specified timing constraints are met.


------------------------------------------------------------------------------------------------
| Clock Summary
| -------------
------------------------------------------------------------------------------------------------

Clock        Waveform(ns)       Period(ns)      Frequency(MHz)
-----        ------------       ----------      --------------
sys_clk_pin  {0.000 5.000}      10.000          100.000         


------------------------------------------------------------------------------------------------
| Intra Clock Table
| -----------------
------------------------------------------------------------------------------------------------

Clock             WNS(ns)      TNS(ns)  TNS Failing Endpoints  TNS Total Endpoints      WHS(ns)      THS(ns)  THS Failing Endpoints  THS Total Endpoints     WPWS(ns)     TPWS(ns)  TPWS Failing Endpoints  TPWS Total Endpoints  
-----             -------      -------  ---------------------  -------------------      -------      -------  ---------------------  -------------------     --------     --------  ----------------------  --------------------  
sys_clk_pin         5.598        0.000                      0                   35        0.324        0.000                      0                   35        4.500        0.000                       0                    20  


------------------------------------------------------------------------------------------------
| Inter Clock Table
| -----------------
------------------------------------------------------------------------------------------------

From Clock    To Clock          WNS(ns)      TNS(ns)  TNS Failing Endpoints  TNS Total Endpoints      WHS(ns)      THS(ns)  THS Failing Endpoints  THS Total Endpoints  
----------    --------          -------      -------  ---------------------  -------------------      -------      -------  ---------------------  -------------------  


------------------------------------------------------------------------------------------------
| Other Path Groups Table
| -----------------------
------------------------------------------------------------------------------------------------

Path Group    From Clock    To Clock          WNS(ns)      TNS(ns)  TNS Failing Endpoints  TNS Total Endpoints      WHS(ns)      THS(ns)  THS Failing Endpoints  THS Total Endpoints  
----------    ----------    --------          -------      -------  ---------------------  -------------------      -------      -------  ---------------------  -------------------  


------------------------------------------------------------------------------------------------
| User Ignored Path Table
| -----------------------
------------------------------------------------------------------------------------------------

Path Group    From Clock    To Clock    
----------    ----------    --------    


------------------------------------------------------------------------------------------------
| Unconstrained Path Table
| ------------------------
------------------------------------------------------------------------------------------------

Path Group    From Clock    To Clock    
----------    ----------    --------    
(none)        sys_clk_pin                 
(none)                      sys_clk_pin   


------------------------------------------------------------------------------------------------
| Timing Details
| --------------
------------------------------------------------------------------------------------------------


---------------------------------------------------------------------------------------------------
From Clock:  sys_clk_pin
  To Clock:  sys_clk_pin

Setup :            0  Failing Endpoints,  Worst Slack        5.598ns,  Total Violation        0.000ns
Hold  :            0  Failing Endpoints,  Worst Slack        0.324ns,  Total Violation        0.000ns
PW    :            0  Failing Endpoints,  Worst Slack        4.500ns,  Total Violation        0.000ns
---------------------------------------------------------------------------------------------------


Max Delay Paths
--------------------------------------------------------------------------------------
Slack (MET) :             5.598ns  (required time - arrival time)
  Source:                 U_PWM/counter_reg[10]/C
                            (rising edge-triggered cell FDRE clocked by sys_clk_pin  {rise@0.000ns fall@5.000ns period=10.000ns})
  Destination:            U_PWM/counter_reg[0]/R
                            (rising edge-triggered cell FDRE clocked by sys_clk_pin  {rise@0.000ns fall@5.000ns period=10.000ns})
  Path Group:             sys_clk_pin
  Path Type:              Setup (Max at Slow Process Corner)
  Requirement:            10.000ns  (sys_clk_pin rise@10.000ns - sys_clk_pin rise@0.000ns)
  Data Path Delay:        3.817ns  (logic 0.766ns (20.068%)  route 3.051ns (79.932%))
  Logic Levels:           2  (LUT4=1 LUT5=1)
  Clock Path Skew:        -0.026ns (DCD - SCD + CPR)
    Destination Clock Delay (DCD):    4.777ns = ( 14.777 - 10.000 ) 
    Source Clock Delay      (SCD):    5.077ns
    Clock Pessimism Removal (CPR):    0.274ns
  Clock Uncertainty:      0.035ns  ((TSJ^2 + TIJ^2)^1/2 + DJ) / 2 + PE
    Total System Jitter     (TSJ):    0.071ns
    Total Input Jitter      (TIJ):    0.000ns
    Discrete Jitter          (DJ):    0.000ns
    Phase Error              (PE):    0.000ns

    Location             Delay type                Incr(ns)  Path(ns)    Netlist Resource(s)
  -------------------------------------------------------------------    -------------------
                         (clock sys_clk_pin rise edge)
                                                      0.000     0.000 r  
    W5                                                0.000     0.000 r  clk (IN)
                         net (fo=0)                   0.000     0.000    clk
    W5                   IBUF (Prop_ibuf_I_O)         1.458     1.458 r  clk_IBUF_inst/O
                         net (fo=1, routed)           1.967     3.425    clk_IBUF
    BUFGCTRL_X0Y0        BUFG (Prop_bufg_I_O)         0.096     3.521 r  clk_IBUF_BUFG_inst/O
                         net (fo=19, routed)          1.556     5.077    U_PWM/clk_IBUF_BUFG
    SLICE_X14Y29         FDRE                                         r  U_PWM/counter_reg[10]/C
  -------------------------------------------------------------------    -------------------
    SLICE_X14Y29         FDRE (Prop_fdre_C_Q)         0.518     5.595 f  U_PWM/counter_reg[10]/Q
                         net (fo=4, routed)           1.469     7.065    U_PWM/counter_reg[10]
    SLICE_X15Y30         LUT4 (Prop_lut4_I0_O)        0.124     7.189 f  U_PWM/counter[0]_i_6/O
                         net (fo=1, routed)           0.667     7.856    U_PWM/counter[0]_i_6_n_0
    SLICE_X15Y30         LUT5 (Prop_lut5_I4_O)        0.124     7.980 r  U_PWM/counter[0]_i_1/O
                         net (fo=16, routed)          0.915     8.894    U_PWM/counter[0]_i_1_n_0
    SLICE_X14Y27         FDRE                                         r  U_PWM/counter_reg[0]/R
  -------------------------------------------------------------------    -------------------

                         (clock sys_clk_pin rise edge)
                                                     10.000    10.000 r  
    W5                                                0.000    10.000 r  clk (IN)
                         net (fo=0)                   0.000    10.000    clk
    W5                   IBUF (Prop_ibuf_I_O)         1.388    11.388 r  clk_IBUF_inst/O
                         net (fo=1, routed)           1.862    13.250    clk_IBUF
    BUFGCTRL_X0Y0        BUFG (Prop_bufg_I_O)         0.091    13.341 r  clk_IBUF_BUFG_inst/O
                         net (fo=19, routed)          1.436    14.777    U_PWM/clk_IBUF_BUFG
    SLICE_X14Y27         FDRE                                         r  U_PWM/counter_reg[0]/C
                         clock pessimism              0.274    15.051    
                         clock uncertainty           -0.035    15.016    
    SLICE_X14Y27         FDRE (Setup_fdre_C_R)       -0.524    14.492    U_PWM/counter_reg[0]
  -------------------------------------------------------------------
                         required time                         14.492    
                         arrival time                          -8.894    
  -------------------------------------------------------------------
                         slack                                  5.598    

Slack (MET) :             5.598ns  (required time - arrival time)
  Source:                 U_PWM/counter_reg[10]/C
                            (rising edge-triggered cell FDRE clocked by sys_clk_pin  {rise@0.000ns fall@5.000ns period=10.000ns})
  Destination:            U_PWM/counter_reg[1]/R
                            (rising edge-triggered cell FDRE clocked by sys_clk_pin  {rise@0.000ns fall@5.000ns period=10.000ns})
  Path Group:             sys_clk_pin
  Path Type:              Setup (Max at Slow Process Corner)
  Requirement:            10.000ns  (sys_clk_pin rise@10.000ns - sys_clk_pin rise@0.000ns)
  Data Path Delay:        3.817ns  (logic 0.766ns (20.068%)  route 3.051ns (79.932%))
  Logic Levels:           2  (LUT4=1 LUT5=1)
  Clock Path Skew:        -0.026ns (DCD - SCD + CPR)
    Destination Clock Delay (DCD):    4.777ns = ( 14.777 - 10.000 ) 
    Source Clock Delay      (SCD):    5.077ns
    Clock Pessimism Removal (CPR):    0.274ns
  Clock Uncertainty:      0.035ns  ((TSJ^2 + TIJ^2)^1/2 + DJ) / 2 + PE
    Total System Jitter     (TSJ):    0.071ns
    Total Input Jitter      (TIJ):    0.000ns
    Discrete Jitter          (DJ):    0.000ns
    Phase Error              (PE):    0.000ns

    Location             Delay type                Incr(ns)  Path(ns)    Netlist Resource(s)
  -------------------------------------------------------------------    -------------------
                         (clock sys_clk_pin rise edge)
                                                      0.000     0.000 r  
    W5                                                0.000     0.000 r  clk (IN)
                         net (fo=0)                   0.000     0.000    clk
    W5                   IBUF (Prop_ibuf_I_O)         1.458     1.458 r  clk_IBUF_inst/O
                         net (fo=1, routed)           1.967     3.425    clk_IBUF
    BUFGCTRL_X0Y0        BUFG (Prop_bufg_I_O)         0.096     3.521 r  clk_IBUF_BUFG_inst/O
                         net (fo=19, routed)          1.556     5.077    U_PWM/clk_IBUF_BUFG
    SLICE_X14Y29         FDRE                                         r  U_PWM/counter_reg[10]/C
  -------------------------------------------------------------------    -------------------
    SLICE_X14Y29         FDRE (Prop_fdre_C_Q)         0.518     5.595 f  U_PWM/counter_reg[10]/Q
                         net (fo=4, routed)           1.469     7.065    U_PWM/counter_reg[10]
    SLICE_X15Y30         LUT4 (Prop_lut4_I0_O)        0.124     7.189 f  U_PWM/counter[0]_i_6/O
                         net (fo=1, routed)           0.667     7.856    U_PWM/counter[0]_i_6_n_0
    SLICE_X15Y30         LUT5 (Prop_lut5_I4_O)        0.124     7.980 r  U_PWM/counter[0]_i_1/O
                         net (fo=16, routed)          0.915     8.894    U_PWM/counter[0]_i_1_n_0
    SLICE_X14Y27         FDRE                                         r  U_PWM/counter_reg[1]/R
  -------------------------------------------------------------------    -------------------

                         (clock sys_clk_pin rise edge)
                                                     10.000    10.000 r  
    W5                                                0.000    10.000 r  clk (IN)
                         net (fo=0)                   0.000    10.000    clk
    W5                   IBUF (Prop_ibuf_I_O)         1.388    11.388 r  clk_IBUF_inst/O
                         net (fo=1, routed)           1.862    13.250    clk_IBUF
    BUFGCTRL_X0Y0        BUFG (Prop_bufg_I_O)         0.091    13.341 r  clk_IBUF_BUFG_inst/O
                         net (fo=19, routed)          1.436    14.777    U_PWM/clk_IBUF_BUFG
    SLICE_X14Y27         FDRE                                         r  U_PWM/counter_reg[1]/C
                         clock pessimism              0.274    15.051    
                         clock uncertainty           -0.035    15.016    
    SLICE_X14Y27         FDRE (Setup_fdre_C_R)       -0.524    14.492    U_PWM/counter_reg[1]
  -------------------------------------------------------------------
                         required time                         14.492    
                         arrival time                          -8.894    
  -------------------------------------------------------------------
                         slack                                  5.598    

Slack (MET) :             5.598ns  (required time - arrival time)
  Source:                 U_PWM/counter_reg[10]/C
                            (rising edge-triggered cell FDRE clocked by sys_clk_pin  {rise@0.000ns fall@5.000ns period=10.000ns})
  Destination:            U_PWM/counter_reg[2]/R
                            (rising edge-triggered cell FDRE clocked by sys_clk_pin  {rise@0.000ns fall@5.000ns period=10.000ns})
  Path Group:             sys_clk_pin
  Path Type:              Setup (Max at Slow Process Corner)
  Requirement:            10.000ns  (sys_clk_pin rise@10.000ns - sys_clk_pin rise@0.000ns)
  Data Path Delay:        3.817ns  (logic 0.766ns (20.068%)  route 3.051ns (79.932%))
  Logic Levels:           2  (LUT4=1 LUT5=1)
  Clock Path Skew:        -0.026ns (DCD - SCD + CPR)
    Destination Clock Delay (DCD):    4.777ns = ( 14.777 - 10.000 ) 
    Source Clock Delay      (SCD):    5.077ns
    Clock Pessimism Removal (CPR):    0.274ns
  Clock Uncertainty:      0.035ns  ((TSJ^2 + TIJ^2)^1/2 + DJ) / 2 + PE
    Total System Jitter     (TSJ):    0.071ns
    Total Input Jitter      (TIJ):    0.000ns
    Discrete Jitter          (DJ):    0.000ns
    Phase Error              (PE):    0.000ns

    Location             Delay type                Incr(ns)  Path(ns)    Netlist Resource(s)
  -------------------------------------------------------------------    -------------------
                         (clock sys_clk_pin rise edge)
                                                      0.000     0.000 r  
    W5                                                0.000     0.000 r  clk (IN)
                         net (fo=0)                   0.000     0.000    clk
    W5                   IBUF (Prop_ibuf_I_O)         1.458     1.458 r  clk_IBUF_inst/O
                         net (fo=1, routed)           1.967     3.425    clk_IBUF
    BUFGCTRL_X0Y0        BUFG (Prop_bufg_I_O)         0.096     3.521 r  clk_IBUF_BUFG_inst/O
                         net (fo=19, routed)          1.556     5.077    U_PWM/clk_IBUF_BUFG
    SLICE_X14Y29         FDRE                                         r  U_PWM/counter_reg[10]/C
  -------------------------------------------------------------------    -------------------
    SLICE_X14Y29         FDRE (Prop_fdre_C_Q)         0.518     5.595 f  U_PWM/counter_reg[10]/Q
                         net (fo=4, routed)           1.469     7.065    U_PWM/counter_reg[10]
    SLICE_X15Y30         LUT4 (Prop_lut4_I0_O)        0.124     7.189 f  U_PWM/counter[0]_i_6/O
                         net (fo=1, routed)           0.667     7.856    U_PWM/counter[0]_i_6_n_0
    SLICE_X15Y30         LUT5 (Prop_lut5_I4_O)        0.124     7.980 r  U_PWM/counter[0]_i_1/O
                         net (fo=16, routed)          0.915     8.894    U_PWM/counter[0]_i_1_n_0
    SLICE_X14Y27         FDRE                                         r  U_PWM/counter_reg[2]/R
  -------------------------------------------------------------------    -------------------

                         (clock sys_clk_pin rise edge)
                                                     10.000    10.000 r  
    W5                                                0.000    10.000 r  clk (IN)
                         net (fo=0)                   0.000    10.000    clk
    W5                   IBUF (Prop_ibuf_I_O)         1.388    11.388 r  clk_IBUF_inst/O
                         net (fo=1, routed)           1.862    13.250    clk_IBUF
    BUFGCTRL_X0Y0        BUFG (Prop_bufg_I_O)         0.091    13.341 r  clk_IBUF_BUFG_inst/O
                         net (fo=19, routed)          1.436    14.777    U_PWM/clk_IBUF_BUFG
    SLICE_X14Y27         FDRE                                         r  U_PWM/counter_reg[2]/C
                         clock pessimism              0.274    15.051    
                         clock uncertainty           -0.035    15.016    
    SLICE_X14Y27         FDRE (Setup_fdre_C_R)       -0.524    14.492    U_PWM/counter_reg[2]
  -------------------------------------------------------------------
                         required time                         14.492    
                         arrival time                          -8.894    
  -------------------------------------------------------------------
                         slack                                  5.598    

Slack (MET) :             5.598ns  (required time - arrival time)
  Source:                 U_PWM/counter_reg[10]/C
                            (rising edge-triggered cell FDRE clocked by sys_clk_pin  {rise@0.000ns fall@5.000ns period=10.000ns})
  Destination:            U_PWM/counter_reg[3]/R
                            (rising edge-triggered cell FDRE clocked by sys_clk_pin  {rise@0.000ns fall@5.000ns period=10.000ns})
  Path Group:             sys_clk_pin
  Path Type:              Setup (Max at Slow Process Corner)
  Requirement:            10.000ns  (sys_clk_pin rise@10.000ns - sys_clk_pin rise@0.000ns)
  Data Path Delay:        3.817ns  (logic 0.766ns (20.068%)  route 3.051ns (79.932%))
  Logic Levels:           2  (LUT4=1 LUT5=1)
  Clock Path Skew:        -0.026ns (DCD - SCD + CPR)
    Destination Clock Delay (DCD):    4.777ns = ( 14.777 - 10.000 ) 
    Source Clock Delay      (SCD):    5.077ns
    Clock Pessimism Removal (CPR):    0.274ns
  Clock Uncertainty:      0.035ns  ((TSJ^2 + TIJ^2)^1/2 + DJ) / 2 + PE
    Total System Jitter     (TSJ):    0.071ns
    Total Input Jitter      (TIJ):    0.000ns
    Discrete Jitter          (DJ):    0.000ns
    Phase Error              (PE):    0.000ns

    Location             Delay type                Incr(ns)  Path(ns)    Netlist Resource(s)
  -------------------------------------------------------------------    -------------------
                         (clock sys_clk_pin rise edge)
                                                      0.000     0.000 r  
    W5                                                0.000     0.000 r  clk (IN)
                         net (fo=0)                   0.000     0.000    clk
    W5                   IBUF (Prop_ibuf_I_O)         1.458     1.458 r  clk_IBUF_inst/O
                         net (fo=1, routed)           1.967     3.425    clk_IBUF
    BUFGCTRL_X0Y0        BUFG (Prop_bufg_I_O)         0.096     3.521 r  clk_IBUF_BUFG_inst/O
                         net (fo=19, routed)          1.556     5.077    U_PWM/clk_IBUF_BUFG
    SLICE_X14Y29         FDRE                                         r  U_PWM/counter_reg[10]/C
  -------------------------------------------------------------------    -------------------
    SLICE_X14Y29         FDRE (Prop_fdre_C_Q)         0.518     5.595 f  U_PWM/counter_reg[10]/Q
                         net (fo=4, routed)           1.469     7.065    U_PWM/counter_reg[10]
    SLICE_X15Y30         LUT4 (Prop_lut4_I0_O)        0.124     7.189 f  U_PWM/counter[0]_i_6/O
                         net (fo=1, routed)           0.667     7.856    U_PWM/counter[0]_i_6_n_0
    SLICE_X15Y30         LUT5 (Prop_lut5_I4_O)        0.124     7.980 r  U_PWM/counter[0]_i_1/O
                         net (fo=16, routed)          0.915     8.894    U_PWM/counter[0]_i_1_n_0
    SLICE_X14Y27         FDRE                                         r  U_PWM/counter_reg[3]/R
  -------------------------------------------------------------------    -------------------

                         (clock sys_clk_pin rise edge)
                                                     10.000    10.000 r  
    W5                                                0.000    10.000 r  clk (IN)
                         net (fo=0)                   0.000    10.000    clk
    W5                   IBUF (Prop_ibuf_I_O)         1.388    11.388 r  clk_IBUF_inst/O
                         net (fo=1, routed)           1.862    13.250    clk_IBUF
    BUFGCTRL_X0Y0        BUFG (Prop_bufg_I_O)         0.091    13.341 r  clk_IBUF_BUFG_inst/O
                         net (fo=19, routed)          1.436    14.777    U_PWM/clk_IBUF_BUFG
    SLICE_X14Y27         FDRE                                         r  U_PWM/counter_reg[3]/C
                         clock pessimism              0.274    15.051    
                         clock uncertainty           -0.035    15.016    
    SLICE_X14Y27         FDRE (Setup_fdre_C_R)       -0.524    14.492    U_PWM/counter_reg[3]
  -------------------------------------------------------------------
                         required time                         14.492    
                         arrival time                          -8.894    
  -------------------------------------------------------------------
                         slack                                  5.598    

Slack (MET) :             5.645ns  (required time - arrival time)
  Source:                 U_PWM/counter_reg[5]/C
                            (rising edge-triggered cell FDRE clocked by sys_clk_pin  {rise@0.000ns fall@5.000ns period=10.000ns})
  Destination:            U_PWM/pwm_out_reg/D
                            (rising edge-triggered cell FDRE clocked by sys_clk_pin  {rise@0.000ns fall@5.000ns period=10.000ns})
  Path Group:             sys_clk_pin
  Path Type:              Setup (Max at Slow Process Corner)
  Requirement:            10.000ns  (sys_clk_pin rise@10.000ns - sys_clk_pin rise@0.000ns)
  Data Path Delay:        4.365ns  (logic 1.922ns (44.027%)  route 2.443ns (55.973%))
  Logic Levels:           6  (CARRY4=3 LUT2=1 LUT5=1 LUT6=1)
  Clock Path Skew:        -0.035ns (DCD - SCD + CPR)
    Destination Clock Delay (DCD):    4.781ns = ( 14.781 - 10.000 ) 
    Source Clock Delay      (SCD):    5.076ns
    Clock Pessimism Removal (CPR):    0.260ns
  Clock Uncertainty:      0.035ns  ((TSJ^2 + TIJ^2)^1/2 + DJ) / 2 + PE
    Total System Jitter     (TSJ):    0.071ns
    Total Input Jitter      (TIJ):    0.000ns
    Discrete Jitter          (DJ):    0.000ns
    Phase Error              (PE):    0.000ns

    Location             Delay type                Incr(ns)  Path(ns)    Netlist Resource(s)
  -------------------------------------------------------------------    -------------------
                         (clock sys_clk_pin rise edge)
                                                      0.000     0.000 r  
    W5                                                0.000     0.000 r  clk (IN)
                         net (fo=0)                   0.000     0.000    clk
    W5                   IBUF (Prop_ibuf_I_O)         1.458     1.458 r  clk_IBUF_inst/O
                         net (fo=1, routed)           1.967     3.425    clk_IBUF
    BUFGCTRL_X0Y0        BUFG (Prop_bufg_I_O)         0.096     3.521 r  clk_IBUF_BUFG_inst/O
                         net (fo=19, routed)          1.555     5.076    U_PWM/clk_IBUF_BUFG
    SLICE_X14Y28         FDRE                                         r  U_PWM/counter_reg[5]/C
  -------------------------------------------------------------------    -------------------
    SLICE_X14Y28         FDRE (Prop_fdre_C_Q)         0.518     5.594 r  U_PWM/counter_reg[5]/Q
                         net (fo=4, routed)           1.581     7.175    U_PWM/counter_reg[5]
    SLICE_X15Y28         LUT6 (Prop_lut6_I0_O)        0.124     7.299 r  U_PWM/pwm_out0_carry_i_15/O
                         net (fo=1, routed)           0.282     7.581    U_PWM/pwm_out0_carry_i_15_n_0
    SLICE_X13Y28         LUT5 (Prop_lut5_I4_O)        0.124     7.705 r  U_PWM/pwm_out0_carry_i_6/O
                         net (fo=1, routed)           0.000     7.705    U_PWM/pwm_out0_carry_i_6_n_0
    SLICE_X13Y28         CARRY4 (Prop_carry4_S[2]_CO[3])
                                                      0.398     8.103 r  U_PWM/pwm_out0_carry/CO[3]
                         net (fo=1, routed)           0.000     8.103    U_PWM/pwm_out0_carry_n_0
    SLICE_X13Y29         CARRY4 (Prop_carry4_CI_CO[3])
                                                      0.114     8.217 r  U_PWM/pwm_out0_carry__0/CO[3]
                         net (fo=1, routed)           0.000     8.217    U_PWM/pwm_out0_carry__0_n_0
    SLICE_X13Y30         CARRY4 (Prop_carry4_CI_CO[0])
                                                      0.271     8.488 r  U_PWM/pwm_out0_carry__1/CO[0]
                         net (fo=1, routed)           0.580     9.069    U_PWM/p_0_in
    SLICE_X10Y30         LUT2 (Prop_lut2_I0_O)        0.373     9.442 r  U_PWM/pwm_out_i_1/O
                         net (fo=1, routed)           0.000     9.442    U_PWM/pwm_out_i_1_n_0
    SLICE_X10Y30         FDRE                                         r  U_PWM/pwm_out_reg/D
  -------------------------------------------------------------------    -------------------

                         (clock sys_clk_pin rise edge)
                                                     10.000    10.000 r  
    W5                                                0.000    10.000 r  clk (IN)
                         net (fo=0)                   0.000    10.000    clk
    W5                   IBUF (Prop_ibuf_I_O)         1.388    11.388 r  clk_IBUF_inst/O
                         net (fo=1, routed)           1.862    13.250    clk_IBUF
    BUFGCTRL_X0Y0        BUFG (Prop_bufg_I_O)         0.091    13.341 r  clk_IBUF_BUFG_inst/O
                         net (fo=19, routed)          1.440    14.781    U_PWM/clk_IBUF_BUFG
    SLICE_X10Y30         FDRE                                         r  U_PWM/pwm_out_reg/C
                         clock pessimism              0.260    15.041    
                         clock uncertainty           -0.035    15.006    
    SLICE_X10Y30         FDRE (Setup_fdre_C_D)        0.081    15.087    U_PWM/pwm_out_reg
  -------------------------------------------------------------------
                         required time                         15.087    
                         arrival time                          -9.442    
  -------------------------------------------------------------------
                         slack                                  5.645    

Slack (MET) :             5.879ns  (required time - arrival time)
  Source:                 U_PWM/counter_reg[10]/C
                            (rising edge-triggered cell FDRE clocked by sys_clk_pin  {rise@0.000ns fall@5.000ns period=10.000ns})
  Destination:            U_PWM/counter_reg[4]/R
                            (rising edge-triggered cell FDRE clocked by sys_clk_pin  {rise@0.000ns fall@5.000ns period=10.000ns})
  Path Group:             sys_clk_pin
  Path Type:              Setup (Max at Slow Process Corner)
  Requirement:            10.000ns  (sys_clk_pin rise@10.000ns - sys_clk_pin rise@0.000ns)
  Data Path Delay:        3.538ns  (logic 0.766ns (21.653%)  route 2.772ns (78.347%))
  Logic Levels:           2  (LUT4=1 LUT5=1)
  Clock Path Skew:        -0.024ns (DCD - SCD + CPR)
    Destination Clock Delay (DCD):    4.779ns = ( 14.779 - 10.000 ) 
    Source Clock Delay      (SCD):    5.077ns
    Clock Pessimism Removal (CPR):    0.274ns
  Clock Uncertainty:      0.035ns  ((TSJ^2 + TIJ^2)^1/2 + DJ) / 2 + PE
    Total System Jitter     (TSJ):    0.071ns
    Total Input Jitter      (TIJ):    0.000ns
    Discrete Jitter          (DJ):    0.000ns
    Phase Error              (PE):    0.000ns

    Location             Delay type                Incr(ns)  Path(ns)    Netlist Resource(s)
  -------------------------------------------------------------------    -------------------
                         (clock sys_clk_pin rise edge)
                                                      0.000     0.000 r  
    W5                                                0.000     0.000 r  clk (IN)
                         net (fo=0)                   0.000     0.000    clk
    W5                   IBUF (Prop_ibuf_I_O)         1.458     1.458 r  clk_IBUF_inst/O
                         net (fo=1, routed)           1.967     3.425    clk_IBUF
    BUFGCTRL_X0Y0        BUFG (Prop_bufg_I_O)         0.096     3.521 r  clk_IBUF_BUFG_inst/O
                         net (fo=19, routed)          1.556     5.077    U_PWM/clk_IBUF_BUFG
    SLICE_X14Y29         FDRE                                         r  U_PWM/counter_reg[10]/C
  -------------------------------------------------------------------    -------------------
    SLICE_X14Y29         FDRE (Prop_fdre_C_Q)         0.518     5.595 f  U_PWM/counter_reg[10]/Q
                         net (fo=4, routed)           1.469     7.065    U_PWM/counter_reg[10]
    SLICE_X15Y30         LUT4 (Prop_lut4_I0_O)        0.124     7.189 f  U_PWM/counter[0]_i_6/O
                         net (fo=1, routed)           0.667     7.856    U_PWM/counter[0]_i_6_n_0
    SLICE_X15Y30         LUT5 (Prop_lut5_I4_O)        0.124     7.980 r  U_PWM/counter[0]_i_1/O
                         net (fo=16, routed)          0.635     8.615    U_PWM/counter[0]_i_1_n_0
    SLICE_X14Y28         FDRE                                         r  U_PWM/counter_reg[4]/R
  -------------------------------------------------------------------    -------------------

                         (clock sys_clk_pin rise edge)
                                                     10.000    10.000 r  
    W5                                                0.000    10.000 r  clk (IN)
                         net (fo=0)                   0.000    10.000    clk
    W5                   IBUF (Prop_ibuf_I_O)         1.388    11.388 r  clk_IBUF_inst/O
                         net (fo=1, routed)           1.862    13.250    clk_IBUF
    BUFGCTRL_X0Y0        BUFG (Prop_bufg_I_O)         0.091    13.341 r  clk_IBUF_BUFG_inst/O
                         net (fo=19, routed)          1.438    14.779    U_PWM/clk_IBUF_BUFG
    SLICE_X14Y28         FDRE                                         r  U_PWM/counter_reg[4]/C
                         clock pessimism              0.274    15.053    
                         clock uncertainty           -0.035    15.018    
    SLICE_X14Y28         FDRE (Setup_fdre_C_R)       -0.524    14.494    U_PWM/counter_reg[4]
  -------------------------------------------------------------------
                         required time                         14.494    
                         arrival time                          -8.615    
  -------------------------------------------------------------------
                         slack                                  5.879    

Slack (MET) :             5.879ns  (required time - arrival time)
  Source:                 U_PWM/counter_reg[10]/C
                            (rising edge-triggered cell FDRE clocked by sys_clk_pin  {rise@0.000ns fall@5.000ns period=10.000ns})
  Destination:            U_PWM/counter_reg[5]/R
                            (rising edge-triggered cell FDRE clocked by sys_clk_pin  {rise@0.000ns fall@5.000ns period=10.000ns})
  Path Group:             sys_clk_pin
  Path Type:              Setup (Max at Slow Process Corner)
  Requirement:            10.000ns  (sys_clk_pin rise@10.000ns - sys_clk_pin rise@0.000ns)
  Data Path Delay:        3.538ns  (logic 0.766ns (21.653%)  route 2.772ns (78.347%))
  Logic Levels:           2  (LUT4=1 LUT5=1)
  Clock Path Skew:        -0.024ns (DCD - SCD + CPR)
    Destination Clock Delay (DCD):    4.779ns = ( 14.779 - 10.000 ) 
    Source Clock Delay      (SCD):    5.077ns
    Clock Pessimism Removal (CPR):    0.274ns
  Clock Uncertainty:      0.035ns  ((TSJ^2 + TIJ^2)^1/2 + DJ) / 2 + PE
    Total System Jitter     (TSJ):    0.071ns
    Total Input Jitter      (TIJ):    0.000ns
    Discrete Jitter          (DJ):    0.000ns
    Phase Error              (PE):    0.000ns

    Location             Delay type                Incr(ns)  Path(ns)    Netlist Resource(s)
  -------------------------------------------------------------------    -------------------
                         (clock sys_clk_pin rise edge)
                                                      0.000     0.000 r  
    W5                                                0.000     0.000 r  clk (IN)
                         net (fo=0)                   0.000     0.000    clk
    W5                   IBUF (Prop_ibuf_I_O)         1.458     1.458 r  clk_IBUF_inst/O
                         net (fo=1, routed)           1.967     3.425    clk_IBUF
    BUFGCTRL_X0Y0        BUFG (Prop_bufg_I_O)         0.096     3.521 r  clk_IBUF_BUFG_inst/O
                         net (fo=19, routed)          1.556     5.077    U_PWM/clk_IBUF_BUFG
    SLICE_X14Y29         FDRE                                         r  U_PWM/counter_reg[10]/C
  -------------------------------------------------------------------    -------------------
    SLICE_X14Y29         FDRE (Prop_fdre_C_Q)         0.518     5.595 f  U_PWM/counter_reg[10]/Q
                         net (fo=4, routed)           1.469     7.065    U_PWM/counter_reg[10]
    SLICE_X15Y30         LUT4 (Prop_lut4_I0_O)        0.124     7.189 f  U_PWM/counter[0]_i_6/O
                         net (fo=1, routed)           0.667     7.856    U_PWM/counter[0]_i_6_n_0
    SLICE_X15Y30         LUT5 (Prop_lut5_I4_O)        0.124     7.980 r  U_PWM/counter[0]_i_1/O
                         net (fo=16, routed)          0.635     8.615    U_PWM/counter[0]_i_1_n_0
    SLICE_X14Y28         FDRE                                         r  U_PWM/counter_reg[5]/R
  -------------------------------------------------------------------    -------------------

                         (clock sys_clk_pin rise edge)
                                                     10.000    10.000 r  
    W5                                                0.000    10.000 r  clk (IN)
                         net (fo=0)                   0.000    10.000    clk
    W5                   IBUF (Prop_ibuf_I_O)         1.388    11.388 r  clk_IBUF_inst/O
                         net (fo=1, routed)           1.862    13.250    clk_IBUF
    BUFGCTRL_X0Y0        BUFG (Prop_bufg_I_O)         0.091    13.341 r  clk_IBUF_BUFG_inst/O
                         net (fo=19, routed)          1.438    14.779    U_PWM/clk_IBUF_BUFG
    SLICE_X14Y28         FDRE                                         r  U_PWM/counter_reg[5]/C
                         clock pessimism              0.274    15.053    
                         clock uncertainty           -0.035    15.018    
    SLICE_X14Y28         FDRE (Setup_fdre_C_R)       -0.524    14.494    U_PWM/counter_reg[5]
  -------------------------------------------------------------------
                         required time                         14.494    
                         arrival time                          -8.615    
  -------------------------------------------------------------------
                         slack                                  5.879    

Slack (MET) :             5.879ns  (required time - arrival time)
  Source:                 U_PWM/counter_reg[10]/C
                            (rising edge-triggered cell FDRE clocked by sys_clk_pin  {rise@0.000ns fall@5.000ns period=10.000ns})
  Destination:            U_PWM/counter_reg[6]/R
                            (rising edge-triggered cell FDRE clocked by sys_clk_pin  {rise@0.000ns fall@5.000ns period=10.000ns})
  Path Group:             sys_clk_pin
  Path Type:              Setup (Max at Slow Process Corner)
  Requirement:            10.000ns  (sys_clk_pin rise@10.000ns - sys_clk_pin rise@0.000ns)
  Data Path Delay:        3.538ns  (logic 0.766ns (21.653%)  route 2.772ns (78.347%))
  Logic Levels:           2  (LUT4=1 LUT5=1)
  Clock Path Skew:        -0.024ns (DCD - SCD + CPR)
    Destination Clock Delay (DCD):    4.779ns = ( 14.779 - 10.000 ) 
    Source Clock Delay      (SCD):    5.077ns
    Clock Pessimism Removal (CPR):    0.274ns
  Clock Uncertainty:      0.035ns  ((TSJ^2 + TIJ^2)^1/2 + DJ) / 2 + PE
    Total System Jitter     (TSJ):    0.071ns
    Total Input Jitter      (TIJ):    0.000ns
    Discrete Jitter          (DJ):    0.000ns
    Phase Error              (PE):    0.000ns

    Location             Delay type                Incr(ns)  Path(ns)    Netlist Resource(s)
  -------------------------------------------------------------------    -------------------
                         (clock sys_clk_pin rise edge)
                                                      0.000     0.000 r  
    W5                                                0.000     0.000 r  clk (IN)
                         net (fo=0)                   0.000     0.000    clk
    W5                   IBUF (Prop_ibuf_I_O)         1.458     1.458 r  clk_IBUF_inst/O
                         net (fo=1, routed)           1.967     3.425    clk_IBUF
    BUFGCTRL_X0Y0        BUFG (Prop_bufg_I_O)         0.096     3.521 r  clk_IBUF_BUFG_inst/O
                         net (fo=19, routed)          1.556     5.077    U_PWM/clk_IBUF_BUFG
    SLICE_X14Y29         FDRE                                         r  U_PWM/counter_reg[10]/C
  -------------------------------------------------------------------    -------------------
    SLICE_X14Y29         FDRE (Prop_fdre_C_Q)         0.518     5.595 f  U_PWM/counter_reg[10]/Q
                         net (fo=4, routed)           1.469     7.065    U_PWM/counter_reg[10]
    SLICE_X15Y30         LUT4 (Prop_lut4_I0_O)        0.124     7.189 f  U_PWM/counter[0]_i_6/O
                         net (fo=1, routed)           0.667     7.856    U_PWM/counter[0]_i_6_n_0
    SLICE_X15Y30         LUT5 (Prop_lut5_I4_O)        0.124     7.980 r  U_PWM/counter[0]_i_1/O
                         net (fo=16, routed)          0.635     8.615    U_PWM/counter[0]_i_1_n_0
    SLICE_X14Y28         FDRE                                         r  U_PWM/counter_reg[6]/R
  -------------------------------------------------------------------    -------------------

                         (clock sys_clk_pin rise edge)
                                                     10.000    10.000 r  
    W5                                                0.000    10.000 r  clk (IN)
                         net (fo=0)                   0.000    10.000    clk
    W5                   IBUF (Prop_ibuf_I_O)         1.388    11.388 r  clk_IBUF_inst/O
                         net (fo=1, routed)           1.862    13.250    clk_IBUF
    BUFGCTRL_X0Y0        BUFG (Prop_bufg_I_O)         0.091    13.341 r  clk_IBUF_BUFG_inst/O
                         net (fo=19, routed)          1.438    14.779    U_PWM/clk_IBUF_BUFG
    SLICE_X14Y28         FDRE                                         r  U_PWM/counter_reg[6]/C
                         clock pessimism              0.274    15.053    
                         clock uncertainty           -0.035    15.018    
    SLICE_X14Y28         FDRE (Setup_fdre_C_R)       -0.524    14.494    U_PWM/counter_reg[6]
  -------------------------------------------------------------------
                         required time                         14.494    
                         arrival time                          -8.615    
  -------------------------------------------------------------------
                         slack                                  5.879    

Slack (MET) :             5.879ns  (required time - arrival time)
  Source:                 U_PWM/counter_reg[10]/C
                            (rising edge-triggered cell FDRE clocked by sys_clk_pin  {rise@0.000ns fall@5.000ns period=10.000ns})
  Destination:            U_PWM/counter_reg[7]/R
                            (rising edge-triggered cell FDRE clocked by sys_clk_pin  {rise@0.000ns fall@5.000ns period=10.000ns})
  Path Group:             sys_clk_pin
  Path Type:              Setup (Max at Slow Process Corner)
  Requirement:            10.000ns  (sys_clk_pin rise@10.000ns - sys_clk_pin rise@0.000ns)
  Data Path Delay:        3.538ns  (logic 0.766ns (21.653%)  route 2.772ns (78.347%))
  Logic Levels:           2  (LUT4=1 LUT5=1)
  Clock Path Skew:        -0.024ns (DCD - SCD + CPR)
    Destination Clock Delay (DCD):    4.779ns = ( 14.779 - 10.000 ) 
    Source Clock Delay      (SCD):    5.077ns
    Clock Pessimism Removal (CPR):    0.274ns
  Clock Uncertainty:      0.035ns  ((TSJ^2 + TIJ^2)^1/2 + DJ) / 2 + PE
    Total System Jitter     (TSJ):    0.071ns
    Total Input Jitter      (TIJ):    0.000ns
    Discrete Jitter          (DJ):    0.000ns
    Phase Error              (PE):    0.000ns

    Location             Delay type                Incr(ns)  Path(ns)    Netlist Resource(s)
  -------------------------------------------------------------------    -------------------
                         (clock sys_clk_pin rise edge)
                                                      0.000     0.000 r  
    W5                                                0.000     0.000 r  clk (IN)
                         net (fo=0)                   0.000     0.000    clk
    W5                   IBUF (Prop_ibuf_I_O)         1.458     1.458 r  clk_IBUF_inst/O
                         net (fo=1, routed)           1.967     3.425    clk_IBUF
    BUFGCTRL_X0Y0        BUFG (Prop_bufg_I_O)         0.096     3.521 r  clk_IBUF_BUFG_inst/O
                         net (fo=19, routed)          1.556     5.077    U_PWM/clk_IBUF_BUFG
    SLICE_X14Y29         FDRE                                         r  U_PWM/counter_reg[10]/C
  -------------------------------------------------------------------    -------------------
    SLICE_X14Y29         FDRE (Prop_fdre_C_Q)         0.518     5.595 f  U_PWM/counter_reg[10]/Q
                         net (fo=4, routed)           1.469     7.065    U_PWM/counter_reg[10]
    SLICE_X15Y30         LUT4 (Prop_lut4_I0_O)        0.124     7.189 f  U_PWM/counter[0]_i_6/O
                         net (fo=1, routed)           0.667     7.856    U_PWM/counter[0]_i_6_n_0
    SLICE_X15Y30         LUT5 (Prop_lut5_I4_O)        0.124     7.980 r  U_PWM/counter[0]_i_1/O
                         net (fo=16, routed)          0.635     8.615    U_PWM/counter[0]_i_1_n_0
    SLICE_X14Y28         FDRE                                         r  U_PWM/counter_reg[7]/R
  -------------------------------------------------------------------    -------------------

                         (clock sys_clk_pin rise edge)
                                                     10.000    10.000 r  
    W5                                                0.000    10.000 r  clk (IN)
                         net (fo=0)                   0.000    10.000    clk
    W5                   IBUF (Prop_ibuf_I_O)         1.388    11.388 r  clk_IBUF_inst/O
                         net (fo=1, routed)           1.862    13.250    clk_IBUF
    BUFGCTRL_X0Y0        BUFG (Prop_bufg_I_O)         0.091    13.341 r  clk_IBUF_BUFG_inst/O
                         net (fo=19, routed)          1.438    14.779    U_PWM/clk_IBUF_BUFG
    SLICE_X14Y28         FDRE                                         r  U_PWM/counter_reg[7]/C
                         clock pessimism              0.274    15.053    
                         clock uncertainty           -0.035    15.018    
    SLICE_X14Y28         FDRE (Setup_fdre_C_R)       -0.524    14.494    U_PWM/counter_reg[7]
  -------------------------------------------------------------------
                         required time                         14.494    
                         arrival time                          -8.615    
  -------------------------------------------------------------------
                         slack                                  5.879    

Slack (MET) :             5.893ns  (required time - arrival time)
  Source:                 U_PWM/counter_reg[10]/C
                            (rising edge-triggered cell FDRE clocked by sys_clk_pin  {rise@0.000ns fall@5.000ns period=10.000ns})
  Destination:            U_PWM/counter_reg[12]/R
                            (rising edge-triggered cell FDRE clocked by sys_clk_pin  {rise@0.000ns fall@5.000ns period=10.000ns})
  Path Group:             sys_clk_pin
  Path Type:              Setup (Max at Slow Process Corner)
  Requirement:            10.000ns  (sys_clk_pin rise@10.000ns - sys_clk_pin rise@0.000ns)
  Data Path Delay:        3.525ns  (logic 0.766ns (21.731%)  route 2.759ns (78.269%))
  Logic Levels:           2  (LUT4=1 LUT5=1)
  Clock Path Skew:        -0.023ns (DCD - SCD + CPR)
    Destination Clock Delay (DCD):    4.780ns = ( 14.780 - 10.000 ) 
    Source Clock Delay      (SCD):    5.077ns
    Clock Pessimism Removal (CPR):    0.274ns
  Clock Uncertainty:      0.035ns  ((TSJ^2 + TIJ^2)^1/2 + DJ) / 2 + PE
    Total System Jitter     (TSJ):    0.071ns
    Total Input Jitter      (TIJ):    0.000ns
    Discrete Jitter          (DJ):    0.000ns
    Phase Error              (PE):    0.000ns

    Location             Delay type                Incr(ns)  Path(ns)    Netlist Resource(s)
  -------------------------------------------------------------------    -------------------
                         (clock sys_clk_pin rise edge)
                                                      0.000     0.000 r  
    W5                                                0.000     0.000 r  clk (IN)
                         net (fo=0)                   0.000     0.000    clk
    W5                   IBUF (Prop_ibuf_I_O)         1.458     1.458 r  clk_IBUF_inst/O
                         net (fo=1, routed)           1.967     3.425    clk_IBUF
    BUFGCTRL_X0Y0        BUFG (Prop_bufg_I_O)         0.096     3.521 r  clk_IBUF_BUFG_inst/O
                         net (fo=19, routed)          1.556     5.077    U_PWM/clk_IBUF_BUFG
    SLICE_X14Y29         FDRE                                         r  U_PWM/counter_reg[10]/C
  -------------------------------------------------------------------    -------------------
    SLICE_X14Y29         FDRE (Prop_fdre_C_Q)         0.518     5.595 f  U_PWM/counter_reg[10]/Q
                         net (fo=4, routed)           1.469     7.065    U_PWM/counter_reg[10]
    SLICE_X15Y30         LUT4 (Prop_lut4_I0_O)        0.124     7.189 f  U_PWM/counter[0]_i_6/O
                         net (fo=1, routed)           0.667     7.856    U_PWM/counter[0]_i_6_n_0
    SLICE_X15Y30         LUT5 (Prop_lut5_I4_O)        0.124     7.980 r  U_PWM/counter[0]_i_1/O
                         net (fo=16, routed)          0.623     8.602    U_PWM/counter[0]_i_1_n_0
    SLICE_X14Y30         FDRE                                         r  U_PWM/counter_reg[12]/R
  -------------------------------------------------------------------    -------------------

                         (clock sys_clk_pin rise edge)
                                                     10.000    10.000 r  
    W5                                                0.000    10.000 r  clk (IN)
                         net (fo=0)                   0.000    10.000    clk
    W5                   IBUF (Prop_ibuf_I_O)         1.388    11.388 r  clk_IBUF_inst/O
                         net (fo=1, routed)           1.862    13.250    clk_IBUF
    BUFGCTRL_X0Y0        BUFG (Prop_bufg_I_O)         0.091    13.341 r  clk_IBUF_BUFG_inst/O
                         net (fo=19, routed)          1.439    14.780    U_PWM/clk_IBUF_BUFG
    SLICE_X14Y30         FDRE                                         r  U_PWM/counter_reg[12]/C
                         clock pessimism              0.274    15.054    
                         clock uncertainty           -0.035    15.019    
    SLICE_X14Y30         FDRE (Setup_fdre_C_R)       -0.524    14.495    U_PWM/counter_reg[12]
  -------------------------------------------------------------------
                         required time                         14.495    
                         arrival time                          -8.602    
  -------------------------------------------------------------------
                         slack                                  5.893    





Min Delay Paths
--------------------------------------------------------------------------------------
Slack (MET) :             0.324ns  (arrival time - required time)
  Source:                 U_PWM/counter_reg[11]/C
                            (rising edge-triggered cell FDRE clocked by sys_clk_pin  {rise@0.000ns fall@5.000ns period=10.000ns})
  Destination:            U_PWM/counter_reg[11]/D
                            (rising edge-triggered cell FDRE clocked by sys_clk_pin  {rise@0.000ns fall@5.000ns period=10.000ns})
  Path Group:             sys_clk_pin
  Path Type:              Hold (Min at Fast Process Corner)
  Requirement:            0.000ns  (sys_clk_pin rise@0.000ns - sys_clk_pin rise@0.000ns)
  Data Path Delay:        0.458ns  (logic 0.273ns (59.635%)  route 0.185ns (40.365%))
  Logic Levels:           1  (CARRY4=1)
  Clock Path Skew:        0.000ns (DCD - SCD - CPR)
    Destination Clock Delay (DCD):    1.952ns
    Source Clock Delay      (SCD):    1.440ns
    Clock Pessimism Removal (CPR):    0.512ns

    Location             Delay type                Incr(ns)  Path(ns)    Netlist Resource(s)
  -------------------------------------------------------------------    -------------------
                         (clock sys_clk_pin rise edge)
                                                      0.000     0.000 r  
    W5                                                0.000     0.000 r  clk (IN)
                         net (fo=0)                   0.000     0.000    clk
    W5                   IBUF (Prop_ibuf_I_O)         0.226     0.226 r  clk_IBUF_inst/O
                         net (fo=1, routed)           0.631     0.858    clk_IBUF
    BUFGCTRL_X0Y0        BUFG (Prop_bufg_I_O)         0.026     0.884 r  clk_IBUF_BUFG_inst/O
                         net (fo=19, routed)          0.557     1.440    U_PWM/clk_IBUF_BUFG
    SLICE_X14Y29         FDRE                                         r  U_PWM/counter_reg[11]/C
  -------------------------------------------------------------------    -------------------
    SLICE_X14Y29         FDRE (Prop_fdre_C_Q)         0.164     1.604 r  U_PWM/counter_reg[11]/Q
                         net (fo=4, routed)           0.185     1.789    U_PWM/counter_reg[11]
    SLICE_X14Y29         CARRY4 (Prop_carry4_S[3]_O[3])
                                                      0.109     1.898 r  U_PWM/counter_reg[8]_i_1/O[3]
                         net (fo=1, routed)           0.000     1.898    U_PWM/counter_reg[8]_i_1_n_4
    SLICE_X14Y29         FDRE                                         r  U_PWM/counter_reg[11]/D
  -------------------------------------------------------------------    -------------------

                         (clock sys_clk_pin rise edge)
                                                      0.000     0.000 r  
    W5                                                0.000     0.000 r  clk (IN)
                         net (fo=0)                   0.000     0.000    clk
    W5                   IBUF (Prop_ibuf_I_O)         0.414     0.414 r  clk_IBUF_inst/O
                         net (fo=1, routed)           0.685     1.099    clk_IBUF
    BUFGCTRL_X0Y0        BUFG (Prop_bufg_I_O)         0.029     1.128 r  clk_IBUF_BUFG_inst/O
                         net (fo=19, routed)          0.825     1.952    U_PWM/clk_IBUF_BUFG
    SLICE_X14Y29         FDRE                                         r  U_PWM/counter_reg[11]/C
                         clock pessimism             -0.512     1.440    
    SLICE_X14Y29         FDRE (Hold_fdre_C_D)         0.134     1.574    U_PWM/counter_reg[11]
  -------------------------------------------------------------------
                         required time                         -1.574    
                         arrival time                           1.898    
  -------------------------------------------------------------------
                         slack                                  0.324    

Slack (MET) :             0.324ns  (arrival time - required time)
  Source:                 U_PWM/counter_reg[15]/C
                            (rising edge-triggered cell FDRE clocked by sys_clk_pin  {rise@0.000ns fall@5.000ns period=10.000ns})
  Destination:            U_PWM/counter_reg[15]/D
                            (rising edge-triggered cell FDRE clocked by sys_clk_pin  {rise@0.000ns fall@5.000ns period=10.000ns})
  Path Group:             sys_clk_pin
  Path Type:              Hold (Min at Fast Process Corner)
  Requirement:            0.000ns  (sys_clk_pin rise@0.000ns - sys_clk_pin rise@0.000ns)
  Data Path Delay:        0.458ns  (logic 0.273ns (59.555%)  route 0.185ns (40.445%))
  Logic Levels:           1  (CARRY4=1)
  Clock Path Skew:        0.000ns (DCD - SCD - CPR)
    Destination Clock Delay (DCD):    1.953ns
    Source Clock Delay      (SCD):    1.441ns
    Clock Pessimism Removal (CPR):    0.512ns

    Location             Delay type                Incr(ns)  Path(ns)    Netlist Resource(s)
  -------------------------------------------------------------------    -------------------
                         (clock sys_clk_pin rise edge)
                                                      0.000     0.000 r  
    W5                                                0.000     0.000 r  clk (IN)
                         net (fo=0)                   0.000     0.000    clk
    W5                   IBUF (Prop_ibuf_I_O)         0.226     0.226 r  clk_IBUF_inst/O
                         net (fo=1, routed)           0.631     0.858    clk_IBUF
    BUFGCTRL_X0Y0        BUFG (Prop_bufg_I_O)         0.026     0.884 r  clk_IBUF_BUFG_inst/O
                         net (fo=19, routed)          0.558     1.441    U_PWM/clk_IBUF_BUFG
    SLICE_X14Y30         FDRE                                         r  U_PWM/counter_reg[15]/C
  -------------------------------------------------------------------    -------------------
    SLICE_X14Y30         FDRE (Prop_fdre_C_Q)         0.164     1.605 r  U_PWM/counter_reg[15]/Q
                         net (fo=4, routed)           0.185     1.791    U_PWM/counter_reg[15]
    SLICE_X14Y30         CARRY4 (Prop_carry4_S[3]_O[3])
                                                      0.109     1.900 r  U_PWM/counter_reg[12]_i_1/O[3]
                         net (fo=1, routed)           0.000     1.900    U_PWM/counter_reg[12]_i_1_n_4
    SLICE_X14Y30         FDRE                                         r  U_PWM/counter_reg[15]/D
  -------------------------------------------------------------------    -------------------

                         (clock sys_clk_pin rise edge)
                                                      0.000     0.000 r  
    W5                                                0.000     0.000 r  clk (IN)
                         net (fo=0)                   0.000     0.000    clk
    W5                   IBUF (Prop_ibuf_I_O)         0.414     0.414 r  clk_IBUF_inst/O
                         net (fo=1, routed)           0.685     1.099    clk_IBUF
    BUFGCTRL_X0Y0        BUFG (Prop_bufg_I_O)         0.029     1.128 r  clk_IBUF_BUFG_inst/O
                         net (fo=19, routed)          0.826     1.953    U_PWM/clk_IBUF_BUFG
    SLICE_X14Y30         FDRE                                         r  U_PWM/counter_reg[15]/C
                         clock pessimism             -0.512     1.441    
    SLICE_X14Y30         FDRE (Hold_fdre_C_D)         0.134     1.575    U_PWM/counter_reg[15]
  -------------------------------------------------------------------
                         required time                         -1.575    
                         arrival time                           1.900    
  -------------------------------------------------------------------
                         slack                                  0.324    

Slack (MET) :             0.331ns  (arrival time - required time)
  Source:                 U_PWM/counter_reg[0]/C
                            (rising edge-triggered cell FDRE clocked by sys_clk_pin  {rise@0.000ns fall@5.000ns period=10.000ns})
  Destination:            U_PWM/counter_reg[0]/D
                            (rising edge-triggered cell FDRE clocked by sys_clk_pin  {rise@0.000ns fall@5.000ns period=10.000ns})
  Path Group:             sys_clk_pin
  Path Type:              Hold (Min at Fast Process Corner)
  Requirement:            0.000ns  (sys_clk_pin rise@0.000ns - sys_clk_pin rise@0.000ns)
  Data Path Delay:        0.465ns  (logic 0.279ns (59.948%)  route 0.186ns (40.052%))
  Logic Levels:           2  (CARRY4=1 LUT1=1)
  Clock Path Skew:        0.000ns (DCD - SCD - CPR)
    Destination Clock Delay (DCD):    1.950ns
    Source Clock Delay      (SCD):    1.439ns
    Clock Pessimism Removal (CPR):    0.511ns

    Location             Delay type                Incr(ns)  Path(ns)    Netlist Resource(s)
  -------------------------------------------------------------------    -------------------
                         (clock sys_clk_pin rise edge)
                                                      0.000     0.000 r  
    W5                                                0.000     0.000 r  clk (IN)
                         net (fo=0)                   0.000     0.000    clk
    W5                   IBUF (Prop_ibuf_I_O)         0.226     0.226 r  clk_IBUF_inst/O
                         net (fo=1, routed)           0.631     0.858    clk_IBUF
    BUFGCTRL_X0Y0        BUFG (Prop_bufg_I_O)         0.026     0.884 r  clk_IBUF_BUFG_inst/O
                         net (fo=19, routed)          0.556     1.439    U_PWM/clk_IBUF_BUFG
    SLICE_X14Y27         FDRE                                         r  U_PWM/counter_reg[0]/C
  -------------------------------------------------------------------    -------------------
    SLICE_X14Y27         FDRE (Prop_fdre_C_Q)         0.164     1.603 f  U_PWM/counter_reg[0]/Q
                         net (fo=4, routed)           0.186     1.790    U_PWM/counter_reg[0]
    SLICE_X14Y27         LUT1 (Prop_lut1_I0_O)        0.045     1.835 r  U_PWM/counter[0]_i_7/O
                         net (fo=1, routed)           0.000     1.835    U_PWM/counter[0]_i_7_n_0
    SLICE_X14Y27         CARRY4 (Prop_carry4_S[0]_O[0])
                                                      0.070     1.905 r  U_PWM/counter_reg[0]_i_2/O[0]
                         net (fo=1, routed)           0.000     1.905    U_PWM/counter_reg[0]_i_2_n_7
    SLICE_X14Y27         FDRE                                         r  U_PWM/counter_reg[0]/D
  -------------------------------------------------------------------    -------------------

                         (clock sys_clk_pin rise edge)
                                                      0.000     0.000 r  
    W5                                                0.000     0.000 r  clk (IN)
                         net (fo=0)                   0.000     0.000    clk
    W5                   IBUF (Prop_ibuf_I_O)         0.414     0.414 r  clk_IBUF_inst/O
                         net (fo=1, routed)           0.685     1.099    clk_IBUF
    BUFGCTRL_X0Y0        BUFG (Prop_bufg_I_O)         0.029     1.128 r  clk_IBUF_BUFG_inst/O
                         net (fo=19, routed)          0.823     1.950    U_PWM/clk_IBUF_BUFG
    SLICE_X14Y27         FDRE                                         r  U_PWM/counter_reg[0]/C
                         clock pessimism             -0.511     1.439    
    SLICE_X14Y27         FDRE (Hold_fdre_C_D)         0.134     1.573    U_PWM/counter_reg[0]
  -------------------------------------------------------------------
                         required time                         -1.573    
                         arrival time                           1.905    
  -------------------------------------------------------------------
                         slack                                  0.331    

Slack (MET) :             0.335ns  (arrival time - required time)
  Source:                 U_PWM/counter_reg[3]/C
                            (rising edge-triggered cell FDRE clocked by sys_clk_pin  {rise@0.000ns fall@5.000ns period=10.000ns})
  Destination:            U_PWM/counter_reg[3]/D
                            (rising edge-triggered cell FDRE clocked by sys_clk_pin  {rise@0.000ns fall@5.000ns period=10.000ns})
  Path Group:             sys_clk_pin
  Path Type:              Hold (Min at Fast Process Corner)
  Requirement:            0.000ns  (sys_clk_pin rise@0.000ns - sys_clk_pin rise@0.000ns)
  Data Path Delay:        0.469ns  (logic 0.273ns (58.223%)  route 0.196ns (41.777%))
  Logic Levels:           1  (CARRY4=1)
  Clock Path Skew:        0.000ns (DCD - SCD - CPR)
    Destination Clock Delay (DCD):    1.950ns
    Source Clock Delay      (SCD):    1.439ns
    Clock Pessimism Removal (CPR):    0.511ns

    Location             Delay type                Incr(ns)  Path(ns)    Netlist Resource(s)
  -------------------------------------------------------------------    -------------------
                         (clock sys_clk_pin rise edge)
                                                      0.000     0.000 r  
    W5                                                0.000     0.000 r  clk (IN)
                         net (fo=0)                   0.000     0.000    clk
    W5                   IBUF (Prop_ibuf_I_O)         0.226     0.226 r  clk_IBUF_inst/O
                         net (fo=1, routed)           0.631     0.858    clk_IBUF
    BUFGCTRL_X0Y0        BUFG (Prop_bufg_I_O)         0.026     0.884 r  clk_IBUF_BUFG_inst/O
                         net (fo=19, routed)          0.556     1.439    U_PWM/clk_IBUF_BUFG
    SLICE_X14Y27         FDRE                                         r  U_PWM/counter_reg[3]/C
  -------------------------------------------------------------------    -------------------
    SLICE_X14Y27         FDRE (Prop_fdre_C_Q)         0.164     1.603 r  U_PWM/counter_reg[3]/Q
                         net (fo=4, routed)           0.196     1.799    U_PWM/counter_reg[3]
    SLICE_X14Y27         CARRY4 (Prop_carry4_S[3]_O[3])
                                                      0.109     1.908 r  U_PWM/counter_reg[0]_i_2/O[3]
                         net (fo=1, routed)           0.000     1.908    U_PWM/counter_reg[0]_i_2_n_4
    SLICE_X14Y27         FDRE                                         r  U_PWM/counter_reg[3]/D
  -------------------------------------------------------------------    -------------------

                         (clock sys_clk_pin rise edge)
                                                      0.000     0.000 r  
    W5                                                0.000     0.000 r  clk (IN)
                         net (fo=0)                   0.000     0.000    clk
    W5                   IBUF (Prop_ibuf_I_O)         0.414     0.414 r  clk_IBUF_inst/O
                         net (fo=1, routed)           0.685     1.099    clk_IBUF
    BUFGCTRL_X0Y0        BUFG (Prop_bufg_I_O)         0.029     1.128 r  clk_IBUF_BUFG_inst/O
                         net (fo=19, routed)          0.823     1.950    U_PWM/clk_IBUF_BUFG
    SLICE_X14Y27         FDRE                                         r  U_PWM/counter_reg[3]/C
                         clock pessimism             -0.511     1.439    
    SLICE_X14Y27         FDRE (Hold_fdre_C_D)         0.134     1.573    U_PWM/counter_reg[3]
  -------------------------------------------------------------------
                         required time                         -1.573    
                         arrival time                           1.908    
  -------------------------------------------------------------------
                         slack                                  0.335    

Slack (MET) :             0.347ns  (arrival time - required time)
  Source:                 U_PWM/counter_reg[4]/C
                            (rising edge-triggered cell FDRE clocked by sys_clk_pin  {rise@0.000ns fall@5.000ns period=10.000ns})
  Destination:            U_PWM/counter_reg[4]/D
                            (rising edge-triggered cell FDRE clocked by sys_clk_pin  {rise@0.000ns fall@5.000ns period=10.000ns})
  Path Group:             sys_clk_pin
  Path Type:              Hold (Min at Fast Process Corner)
  Requirement:            0.000ns  (sys_clk_pin rise@0.000ns - sys_clk_pin rise@0.000ns)
  Data Path Delay:        0.481ns  (logic 0.279ns (58.054%)  route 0.202ns (41.946%))
  Logic Levels:           1  (CARRY4=1)
  Clock Path Skew:        0.000ns (DCD - SCD - CPR)
    Destination Clock Delay (DCD):    1.951ns
    Source Clock Delay      (SCD):    1.439ns
    Clock Pessimism Removal (CPR):    0.512ns

    Location             Delay type                Incr(ns)  Path(ns)    Netlist Resource(s)
  -------------------------------------------------------------------    -------------------
                         (clock sys_clk_pin rise edge)
                                                      0.000     0.000 r  
    W5                                                0.000     0.000 r  clk (IN)
                         net (fo=0)                   0.000     0.000    clk
    W5                   IBUF (Prop_ibuf_I_O)         0.226     0.226 r  clk_IBUF_inst/O
                         net (fo=1, routed)           0.631     0.858    clk_IBUF
    BUFGCTRL_X0Y0        BUFG (Prop_bufg_I_O)         0.026     0.884 r  clk_IBUF_BUFG_inst/O
                         net (fo=19, routed)          0.556     1.439    U_PWM/clk_IBUF_BUFG
    SLICE_X14Y28         FDRE                                         r  U_PWM/counter_reg[4]/C
  -------------------------------------------------------------------    -------------------
    SLICE_X14Y28         FDRE (Prop_fdre_C_Q)         0.164     1.603 r  U_PWM/counter_reg[4]/Q
                         net (fo=4, routed)           0.202     1.805    U_PWM/counter_reg[4]
    SLICE_X14Y28         CARRY4 (Prop_carry4_S[0]_O[0])
                                                      0.115     1.920 r  U_PWM/counter_reg[4]_i_1/O[0]
                         net (fo=1, routed)           0.000     1.920    U_PWM/counter_reg[4]_i_1_n_7
    SLICE_X14Y28         FDRE                                         r  U_PWM/counter_reg[4]/D
  -------------------------------------------------------------------    -------------------

                         (clock sys_clk_pin rise edge)
                                                      0.000     0.000 r  
    W5                                                0.000     0.000 r  clk (IN)
                         net (fo=0)                   0.000     0.000    clk
    W5                   IBUF (Prop_ibuf_I_O)         0.414     0.414 r  clk_IBUF_inst/O
                         net (fo=1, routed)           0.685     1.099    clk_IBUF
    BUFGCTRL_X0Y0        BUFG (Prop_bufg_I_O)         0.029     1.128 r  clk_IBUF_BUFG_inst/O
                         net (fo=19, routed)          0.824     1.951    U_PWM/clk_IBUF_BUFG
    SLICE_X14Y28         FDRE                                         r  U_PWM/counter_reg[4]/C
                         clock pessimism             -0.512     1.439    
    SLICE_X14Y28         FDRE (Hold_fdre_C_D)         0.134     1.573    U_PWM/counter_reg[4]
  -------------------------------------------------------------------
                         required time                         -1.573    
                         arrival time                           1.920    
  -------------------------------------------------------------------
                         slack                                  0.347    

Slack (MET) :             0.366ns  (arrival time - required time)
  Source:                 U_PWM/counter_reg[0]/C
                            (rising edge-triggered cell FDRE clocked by sys_clk_pin  {rise@0.000ns fall@5.000ns period=10.000ns})
  Destination:            U_PWM/counter_reg[1]/D
                            (rising edge-triggered cell FDRE clocked by sys_clk_pin  {rise@0.000ns fall@5.000ns period=10.000ns})
  Path Group:             sys_clk_pin
  Path Type:              Hold (Min at Fast Process Corner)
  Requirement:            0.000ns  (sys_clk_pin rise@0.000ns - sys_clk_pin rise@0.000ns)
  Data Path Delay:        0.500ns  (logic 0.314ns (62.749%)  route 0.186ns (37.251%))
  Logic Levels:           2  (CARRY4=1 LUT1=1)
  Clock Path Skew:        0.000ns (DCD - SCD - CPR)
    Destination Clock Delay (DCD):    1.950ns
    Source Clock Delay      (SCD):    1.439ns
    Clock Pessimism Removal (CPR):    0.511ns

    Location             Delay type                Incr(ns)  Path(ns)    Netlist Resource(s)
  -------------------------------------------------------------------    -------------------
                         (clock sys_clk_pin rise edge)
                                                      0.000     0.000 r  
    W5                                                0.000     0.000 r  clk (IN)
                         net (fo=0)                   0.000     0.000    clk
    W5                   IBUF (Prop_ibuf_I_O)         0.226     0.226 r  clk_IBUF_inst/O
                         net (fo=1, routed)           0.631     0.858    clk_IBUF
    BUFGCTRL_X0Y0        BUFG (Prop_bufg_I_O)         0.026     0.884 r  clk_IBUF_BUFG_inst/O
                         net (fo=19, routed)          0.556     1.439    U_PWM/clk_IBUF_BUFG
    SLICE_X14Y27         FDRE                                         r  U_PWM/counter_reg[0]/C
  -------------------------------------------------------------------    -------------------
    SLICE_X14Y27         FDRE (Prop_fdre_C_Q)         0.164     1.603 f  U_PWM/counter_reg[0]/Q
                         net (fo=4, routed)           0.186     1.790    U_PWM/counter_reg[0]
    SLICE_X14Y27         LUT1 (Prop_lut1_I0_O)        0.045     1.835 r  U_PWM/counter[0]_i_7/O
                         net (fo=1, routed)           0.000     1.835    U_PWM/counter[0]_i_7_n_0
    SLICE_X14Y27         CARRY4 (Prop_carry4_S[0]_O[1])
                                                      0.105     1.940 r  U_PWM/counter_reg[0]_i_2/O[1]
                         net (fo=1, routed)           0.000     1.940    U_PWM/counter_reg[0]_i_2_n_6
    SLICE_X14Y27         FDRE                                         r  U_PWM/counter_reg[1]/D
  -------------------------------------------------------------------    -------------------

                         (clock sys_clk_pin rise edge)
                                                      0.000     0.000 r  
    W5                                                0.000     0.000 r  clk (IN)
                         net (fo=0)                   0.000     0.000    clk
    W5                   IBUF (Prop_ibuf_I_O)         0.414     0.414 r  clk_IBUF_inst/O
                         net (fo=1, routed)           0.685     1.099    clk_IBUF
    BUFGCTRL_X0Y0        BUFG (Prop_bufg_I_O)         0.029     1.128 r  clk_IBUF_BUFG_inst/O
                         net (fo=19, routed)          0.823     1.950    U_PWM/clk_IBUF_BUFG
    SLICE_X14Y27         FDRE                                         r  U_PWM/counter_reg[1]/C
                         clock pessimism             -0.511     1.439    
    SLICE_X14Y27         FDRE (Hold_fdre_C_D)         0.134     1.573    U_PWM/counter_reg[1]
  -------------------------------------------------------------------
                         required time                         -1.573    
                         arrival time                           1.940    
  -------------------------------------------------------------------
                         slack                                  0.366    

Slack (MET) :             0.368ns  (arrival time - required time)
  Source:                 U_PWM/counter_reg[7]/C
                            (rising edge-triggered cell FDRE clocked by sys_clk_pin  {rise@0.000ns fall@5.000ns period=10.000ns})
  Destination:            U_PWM/counter_reg[7]/D
                            (rising edge-triggered cell FDRE clocked by sys_clk_pin  {rise@0.000ns fall@5.000ns period=10.000ns})
  Path Group:             sys_clk_pin
  Path Type:              Hold (Min at Fast Process Corner)
  Requirement:            0.000ns  (sys_clk_pin rise@0.000ns - sys_clk_pin rise@0.000ns)
  Data Path Delay:        0.502ns  (logic 0.273ns (54.434%)  route 0.229ns (45.566%))
  Logic Levels:           1  (CARRY4=1)
  Clock Path Skew:        0.000ns (DCD - SCD - CPR)
    Destination Clock Delay (DCD):    1.951ns
    Source Clock Delay      (SCD):    1.439ns
    Clock Pessimism Removal (CPR):    0.512ns

    Location             Delay type                Incr(ns)  Path(ns)    Netlist Resource(s)
  -------------------------------------------------------------------    -------------------
                         (clock sys_clk_pin rise edge)
                                                      0.000     0.000 r  
    W5                                                0.000     0.000 r  clk (IN)
                         net (fo=0)                   0.000     0.000    clk
    W5                   IBUF (Prop_ibuf_I_O)         0.226     0.226 r  clk_IBUF_inst/O
                         net (fo=1, routed)           0.631     0.858    clk_IBUF
    BUFGCTRL_X0Y0        BUFG (Prop_bufg_I_O)         0.026     0.884 r  clk_IBUF_BUFG_inst/O
                         net (fo=19, routed)          0.556     1.439    U_PWM/clk_IBUF_BUFG
    SLICE_X14Y28         FDRE                                         r  U_PWM/counter_reg[7]/C
  -------------------------------------------------------------------    -------------------
    SLICE_X14Y28         FDRE (Prop_fdre_C_Q)         0.164     1.603 r  U_PWM/counter_reg[7]/Q
                         net (fo=4, routed)           0.229     1.832    U_PWM/counter_reg[7]
    SLICE_X14Y28         CARRY4 (Prop_carry4_S[3]_O[3])
                                                      0.109     1.941 r  U_PWM/counter_reg[4]_i_1/O[3]
                         net (fo=1, routed)           0.000     1.941    U_PWM/counter_reg[4]_i_1_n_4
    SLICE_X14Y28         FDRE                                         r  U_PWM/counter_reg[7]/D
  -------------------------------------------------------------------    -------------------

                         (clock sys_clk_pin rise edge)
                                                      0.000     0.000 r  
    W5                                                0.000     0.000 r  clk (IN)
                         net (fo=0)                   0.000     0.000    clk
    W5                   IBUF (Prop_ibuf_I_O)         0.414     0.414 r  clk_IBUF_inst/O
                         net (fo=1, routed)           0.685     1.099    clk_IBUF
    BUFGCTRL_X0Y0        BUFG (Prop_bufg_I_O)         0.029     1.128 r  clk_IBUF_BUFG_inst/O
                         net (fo=19, routed)          0.824     1.951    U_PWM/clk_IBUF_BUFG
    SLICE_X14Y28         FDRE                                         r  U_PWM/counter_reg[7]/C
                         clock pessimism             -0.512     1.439    
    SLICE_X14Y28         FDRE (Hold_fdre_C_D)         0.134     1.573    U_PWM/counter_reg[7]
  -------------------------------------------------------------------
                         required time                         -1.573    
                         arrival time                           1.941    
  -------------------------------------------------------------------
                         slack                                  0.368    

Slack (MET) :             0.373ns  (arrival time - required time)
  Source:                 U_PWM/counter_reg[8]/C
                            (rising edge-triggered cell FDRE clocked by sys_clk_pin  {rise@0.000ns fall@5.000ns period=10.000ns})
  Destination:            U_PWM/counter_reg[8]/D
                            (rising edge-triggered cell FDRE clocked by sys_clk_pin  {rise@0.000ns fall@5.000ns period=10.000ns})
  Path Group:             sys_clk_pin
  Path Type:              Hold (Min at Fast Process Corner)
  Requirement:            0.000ns  (sys_clk_pin rise@0.000ns - sys_clk_pin rise@0.000ns)
  Data Path Delay:        0.507ns  (logic 0.279ns (55.018%)  route 0.228ns (44.982%))
  Logic Levels:           1  (CARRY4=1)
  Clock Path Skew:        0.000ns (DCD - SCD - CPR)
    Destination Clock Delay (DCD):    1.952ns
    Source Clock Delay      (SCD):    1.440ns
    Clock Pessimism Removal (CPR):    0.512ns

    Location             Delay type                Incr(ns)  Path(ns)    Netlist Resource(s)
  -------------------------------------------------------------------    -------------------
                         (clock sys_clk_pin rise edge)
                                                      0.000     0.000 r  
    W5                                                0.000     0.000 r  clk (IN)
                         net (fo=0)                   0.000     0.000    clk
    W5                   IBUF (Prop_ibuf_I_O)         0.226     0.226 r  clk_IBUF_inst/O
                         net (fo=1, routed)           0.631     0.858    clk_IBUF
    BUFGCTRL_X0Y0        BUFG (Prop_bufg_I_O)         0.026     0.884 r  clk_IBUF_BUFG_inst/O
                         net (fo=19, routed)          0.557     1.440    U_PWM/clk_IBUF_BUFG
    SLICE_X14Y29         FDRE                                         r  U_PWM/counter_reg[8]/C
  -------------------------------------------------------------------    -------------------
    SLICE_X14Y29         FDRE (Prop_fdre_C_Q)         0.164     1.604 r  U_PWM/counter_reg[8]/Q
                         net (fo=4, routed)           0.228     1.832    U_PWM/counter_reg[8]
    SLICE_X14Y29         CARRY4 (Prop_carry4_S[0]_O[0])
                                                      0.115     1.947 r  U_PWM/counter_reg[8]_i_1/O[0]
                         net (fo=1, routed)           0.000     1.947    U_PWM/counter_reg[8]_i_1_n_7
    SLICE_X14Y29         FDRE                                         r  U_PWM/counter_reg[8]/D
  -------------------------------------------------------------------    -------------------

                         (clock sys_clk_pin rise edge)
                                                      0.000     0.000 r  
    W5                                                0.000     0.000 r  clk (IN)
                         net (fo=0)                   0.000     0.000    clk
    W5                   IBUF (Prop_ibuf_I_O)         0.414     0.414 r  clk_IBUF_inst/O
                         net (fo=1, routed)           0.685     1.099    clk_IBUF
    BUFGCTRL_X0Y0        BUFG (Prop_bufg_I_O)         0.029     1.128 r  clk_IBUF_BUFG_inst/O
                         net (fo=19, routed)          0.825     1.952    U_PWM/clk_IBUF_BUFG
    SLICE_X14Y29         FDRE                                         r  U_PWM/counter_reg[8]/C
                         clock pessimism             -0.512     1.440    
    SLICE_X14Y29         FDRE (Hold_fdre_C_D)         0.134     1.574    U_PWM/counter_reg[8]
  -------------------------------------------------------------------
                         required time                         -1.574    
                         arrival time                           1.947    
  -------------------------------------------------------------------
                         slack                                  0.373    

Slack (MET) :             0.382ns  (arrival time - required time)
  Source:                 U_PWM/counter_reg[4]/C
                            (rising edge-triggered cell FDRE clocked by sys_clk_pin  {rise@0.000ns fall@5.000ns period=10.000ns})
  Destination:            U_PWM/counter_reg[5]/D
                            (rising edge-triggered cell FDRE clocked by sys_clk_pin  {rise@0.000ns fall@5.000ns period=10.000ns})
  Path Group:             sys_clk_pin
  Path Type:              Hold (Min at Fast Process Corner)
  Requirement:            0.000ns  (sys_clk_pin rise@0.000ns - sys_clk_pin rise@0.000ns)
  Data Path Delay:        0.516ns  (logic 0.314ns (60.902%)  route 0.202ns (39.098%))
  Logic Levels:           1  (CARRY4=1)
  Clock Path Skew:        0.000ns (DCD - SCD - CPR)
    Destination Clock Delay (DCD):    1.951ns
    Source Clock Delay      (SCD):    1.439ns
    Clock Pessimism Removal (CPR):    0.512ns

    Location             Delay type                Incr(ns)  Path(ns)    Netlist Resource(s)
  -------------------------------------------------------------------    -------------------
                         (clock sys_clk_pin rise edge)
                                                      0.000     0.000 r  
    W5                                                0.000     0.000 r  clk (IN)
                         net (fo=0)                   0.000     0.000    clk
    W5                   IBUF (Prop_ibuf_I_O)         0.226     0.226 r  clk_IBUF_inst/O
                         net (fo=1, routed)           0.631     0.858    clk_IBUF
    BUFGCTRL_X0Y0        BUFG (Prop_bufg_I_O)         0.026     0.884 r  clk_IBUF_BUFG_inst/O
                         net (fo=19, routed)          0.556     1.439    U_PWM/clk_IBUF_BUFG
    SLICE_X14Y28         FDRE                                         r  U_PWM/counter_reg[4]/C
  -------------------------------------------------------------------    -------------------
    SLICE_X14Y28         FDRE (Prop_fdre_C_Q)         0.164     1.603 r  U_PWM/counter_reg[4]/Q
                         net (fo=4, routed)           0.202     1.805    U_PWM/counter_reg[4]
    SLICE_X14Y28         CARRY4 (Prop_carry4_S[0]_O[1])
                                                      0.150     1.955 r  U_PWM/counter_reg[4]_i_1/O[1]
                         net (fo=1, routed)           0.000     1.955    U_PWM/counter_reg[4]_i_1_n_6
    SLICE_X14Y28         FDRE                                         r  U_PWM/counter_reg[5]/D
  -------------------------------------------------------------------    -------------------

                         (clock sys_clk_pin rise edge)
                                                      0.000     0.000 r  
    W5                                                0.000     0.000 r  clk (IN)
                         net (fo=0)                   0.000     0.000    clk
    W5                   IBUF (Prop_ibuf_I_O)         0.414     0.414 r  clk_IBUF_inst/O
                         net (fo=1, routed)           0.685     1.099    clk_IBUF
    BUFGCTRL_X0Y0        BUFG (Prop_bufg_I_O)         0.029     1.128 r  clk_IBUF_BUFG_inst/O
                         net (fo=19, routed)          0.824     1.951    U_PWM/clk_IBUF_BUFG
    SLICE_X14Y28         FDRE                                         r  U_PWM/counter_reg[5]/C
                         clock pessimism             -0.512     1.439    
    SLICE_X14Y28         FDRE (Hold_fdre_C_D)         0.134     1.573    U_PWM/counter_reg[5]
  -------------------------------------------------------------------
                         required time                         -1.573    
                         arrival time                           1.955    
  -------------------------------------------------------------------
                         slack                                  0.382    

Slack (MET) :             0.405ns  (arrival time - required time)
  Source:                 U_PWM/counter_reg[12]/C
                            (rising edge-triggered cell FDRE clocked by sys_clk_pin  {rise@0.000ns fall@5.000ns period=10.000ns})
  Destination:            U_PWM/counter_reg[12]/D
                            (rising edge-triggered cell FDRE clocked by sys_clk_pin  {rise@0.000ns fall@5.000ns period=10.000ns})
  Path Group:             sys_clk_pin
  Path Type:              Hold (Min at Fast Process Corner)
  Requirement:            0.000ns  (sys_clk_pin rise@0.000ns - sys_clk_pin rise@0.000ns)
  Data Path Delay:        0.539ns  (logic 0.279ns (51.718%)  route 0.260ns (48.282%))
  Logic Levels:           1  (CARRY4=1)
  Clock Path Skew:        0.000ns (DCD - SCD - CPR)
    Destination Clock Delay (DCD):    1.953ns
    Source Clock Delay      (SCD):    1.441ns
    Clock Pessimism Removal (CPR):    0.512ns

    Location             Delay type                Incr(ns)  Path(ns)    Netlist Resource(s)
  -------------------------------------------------------------------    -------------------
                         (clock sys_clk_pin rise edge)
                                                      0.000     0.000 r  
    W5                                                0.000     0.000 r  clk (IN)
                         net (fo=0)                   0.000     0.000    clk
    W5                   IBUF (Prop_ibuf_I_O)         0.226     0.226 r  clk_IBUF_inst/O
                         net (fo=1, routed)           0.631     0.858    clk_IBUF
    BUFGCTRL_X0Y0        BUFG (Prop_bufg_I_O)         0.026     0.884 r  clk_IBUF_BUFG_inst/O
                         net (fo=19, routed)          0.558     1.441    U_PWM/clk_IBUF_BUFG
    SLICE_X14Y30         FDRE                                         r  U_PWM/counter_reg[12]/C
  -------------------------------------------------------------------    -------------------
    SLICE_X14Y30         FDRE (Prop_fdre_C_Q)         0.164     1.605 r  U_PWM/counter_reg[12]/Q
                         net (fo=4, routed)           0.260     1.866    U_PWM/counter_reg[12]
    SLICE_X14Y30         CARRY4 (Prop_carry4_S[0]_O[0])
                                                      0.115     1.981 r  U_PWM/counter_reg[12]_i_1/O[0]
                         net (fo=1, routed)           0.000     1.981    U_PWM/counter_reg[12]_i_1_n_7
    SLICE_X14Y30         FDRE                                         r  U_PWM/counter_reg[12]/D
  -------------------------------------------------------------------    -------------------

                         (clock sys_clk_pin rise edge)
                                                      0.000     0.000 r  
    W5                                                0.000     0.000 r  clk (IN)
                         net (fo=0)                   0.000     0.000    clk
    W5                   IBUF (Prop_ibuf_I_O)         0.414     0.414 r  clk_IBUF_inst/O
                         net (fo=1, routed)           0.685     1.099    clk_IBUF
    BUFGCTRL_X0Y0        BUFG (Prop_bufg_I_O)         0.029     1.128 r  clk_IBUF_BUFG_inst/O
                         net (fo=19, routed)          0.826     1.953    U_PWM/clk_IBUF_BUFG
    SLICE_X14Y30         FDRE                                         r  U_PWM/counter_reg[12]/C
                         clock pessimism             -0.512     1.441    
    SLICE_X14Y30         FDRE (Hold_fdre_C_D)         0.134     1.575    U_PWM/counter_reg[12]
  -------------------------------------------------------------------
                         required time                         -1.575    
                         arrival time                           1.981    
  -------------------------------------------------------------------
                         slack                                  0.405    





Pulse Width Checks
--------------------------------------------------------------------------------------
Clock Name:         sys_clk_pin
Waveform(ns):       { 0.000 5.000 }
Period(ns):         10.000
Sources:            { clk }

Check Type        Corner  Lib Pin  Reference Pin  Required(ns)  Actual(ns)  Slack(ns)  Location       Pin
Min Period        n/a     BUFG/I   n/a            2.155         10.000      7.845      BUFGCTRL_X0Y0  clk_IBUF_BUFG_inst/I
Min Period        n/a     FDRE/C   n/a            1.000         10.000      9.000      SLICE_X6Y29    motor_a_reg/C
Min Period        n/a     FDRE/C   n/a            1.000         10.000      9.000      SLICE_X9Y29    motor_b_reg/C
Min Period        n/a     FDRE/C   n/a            1.000         10.000      9.000      SLICE_X14Y27   U_PWM/counter_reg[0]/C
Min Period        n/a     FDRE/C   n/a            1.000         10.000      9.000      SLICE_X14Y29   U_PWM/counter_reg[10]/C
Min Period        n/a     FDRE/C   n/a            1.000         10.000      9.000      SLICE_X14Y29   U_PWM/counter_reg[11]/C
Min Period        n/a     FDRE/C   n/a            1.000         10.000      9.000      SLICE_X14Y30   U_PWM/counter_reg[12]/C
Min Period        n/a     FDRE/C   n/a            1.000         10.000      9.000      SLICE_X14Y30   U_PWM/counter_reg[13]/C
Min Period        n/a     FDRE/C   n/a            1.000         10.000      9.000      SLICE_X14Y30   U_PWM/counter_reg[14]/C
Min Period        n/a     FDRE/C   n/a            1.000         10.000      9.000      SLICE_X14Y30   U_PWM/counter_reg[15]/C
Low Pulse Width   Slow    FDRE/C   n/a            0.500         5.000       4.500      SLICE_X6Y29    motor_a_reg/C
Low Pulse Width   Fast    FDRE/C   n/a            0.500         5.000       4.500      SLICE_X6Y29    motor_a_reg/C
Low Pulse Width   Slow    FDRE/C   n/a            0.500         5.000       4.500      SLICE_X9Y29    motor_b_reg/C
Low Pulse Width   Fast    FDRE/C   n/a            0.500         5.000       4.500      SLICE_X9Y29    motor_b_reg/C
Low Pulse Width   Slow    FDRE/C   n/a            0.500         5.000       4.500      SLICE_X14Y27   U_PWM/counter_reg[0]/C
Low Pulse Width   Fast    FDRE/C   n/a            0.500         5.000       4.500      SLICE_X14Y27   U_PWM/counter_reg[0]/C
Low Pulse Width   Slow    FDRE/C   n/a            0.500         5.000       4.500      SLICE_X14Y29   U_PWM/counter_reg[10]/C
Low Pulse Width   Fast    FDRE/C   n/a            0.500         5.000       4.500      SLICE_X14Y29   U_PWM/counter_reg[10]/C
Low Pulse Width   Slow    FDRE/C   n/a            0.500         5.000       4.500      SLICE_X14Y29   U_PWM/counter_reg[11]/C
Low Pulse Width   Fast    FDRE/C   n/a            0.500         5.000       4.500      SLICE_X14Y29   U_PWM/counter_reg[11]/C
High Pulse Width  Slow    FDRE/C   n/a            0.500         5.000       4.500      SLICE_X6Y29    motor_a_reg/C
High Pulse Width  Fast    FDRE/C   n/a            0.500         5.000       4.500      SLICE_X6Y29    motor_a_reg/C
High Pulse Width  Slow    FDRE/C   n/a            0.500         5.000       4.500      SLICE_X9Y29    motor_b_reg/C
High Pulse Width  Fast    FDRE/C   n/a            0.500         5.000       4.500      SLICE_X9Y29    motor_b_reg/C
High Pulse Width  Slow    FDRE/C   n/a            0.500         5.000       4.500      SLICE_X14Y27   U_PWM/counter_reg[0]/C
High Pulse Width  Fast    FDRE/C   n/a            0.500         5.000       4.500      SLICE_X14Y27   U_PWM/counter_reg[0]/C
High Pulse Width  Slow    FDRE/C   n/a            0.500         5.000       4.500      SLICE_X14Y29   U_PWM/counter_reg[10]/C
High Pulse Width  Fast    FDRE/C   n/a            0.500         5.000       4.500      SLICE_X14Y29   U_PWM/counter_reg[10]/C
High Pulse Width  Slow    FDRE/C   n/a            0.500         5.000       4.500      SLICE_X14Y29   U_PWM/counter_reg[11]/C
High Pulse Width  Fast    FDRE/C   n/a            0.500         5.000       4.500      SLICE_X14Y29   U_PWM/counter_reg[11]/C



--------------------------------------------------------------------------------------
Path Group:  (none)
From Clock:  sys_clk_pin
  To Clock:  

Max Delay             2 Endpoints
Min Delay             2 Endpoints
--------------------------------------------------------------------------------------


Max Delay Paths
--------------------------------------------------------------------------------------
Slack:                    inf
  Source:                 motor_a_reg/C
                            (rising edge-triggered cell FDRE clocked by sys_clk_pin  {rise@0.000ns fall@5.000ns period=10.000ns})
  Destination:            motor_a
                            (output port)
  Path Group:             (none)
  Path Type:              Max at Slow Process Corner
  Data Path Delay:        9.243ns  (logic 4.023ns (43.524%)  route 5.220ns (56.476%))
  Logic Levels:           1  (OBUF=1)
  Clock Uncertainty:      0.025ns  ((TSJ^2 + TIJ^2)^1/2 + DJ) / 2 + PE
    Total System Jitter     (TSJ):    0.050ns
    Total Input Jitter      (TIJ):    0.000ns
    Discrete Jitter          (DJ):    0.000ns
    Phase Error              (PE):    0.000ns

    Location             Delay type                Incr(ns)  Path(ns)    Netlist Resource(s)
  -------------------------------------------------------------------    -------------------
                         (clock sys_clk_pin rise edge)
                                                      0.000     0.000 r  
    W5                                                0.000     0.000 r  clk (IN)
                         net (fo=0)                   0.000     0.000    clk
    W5                   IBUF (Prop_ibuf_I_O)         1.458     1.458 r  clk_IBUF_inst/O
                         net (fo=1, routed)           1.967     3.425    clk_IBUF
    BUFGCTRL_X0Y0        BUFG (Prop_bufg_I_O)         0.096     3.521 r  clk_IBUF_BUFG_inst/O
                         net (fo=19, routed)          1.622     5.143    clk_IBUF_BUFG
    SLICE_X6Y29          FDRE                                         r  motor_a_reg/C
  -------------------------------------------------------------------    -------------------
    SLICE_X6Y29          FDRE (Prop_fdre_C_Q)         0.518     5.661 r  motor_a_reg/Q
                         net (fo=1, routed)           5.220    10.881    motor_a_OBUF
    J1                   OBUF (Prop_obuf_I_O)         3.505    14.386 r  motor_a_OBUF_inst/O
                         net (fo=0)                   0.000    14.386    motor_a
    J1                                                                r  motor_a (OUT)
  -------------------------------------------------------------------    -------------------

Slack:                    inf
  Source:                 motor_b_reg/C
                            (rising edge-triggered cell FDRE clocked by sys_clk_pin  {rise@0.000ns fall@5.000ns period=10.000ns})
  Destination:            motor_b
                            (output port)
  Path Group:             (none)
  Path Type:              Max at Slow Process Corner
  Data Path Delay:        8.911ns  (logic 3.972ns (44.575%)  route 4.939ns (55.425%))
  Logic Levels:           1  (OBUF=1)
  Clock Uncertainty:      0.025ns  ((TSJ^2 + TIJ^2)^1/2 + DJ) / 2 + PE
    Total System Jitter     (TSJ):    0.050ns
    Total Input Jitter      (TIJ):    0.000ns
    Discrete Jitter          (DJ):    0.000ns
    Phase Error              (PE):    0.000ns

    Location             Delay type                Incr(ns)  Path(ns)    Netlist Resource(s)
  -------------------------------------------------------------------    -------------------
                         (clock sys_clk_pin rise edge)
                                                      0.000     0.000 r  
    W5                                                0.000     0.000 r  clk (IN)
                         net (fo=0)                   0.000     0.000    clk
    W5                   IBUF (Prop_ibuf_I_O)         1.458     1.458 r  clk_IBUF_inst/O
                         net (fo=1, routed)           1.967     3.425    clk_IBUF
    BUFGCTRL_X0Y0        BUFG (Prop_bufg_I_O)         0.096     3.521 r  clk_IBUF_BUFG_inst/O
                         net (fo=19, routed)          1.556     5.077    clk_IBUF_BUFG
    SLICE_X9Y29          FDRE                                         r  motor_b_reg/C
  -------------------------------------------------------------------    -------------------
    SLICE_X9Y29          FDRE (Prop_fdre_C_Q)         0.456     5.533 r  motor_b_reg/Q
                         net (fo=1, routed)           4.939    10.472    motor_b_OBUF
    L2                   OBUF (Prop_obuf_I_O)         3.516    13.988 r  motor_b_OBUF_inst/O
                         net (fo=0)                   0.000    13.988    motor_b
    L2                                                                r  motor_b (OUT)
  -------------------------------------------------------------------    -------------------





Min Delay Paths
--------------------------------------------------------------------------------------
Slack:                    inf
  Source:                 motor_b_reg/C
                            (rising edge-triggered cell FDRE clocked by sys_clk_pin  {rise@0.000ns fall@5.000ns period=10.000ns})
  Destination:            motor_b
                            (output port)
  Path Group:             (none)
  Path Type:              Min at Fast Process Corner
  Data Path Delay:        3.262ns  (logic 1.358ns (41.634%)  route 1.904ns (58.366%))
  Logic Levels:           1  (OBUF=1)
  Clock Uncertainty:      0.025ns  ((TSJ^2 + TIJ^2)^1/2 + DJ) / 2 + PE
    Total System Jitter     (TSJ):    0.050ns
    Total Input Jitter      (TIJ):    0.000ns
    Discrete Jitter          (DJ):    0.000ns
    Phase Error              (PE):    0.000ns

    Location             Delay type                Incr(ns)  Path(ns)    Netlist Resource(s)
  -------------------------------------------------------------------    -------------------
                         (clock sys_clk_pin rise edge)
                                                      0.000     0.000 r  
    W5                                                0.000     0.000 r  clk (IN)
                         net (fo=0)                   0.000     0.000    clk
    W5                   IBUF (Prop_ibuf_I_O)         0.226     0.226 r  clk_IBUF_inst/O
                         net (fo=1, routed)           0.631     0.858    clk_IBUF
    BUFGCTRL_X0Y0        BUFG (Prop_bufg_I_O)         0.026     0.884 r  clk_IBUF_BUFG_inst/O
                         net (fo=19, routed)          0.557     1.440    clk_IBUF_BUFG
    SLICE_X9Y29          FDRE                                         r  motor_b_reg/C
  -------------------------------------------------------------------    -------------------
    SLICE_X9Y29          FDRE (Prop_fdre_C_Q)         0.141     1.581 r  motor_b_reg/Q
                         net (fo=1, routed)           1.904     3.485    motor_b_OBUF
    L2                   OBUF (Prop_obuf_I_O)         1.217     4.702 r  motor_b_OBUF_inst/O
                         net (fo=0)                   0.000     4.702    motor_b
    L2                                                                r  motor_b (OUT)
  -------------------------------------------------------------------    -------------------

Slack:                    inf
  Source:                 motor_a_reg/C
                            (rising edge-triggered cell FDRE clocked by sys_clk_pin  {rise@0.000ns fall@5.000ns period=10.000ns})
  Destination:            motor_a
                            (output port)
  Path Group:             (none)
  Path Type:              Min at Fast Process Corner
  Data Path Delay:        3.441ns  (logic 1.370ns (39.813%)  route 2.071ns (60.187%))
  Logic Levels:           1  (OBUF=1)
  Clock Uncertainty:      0.025ns  ((TSJ^2 + TIJ^2)^1/2 + DJ) / 2 + PE
    Total System Jitter     (TSJ):    0.050ns
    Total Input Jitter      (TIJ):    0.000ns
    Discrete Jitter          (DJ):    0.000ns
    Phase Error              (PE):    0.000ns

    Location             Delay type                Incr(ns)  Path(ns)    Netlist Resource(s)
  -------------------------------------------------------------------    -------------------
                         (clock sys_clk_pin rise edge)
                                                      0.000     0.000 r  
    W5                                                0.000     0.000 r  clk (IN)
                         net (fo=0)                   0.000     0.000    clk
    W5                   IBUF (Prop_ibuf_I_O)         0.226     0.226 r  clk_IBUF_inst/O
                         net (fo=1, routed)           0.631     0.858    clk_IBUF
    BUFGCTRL_X0Y0        BUFG (Prop_bufg_I_O)         0.026     0.884 r  clk_IBUF_BUFG_inst/O
                         net (fo=19, routed)          0.584     1.467    clk_IBUF_BUFG
    SLICE_X6Y29          FDRE                                         r  motor_a_reg/C
  -------------------------------------------------------------------    -------------------
    SLICE_X6Y29          FDRE (Prop_fdre_C_Q)         0.164     1.631 r  motor_a_reg/Q
                         net (fo=1, routed)           2.071     3.702    motor_a_OBUF
    J1                   OBUF (Prop_obuf_I_O)         1.206     4.908 r  motor_a_OBUF_inst/O
                         net (fo=0)                   0.000     4.908    motor_a
    J1                                                                r  motor_a (OUT)
  -------------------------------------------------------------------    -------------------





--------------------------------------------------------------------------------------
Path Group:  (none)
From Clock:  
  To Clock:  sys_clk_pin

Max Delay            20 Endpoints
Min Delay            20 Endpoints
--------------------------------------------------------------------------------------


Max Delay Paths
--------------------------------------------------------------------------------------
Slack:                    inf
  Source:                 duty_cycle[7]
                            (input port)
  Destination:            U_PWM/pwm_out_reg/D
                            (rising edge-triggered cell FDRE clocked by sys_clk_pin  {rise@0.000ns fall@5.000ns period=10.000ns})
  Path Group:             (none)
  Path Type:              Setup (Max at Slow Process Corner)
  Data Path Delay:        27.495ns  (logic 11.404ns (41.478%)  route 16.090ns (58.522%))
  Logic Levels:           23  (CARRY4=11 DSP48E1=1 IBUF=1 LUT2=2 LUT3=3 LUT4=2 LUT5=1 LUT6=2)
  Clock Path Skew:        4.781ns (DCD - SCD + CPR)
    Destination Clock Delay (DCD):    4.781ns
    Source Clock Delay      (SCD):    0.000ns
    Clock Pessimism Removal (CPR):    0.000ns
  Clock Uncertainty:      0.025ns  ((TSJ^2 + TIJ^2)^1/2 + DJ) / 2 + PE
    Total System Jitter     (TSJ):    0.050ns
    Total Input Jitter      (TIJ):    0.000ns
    Discrete Jitter          (DJ):    0.000ns
    Phase Error              (PE):    0.000ns

    Location             Delay type                Incr(ns)  Path(ns)    Netlist Resource(s)
  -------------------------------------------------------------------    -------------------
    T3                                                0.000     0.000 r  duty_cycle[7] (IN)
                         net (fo=0)                   0.000     0.000    duty_cycle[7]
    T3                   IBUF (Prop_ibuf_I_O)         1.452     1.452 r  duty_cycle_IBUF[7]_inst/O
                         net (fo=1, routed)           3.080     4.532    U_PWM/B[7]
    DSP48_X0Y8           DSP48E1 (Prop_dsp48e1_B[7]_P[11])
                                                      3.656     8.188 r  U_PWM/pwm_out2/P[11]
                         net (fo=10, routed)          1.431     9.619    U_PWM/pwm_out2_n_94
    SLICE_X10Y23         LUT3 (Prop_lut3_I1_O)        0.124     9.743 r  U_PWM/pwm_out1__8_carry__2_i_3/O
                         net (fo=2, routed)           0.804    10.548    U_PWM/pwm_out1__8_carry__2_i_3_n_0
    SLICE_X11Y23         LUT4 (Prop_lut4_I3_O)        0.124    10.672 r  U_PWM/pwm_out1__8_carry__2_i_7/O
                         net (fo=1, routed)           0.000    10.672    U_PWM/pwm_out1__8_carry__2_i_7_n_0
    SLICE_X11Y23         CARRY4 (Prop_carry4_S[1]_CO[3])
                                                      0.550    11.222 r  U_PWM/pwm_out1__8_carry__2/CO[3]
                         net (fo=1, routed)           0.000    11.222    U_PWM/pwm_out1__8_carry__2_n_0
    SLICE_X11Y24         CARRY4 (Prop_carry4_CI_O[3])
                                                      0.313    11.535 r  U_PWM/pwm_out1__8_carry__3/O[3]
                         net (fo=15, routed)          1.551    13.086    U_PWM/pwm_out1__8_carry__3_n_4
    SLICE_X9Y27          LUT2 (Prop_lut2_I0_O)        0.306    13.392 r  U_PWM/pwm_out1__114_carry__0_i_3/O
                         net (fo=1, routed)           0.000    13.392    U_PWM/pwm_out1__114_carry__0_i_3_n_0
    SLICE_X9Y27          CARRY4 (Prop_carry4_S[1]_CO[3])
                                                      0.550    13.942 r  U_PWM/pwm_out1__114_carry__0/CO[3]
                         net (fo=1, routed)           0.000    13.942    U_PWM/pwm_out1__114_carry__0_n_0
    SLICE_X9Y28          CARRY4 (Prop_carry4_CI_O[1])
                                                      0.334    14.276 r  U_PWM/pwm_out1__114_carry__1/O[1]
                         net (fo=3, routed)           0.804    15.080    U_PWM/pwm_out1__114_carry__1_n_6
    SLICE_X7Y26          LUT3 (Prop_lut3_I1_O)        0.303    15.383 f  U_PWM/pwm_out1__170_carry__1_i_10/O
                         net (fo=2, routed)           1.148    16.531    U_PWM/pwm_out1__170_carry__1_i_10_n_0
    SLICE_X8Y23          LUT5 (Prop_lut5_I0_O)        0.153    16.684 r  U_PWM/pwm_out1__170_carry__1_i_2/O
                         net (fo=2, routed)           0.998    17.682    U_PWM/pwm_out1__170_carry__1_i_2_n_0
    SLICE_X8Y26          LUT6 (Prop_lut6_I0_O)        0.331    18.013 r  U_PWM/pwm_out1__170_carry__1_i_6/O
                         net (fo=1, routed)           0.000    18.013    U_PWM/pwm_out1__170_carry__1_i_6_n_0
    SLICE_X8Y26          CARRY4 (Prop_carry4_S[2]_CO[3])
                                                      0.380    18.393 r  U_PWM/pwm_out1__170_carry__1/CO[3]
                         net (fo=1, routed)           0.000    18.393    U_PWM/pwm_out1__170_carry__1_n_0
    SLICE_X8Y27          CARRY4 (Prop_carry4_CI_CO[3])
                                                      0.117    18.510 r  U_PWM/pwm_out1__170_carry__2/CO[3]
                         net (fo=1, routed)           0.000    18.510    U_PWM/pwm_out1__170_carry__2_n_0
    SLICE_X8Y28          CARRY4 (Prop_carry4_CI_O[1])
                                                      0.323    18.833 r  U_PWM/pwm_out1__170_carry__3/O[1]
                         net (fo=3, routed)           1.417    20.250    U_PWM/pwm_out1__170_carry__3_n_6
    SLICE_X9Y25          LUT4 (Prop_lut4_I1_O)        0.306    20.556 r  U_PWM/pwm_out1__232_carry__4_i_7/O
                         net (fo=1, routed)           0.000    20.556    U_PWM/pwm_out1__232_carry__4_i_7_n_0
    SLICE_X9Y25          CARRY4 (Prop_carry4_S[1]_CO[3])
                                                      0.550    21.106 r  U_PWM/pwm_out1__232_carry__4/CO[3]
                         net (fo=18, routed)          2.418    23.524    U_PWM/pwm_out1__232_carry__4_n_0
    SLICE_X11Y30         LUT3 (Prop_lut3_I0_O)        0.124    23.648 r  U_PWM/pwm_out0_carry_i_9/O
                         net (fo=16, routed)          1.339    24.987    U_PWM/pwm_out0_carry_i_9_n_0
    SLICE_X13Y27         LUT6 (Prop_lut6_I1_O)        0.124    25.111 r  U_PWM/pwm_out0_carry_i_4/O
                         net (fo=1, routed)           0.519    25.630    U_PWM/pwm_out0_carry_i_4_n_0
    SLICE_X13Y28         CARRY4 (Prop_carry4_DI[0]_CO[3])
                                                      0.526    26.156 r  U_PWM/pwm_out0_carry/CO[3]
                         net (fo=1, routed)           0.000    26.156    U_PWM/pwm_out0_carry_n_0
    SLICE_X13Y29         CARRY4 (Prop_carry4_CI_CO[3])
                                                      0.114    26.270 r  U_PWM/pwm_out0_carry__0/CO[3]
                         net (fo=1, routed)           0.000    26.270    U_PWM/pwm_out0_carry__0_n_0
    SLICE_X13Y30         CARRY4 (Prop_carry4_CI_CO[0])
                                                      0.271    26.541 r  U_PWM/pwm_out0_carry__1/CO[0]
                         net (fo=1, routed)           0.580    27.122    U_PWM/p_0_in
    SLICE_X10Y30         LUT2 (Prop_lut2_I0_O)        0.373    27.495 r  U_PWM/pwm_out_i_1/O
                         net (fo=1, routed)           0.000    27.495    U_PWM/pwm_out_i_1_n_0
    SLICE_X10Y30         FDRE                                         r  U_PWM/pwm_out_reg/D
  -------------------------------------------------------------------    -------------------

                         (clock sys_clk_pin rise edge)
                                                      0.000     0.000 r  
    W5                                                0.000     0.000 r  clk (IN)
                         net (fo=0)                   0.000     0.000    clk
    W5                   IBUF (Prop_ibuf_I_O)         1.388     1.388 r  clk_IBUF_inst/O
                         net (fo=1, routed)           1.862     3.250    clk_IBUF
    BUFGCTRL_X0Y0        BUFG (Prop_bufg_I_O)         0.091     3.341 r  clk_IBUF_BUFG_inst/O
                         net (fo=19, routed)          1.440     4.781    U_PWM/clk_IBUF_BUFG
    SLICE_X10Y30         FDRE                                         r  U_PWM/pwm_out_reg/C

Slack:                    inf
  Source:                 rst
                            (input port)
  Destination:            U_PWM/counter_reg[0]/R
                            (rising edge-triggered cell FDRE clocked by sys_clk_pin  {rise@0.000ns fall@5.000ns period=10.000ns})
  Path Group:             (none)
  Path Type:              Setup (Max at Slow Process Corner)
  Data Path Delay:        4.668ns  (logic 1.565ns (33.532%)  route 3.103ns (66.468%))
  Logic Levels:           2  (IBUF=1 LUT5=1)
  Clock Path Skew:        4.777ns (DCD - SCD + CPR)
    Destination Clock Delay (DCD):    4.777ns
    Source Clock Delay      (SCD):    0.000ns
    Clock Pessimism Removal (CPR):    0.000ns
  Clock Uncertainty:      0.025ns  ((TSJ^2 + TIJ^2)^1/2 + DJ) / 2 + PE
    Total System Jitter     (TSJ):    0.050ns
    Total Input Jitter      (TIJ):    0.000ns
    Discrete Jitter          (DJ):    0.000ns
    Phase Error              (PE):    0.000ns

    Location             Delay type                Incr(ns)  Path(ns)    Netlist Resource(s)
  -------------------------------------------------------------------    -------------------
    U18                                               0.000     0.000 r  rst (IN)
                         net (fo=0)                   0.000     0.000    rst
    U18                  IBUF (Prop_ibuf_I_O)         1.441     1.441 r  rst_IBUF_inst/O
                         net (fo=4, routed)           2.188     3.629    U_PWM/rst_IBUF
    SLICE_X15Y30         LUT5 (Prop_lut5_I0_O)        0.124     3.753 r  U_PWM/counter[0]_i_1/O
                         net (fo=16, routed)          0.915     4.668    U_PWM/counter[0]_i_1_n_0
    SLICE_X14Y27         FDRE                                         r  U_PWM/counter_reg[0]/R
  -------------------------------------------------------------------    -------------------

                         (clock sys_clk_pin rise edge)
                                                      0.000     0.000 r  
    W5                                                0.000     0.000 r  clk (IN)
                         net (fo=0)                   0.000     0.000    clk
    W5                   IBUF (Prop_ibuf_I_O)         1.388     1.388 r  clk_IBUF_inst/O
                         net (fo=1, routed)           1.862     3.250    clk_IBUF
    BUFGCTRL_X0Y0        BUFG (Prop_bufg_I_O)         0.091     3.341 r  clk_IBUF_BUFG_inst/O
                         net (fo=19, routed)          1.436     4.777    U_PWM/clk_IBUF_BUFG
    SLICE_X14Y27         FDRE                                         r  U_PWM/counter_reg[0]/C

Slack:                    inf
  Source:                 rst
                            (input port)
  Destination:            U_PWM/counter_reg[1]/R
                            (rising edge-triggered cell FDRE clocked by sys_clk_pin  {rise@0.000ns fall@5.000ns period=10.000ns})
  Path Group:             (none)
  Path Type:              Setup (Max at Slow Process Corner)
  Data Path Delay:        4.668ns  (logic 1.565ns (33.532%)  route 3.103ns (66.468%))
  Logic Levels:           2  (IBUF=1 LUT5=1)
  Clock Path Skew:        4.777ns (DCD - SCD + CPR)
    Destination Clock Delay (DCD):    4.777ns
    Source Clock Delay      (SCD):    0.000ns
    Clock Pessimism Removal (CPR):    0.000ns
  Clock Uncertainty:      0.025ns  ((TSJ^2 + TIJ^2)^1/2 + DJ) / 2 + PE
    Total System Jitter     (TSJ):    0.050ns
    Total Input Jitter      (TIJ):    0.000ns
    Discrete Jitter          (DJ):    0.000ns
    Phase Error              (PE):    0.000ns

    Location             Delay type                Incr(ns)  Path(ns)    Netlist Resource(s)
  -------------------------------------------------------------------    -------------------
    U18                                               0.000     0.000 r  rst (IN)
                         net (fo=0)                   0.000     0.000    rst
    U18                  IBUF (Prop_ibuf_I_O)         1.441     1.441 r  rst_IBUF_inst/O
                         net (fo=4, routed)           2.188     3.629    U_PWM/rst_IBUF
    SLICE_X15Y30         LUT5 (Prop_lut5_I0_O)        0.124     3.753 r  U_PWM/counter[0]_i_1/O
                         net (fo=16, routed)          0.915     4.668    U_PWM/counter[0]_i_1_n_0
    SLICE_X14Y27         FDRE                                         r  U_PWM/counter_reg[1]/R
  -------------------------------------------------------------------    -------------------

                         (clock sys_clk_pin rise edge)
                                                      0.000     0.000 r  
    W5                                                0.000     0.000 r  clk (IN)
                         net (fo=0)                   0.000     0.000    clk
    W5                   IBUF (Prop_ibuf_I_O)         1.388     1.388 r  clk_IBUF_inst/O
                         net (fo=1, routed)           1.862     3.250    clk_IBUF
    BUFGCTRL_X0Y0        BUFG (Prop_bufg_I_O)         0.091     3.341 r  clk_IBUF_BUFG_inst/O
                         net (fo=19, routed)          1.436     4.777    U_PWM/clk_IBUF_BUFG
    SLICE_X14Y27         FDRE                                         r  U_PWM/counter_reg[1]/C

Slack:                    inf
  Source:                 rst
                            (input port)
  Destination:            U_PWM/counter_reg[2]/R
                            (rising edge-triggered cell FDRE clocked by sys_clk_pin  {rise@0.000ns fall@5.000ns period=10.000ns})
  Path Group:             (none)
  Path Type:              Setup (Max at Slow Process Corner)
  Data Path Delay:        4.668ns  (logic 1.565ns (33.532%)  route 3.103ns (66.468%))
  Logic Levels:           2  (IBUF=1 LUT5=1)
  Clock Path Skew:        4.777ns (DCD - SCD + CPR)
    Destination Clock Delay (DCD):    4.777ns
    Source Clock Delay      (SCD):    0.000ns
    Clock Pessimism Removal (CPR):    0.000ns
  Clock Uncertainty:      0.025ns  ((TSJ^2 + TIJ^2)^1/2 + DJ) / 2 + PE
    Total System Jitter     (TSJ):    0.050ns
    Total Input Jitter      (TIJ):    0.000ns
    Discrete Jitter          (DJ):    0.000ns
    Phase Error              (PE):    0.000ns

    Location             Delay type                Incr(ns)  Path(ns)    Netlist Resource(s)
  -------------------------------------------------------------------    -------------------
    U18                                               0.000     0.000 r  rst (IN)
                         net (fo=0)                   0.000     0.000    rst
    U18                  IBUF (Prop_ibuf_I_O)         1.441     1.441 r  rst_IBUF_inst/O
                         net (fo=4, routed)           2.188     3.629    U_PWM/rst_IBUF
    SLICE_X15Y30         LUT5 (Prop_lut5_I0_O)        0.124     3.753 r  U_PWM/counter[0]_i_1/O
                         net (fo=16, routed)          0.915     4.668    U_PWM/counter[0]_i_1_n_0
    SLICE_X14Y27         FDRE                                         r  U_PWM/counter_reg[2]/R
  -------------------------------------------------------------------    -------------------

                         (clock sys_clk_pin rise edge)
                                                      0.000     0.000 r  
    W5                                                0.000     0.000 r  clk (IN)
                         net (fo=0)                   0.000     0.000    clk
    W5                   IBUF (Prop_ibuf_I_O)         1.388     1.388 r  clk_IBUF_inst/O
                         net (fo=1, routed)           1.862     3.250    clk_IBUF
    BUFGCTRL_X0Y0        BUFG (Prop_bufg_I_O)         0.091     3.341 r  clk_IBUF_BUFG_inst/O
                         net (fo=19, routed)          1.436     4.777    U_PWM/clk_IBUF_BUFG
    SLICE_X14Y27         FDRE                                         r  U_PWM/counter_reg[2]/C

Slack:                    inf
  Source:                 rst
                            (input port)
  Destination:            U_PWM/counter_reg[3]/R
                            (rising edge-triggered cell FDRE clocked by sys_clk_pin  {rise@0.000ns fall@5.000ns period=10.000ns})
  Path Group:             (none)
  Path Type:              Setup (Max at Slow Process Corner)
  Data Path Delay:        4.668ns  (logic 1.565ns (33.532%)  route 3.103ns (66.468%))
  Logic Levels:           2  (IBUF=1 LUT5=1)
  Clock Path Skew:        4.777ns (DCD - SCD + CPR)
    Destination Clock Delay (DCD):    4.777ns
    Source Clock Delay      (SCD):    0.000ns
    Clock Pessimism Removal (CPR):    0.000ns
  Clock Uncertainty:      0.025ns  ((TSJ^2 + TIJ^2)^1/2 + DJ) / 2 + PE
    Total System Jitter     (TSJ):    0.050ns
    Total Input Jitter      (TIJ):    0.000ns
    Discrete Jitter          (DJ):    0.000ns
    Phase Error              (PE):    0.000ns

    Location             Delay type                Incr(ns)  Path(ns)    Netlist Resource(s)
  -------------------------------------------------------------------    -------------------
    U18                                               0.000     0.000 r  rst (IN)
                         net (fo=0)                   0.000     0.000    rst
    U18                  IBUF (Prop_ibuf_I_O)         1.441     1.441 r  rst_IBUF_inst/O
                         net (fo=4, routed)           2.188     3.629    U_PWM/rst_IBUF
    SLICE_X15Y30         LUT5 (Prop_lut5_I0_O)        0.124     3.753 r  U_PWM/counter[0]_i_1/O
                         net (fo=16, routed)          0.915     4.668    U_PWM/counter[0]_i_1_n_0
    SLICE_X14Y27         FDRE                                         r  U_PWM/counter_reg[3]/R
  -------------------------------------------------------------------    -------------------

                         (clock sys_clk_pin rise edge)
                                                      0.000     0.000 r  
    W5                                                0.000     0.000 r  clk (IN)
                         net (fo=0)                   0.000     0.000    clk
    W5                   IBUF (Prop_ibuf_I_O)         1.388     1.388 r  clk_IBUF_inst/O
                         net (fo=1, routed)           1.862     3.250    clk_IBUF
    BUFGCTRL_X0Y0        BUFG (Prop_bufg_I_O)         0.091     3.341 r  clk_IBUF_BUFG_inst/O
                         net (fo=19, routed)          1.436     4.777    U_PWM/clk_IBUF_BUFG
    SLICE_X14Y27         FDRE                                         r  U_PWM/counter_reg[3]/C

Slack:                    inf
  Source:                 rst
                            (input port)
  Destination:            U_PWM/counter_reg[4]/R
                            (rising edge-triggered cell FDRE clocked by sys_clk_pin  {rise@0.000ns fall@5.000ns period=10.000ns})
  Path Group:             (none)
  Path Type:              Setup (Max at Slow Process Corner)
  Data Path Delay:        4.389ns  (logic 1.565ns (35.667%)  route 2.823ns (64.333%))
  Logic Levels:           2  (IBUF=1 LUT5=1)
  Clock Path Skew:        4.779ns (DCD - SCD + CPR)
    Destination Clock Delay (DCD):    4.779ns
    Source Clock Delay      (SCD):    0.000ns
    Clock Pessimism Removal (CPR):    0.000ns
  Clock Uncertainty:      0.025ns  ((TSJ^2 + TIJ^2)^1/2 + DJ) / 2 + PE
    Total System Jitter     (TSJ):    0.050ns
    Total Input Jitter      (TIJ):    0.000ns
    Discrete Jitter          (DJ):    0.000ns
    Phase Error              (PE):    0.000ns

    Location             Delay type                Incr(ns)  Path(ns)    Netlist Resource(s)
  -------------------------------------------------------------------    -------------------
    U18                                               0.000     0.000 r  rst (IN)
                         net (fo=0)                   0.000     0.000    rst
    U18                  IBUF (Prop_ibuf_I_O)         1.441     1.441 r  rst_IBUF_inst/O
                         net (fo=4, routed)           2.188     3.629    U_PWM/rst_IBUF
    SLICE_X15Y30         LUT5 (Prop_lut5_I0_O)        0.124     3.753 r  U_PWM/counter[0]_i_1/O
                         net (fo=16, routed)          0.635     4.389    U_PWM/counter[0]_i_1_n_0
    SLICE_X14Y28         FDRE                                         r  U_PWM/counter_reg[4]/R
  -------------------------------------------------------------------    -------------------

                         (clock sys_clk_pin rise edge)
                                                      0.000     0.000 r  
    W5                                                0.000     0.000 r  clk (IN)
                         net (fo=0)                   0.000     0.000    clk
    W5                   IBUF (Prop_ibuf_I_O)         1.388     1.388 r  clk_IBUF_inst/O
                         net (fo=1, routed)           1.862     3.250    clk_IBUF
    BUFGCTRL_X0Y0        BUFG (Prop_bufg_I_O)         0.091     3.341 r  clk_IBUF_BUFG_inst/O
                         net (fo=19, routed)          1.438     4.779    U_PWM/clk_IBUF_BUFG
    SLICE_X14Y28         FDRE                                         r  U_PWM/counter_reg[4]/C

Slack:                    inf
  Source:                 rst
                            (input port)
  Destination:            U_PWM/counter_reg[5]/R
                            (rising edge-triggered cell FDRE clocked by sys_clk_pin  {rise@0.000ns fall@5.000ns period=10.000ns})
  Path Group:             (none)
  Path Type:              Setup (Max at Slow Process Corner)
  Data Path Delay:        4.389ns  (logic 1.565ns (35.667%)  route 2.823ns (64.333%))
  Logic Levels:           2  (IBUF=1 LUT5=1)
  Clock Path Skew:        4.779ns (DCD - SCD + CPR)
    Destination Clock Delay (DCD):    4.779ns
    Source Clock Delay      (SCD):    0.000ns
    Clock Pessimism Removal (CPR):    0.000ns
  Clock Uncertainty:      0.025ns  ((TSJ^2 + TIJ^2)^1/2 + DJ) / 2 + PE
    Total System Jitter     (TSJ):    0.050ns
    Total Input Jitter      (TIJ):    0.000ns
    Discrete Jitter          (DJ):    0.000ns
    Phase Error              (PE):    0.000ns

    Location             Delay type                Incr(ns)  Path(ns)    Netlist Resource(s)
  -------------------------------------------------------------------    -------------------
    U18                                               0.000     0.000 r  rst (IN)
                         net (fo=0)                   0.000     0.000    rst
    U18                  IBUF (Prop_ibuf_I_O)         1.441     1.441 r  rst_IBUF_inst/O
                         net (fo=4, routed)           2.188     3.629    U_PWM/rst_IBUF
    SLICE_X15Y30         LUT5 (Prop_lut5_I0_O)        0.124     3.753 r  U_PWM/counter[0]_i_1/O
                         net (fo=16, routed)          0.635     4.389    U_PWM/counter[0]_i_1_n_0
    SLICE_X14Y28         FDRE                                         r  U_PWM/counter_reg[5]/R
  -------------------------------------------------------------------    -------------------

                         (clock sys_clk_pin rise edge)
                                                      0.000     0.000 r  
    W5                                                0.000     0.000 r  clk (IN)
                         net (fo=0)                   0.000     0.000    clk
    W5                   IBUF (Prop_ibuf_I_O)         1.388     1.388 r  clk_IBUF_inst/O
                         net (fo=1, routed)           1.862     3.250    clk_IBUF
    BUFGCTRL_X0Y0        BUFG (Prop_bufg_I_O)         0.091     3.341 r  clk_IBUF_BUFG_inst/O
                         net (fo=19, routed)          1.438     4.779    U_PWM/clk_IBUF_BUFG
    SLICE_X14Y28         FDRE                                         r  U_PWM/counter_reg[5]/C

Slack:                    inf
  Source:                 rst
                            (input port)
  Destination:            U_PWM/counter_reg[6]/R
                            (rising edge-triggered cell FDRE clocked by sys_clk_pin  {rise@0.000ns fall@5.000ns period=10.000ns})
  Path Group:             (none)
  Path Type:              Setup (Max at Slow Process Corner)
  Data Path Delay:        4.389ns  (logic 1.565ns (35.667%)  route 2.823ns (64.333%))
  Logic Levels:           2  (IBUF=1 LUT5=1)
  Clock Path Skew:        4.779ns (DCD - SCD + CPR)
    Destination Clock Delay (DCD):    4.779ns
    Source Clock Delay      (SCD):    0.000ns
    Clock Pessimism Removal (CPR):    0.000ns
  Clock Uncertainty:      0.025ns  ((TSJ^2 + TIJ^2)^1/2 + DJ) / 2 + PE
    Total System Jitter     (TSJ):    0.050ns
    Total Input Jitter      (TIJ):    0.000ns
    Discrete Jitter          (DJ):    0.000ns
    Phase Error              (PE):    0.000ns

    Location             Delay type                Incr(ns)  Path(ns)    Netlist Resource(s)
  -------------------------------------------------------------------    -------------------
    U18                                               0.000     0.000 r  rst (IN)
                         net (fo=0)                   0.000     0.000    rst
    U18                  IBUF (Prop_ibuf_I_O)         1.441     1.441 r  rst_IBUF_inst/O
                         net (fo=4, routed)           2.188     3.629    U_PWM/rst_IBUF
    SLICE_X15Y30         LUT5 (Prop_lut5_I0_O)        0.124     3.753 r  U_PWM/counter[0]_i_1/O
                         net (fo=16, routed)          0.635     4.389    U_PWM/counter[0]_i_1_n_0
    SLICE_X14Y28         FDRE                                         r  U_PWM/counter_reg[6]/R
  -------------------------------------------------------------------    -------------------

                         (clock sys_clk_pin rise edge)
                                                      0.000     0.000 r  
    W5                                                0.000     0.000 r  clk (IN)
                         net (fo=0)                   0.000     0.000    clk
    W5                   IBUF (Prop_ibuf_I_O)         1.388     1.388 r  clk_IBUF_inst/O
                         net (fo=1, routed)           1.862     3.250    clk_IBUF
    BUFGCTRL_X0Y0        BUFG (Prop_bufg_I_O)         0.091     3.341 r  clk_IBUF_BUFG_inst/O
                         net (fo=19, routed)          1.438     4.779    U_PWM/clk_IBUF_BUFG
    SLICE_X14Y28         FDRE                                         r  U_PWM/counter_reg[6]/C

Slack:                    inf
  Source:                 rst
                            (input port)
  Destination:            U_PWM/counter_reg[7]/R
                            (rising edge-triggered cell FDRE clocked by sys_clk_pin  {rise@0.000ns fall@5.000ns period=10.000ns})
  Path Group:             (none)
  Path Type:              Setup (Max at Slow Process Corner)
  Data Path Delay:        4.389ns  (logic 1.565ns (35.667%)  route 2.823ns (64.333%))
  Logic Levels:           2  (IBUF=1 LUT5=1)
  Clock Path Skew:        4.779ns (DCD - SCD + CPR)
    Destination Clock Delay (DCD):    4.779ns
    Source Clock Delay      (SCD):    0.000ns
    Clock Pessimism Removal (CPR):    0.000ns
  Clock Uncertainty:      0.025ns  ((TSJ^2 + TIJ^2)^1/2 + DJ) / 2 + PE
    Total System Jitter     (TSJ):    0.050ns
    Total Input Jitter      (TIJ):    0.000ns
    Discrete Jitter          (DJ):    0.000ns
    Phase Error              (PE):    0.000ns

    Location             Delay type                Incr(ns)  Path(ns)    Netlist Resource(s)
  -------------------------------------------------------------------    -------------------
    U18                                               0.000     0.000 r  rst (IN)
                         net (fo=0)                   0.000     0.000    rst
    U18                  IBUF (Prop_ibuf_I_O)         1.441     1.441 r  rst_IBUF_inst/O
                         net (fo=4, routed)           2.188     3.629    U_PWM/rst_IBUF
    SLICE_X15Y30         LUT5 (Prop_lut5_I0_O)        0.124     3.753 r  U_PWM/counter[0]_i_1/O
                         net (fo=16, routed)          0.635     4.389    U_PWM/counter[0]_i_1_n_0
    SLICE_X14Y28         FDRE                                         r  U_PWM/counter_reg[7]/R
  -------------------------------------------------------------------    -------------------

                         (clock sys_clk_pin rise edge)
                                                      0.000     0.000 r  
    W5                                                0.000     0.000 r  clk (IN)
                         net (fo=0)                   0.000     0.000    clk
    W5                   IBUF (Prop_ibuf_I_O)         1.388     1.388 r  clk_IBUF_inst/O
                         net (fo=1, routed)           1.862     3.250    clk_IBUF
    BUFGCTRL_X0Y0        BUFG (Prop_bufg_I_O)         0.091     3.341 r  clk_IBUF_BUFG_inst/O
                         net (fo=19, routed)          1.438     4.779    U_PWM/clk_IBUF_BUFG
    SLICE_X14Y28         FDRE                                         r  U_PWM/counter_reg[7]/C

Slack:                    inf
  Source:                 rst
                            (input port)
  Destination:            U_PWM/counter_reg[12]/R
                            (rising edge-triggered cell FDRE clocked by sys_clk_pin  {rise@0.000ns fall@5.000ns period=10.000ns})
  Path Group:             (none)
  Path Type:              Setup (Max at Slow Process Corner)
  Data Path Delay:        4.376ns  (logic 1.565ns (35.770%)  route 2.811ns (64.230%))
  Logic Levels:           2  (IBUF=1 LUT5=1)
  Clock Path Skew:        4.780ns (DCD - SCD + CPR)
    Destination Clock Delay (DCD):    4.780ns
    Source Clock Delay      (SCD):    0.000ns
    Clock Pessimism Removal (CPR):    0.000ns
  Clock Uncertainty:      0.025ns  ((TSJ^2 + TIJ^2)^1/2 + DJ) / 2 + PE
    Total System Jitter     (TSJ):    0.050ns
    Total Input Jitter      (TIJ):    0.000ns
    Discrete Jitter          (DJ):    0.000ns
    Phase Error              (PE):    0.000ns

    Location             Delay type                Incr(ns)  Path(ns)    Netlist Resource(s)
  -------------------------------------------------------------------    -------------------
    U18                                               0.000     0.000 r  rst (IN)
                         net (fo=0)                   0.000     0.000    rst
    U18                  IBUF (Prop_ibuf_I_O)         1.441     1.441 r  rst_IBUF_inst/O
                         net (fo=4, routed)           2.188     3.629    U_PWM/rst_IBUF
    SLICE_X15Y30         LUT5 (Prop_lut5_I0_O)        0.124     3.753 r  U_PWM/counter[0]_i_1/O
                         net (fo=16, routed)          0.623     4.376    U_PWM/counter[0]_i_1_n_0
    SLICE_X14Y30         FDRE                                         r  U_PWM/counter_reg[12]/R
  -------------------------------------------------------------------    -------------------

                         (clock sys_clk_pin rise edge)
                                                      0.000     0.000 r  
    W5                                                0.000     0.000 r  clk (IN)
                         net (fo=0)                   0.000     0.000    clk
    W5                   IBUF (Prop_ibuf_I_O)         1.388     1.388 r  clk_IBUF_inst/O
                         net (fo=1, routed)           1.862     3.250    clk_IBUF
    BUFGCTRL_X0Y0        BUFG (Prop_bufg_I_O)         0.091     3.341 r  clk_IBUF_BUFG_inst/O
                         net (fo=19, routed)          1.439     4.780    U_PWM/clk_IBUF_BUFG
    SLICE_X14Y30         FDRE                                         r  U_PWM/counter_reg[12]/C





Min Delay Paths
--------------------------------------------------------------------------------------
Slack:                    inf
  Source:                 fixed_dir
                            (input port)
  Destination:            motor_a_reg/D
                            (rising edge-triggered cell FDRE clocked by sys_clk_pin  {rise@0.000ns fall@5.000ns period=10.000ns})
  Path Group:             (none)
  Path Type:              Hold (Min at Fast Process Corner)
  Data Path Delay:        1.073ns  (logic 0.274ns (25.560%)  route 0.799ns (74.440%))
  Logic Levels:           2  (IBUF=1 LUT2=1)
  Clock Path Skew:        1.980ns (DCD - SCD - CPR)
    Destination Clock Delay (DCD):    1.980ns
    Source Clock Delay      (SCD):    0.000ns
    Clock Pessimism Removal (CPR):    -0.000ns

    Location             Delay type                Incr(ns)  Path(ns)    Netlist Resource(s)
  -------------------------------------------------------------------    -------------------
    V16                                               0.000     0.000 r  fixed_dir (IN)
                         net (fo=0)                   0.000     0.000    fixed_dir
    V16                  IBUF (Prop_ibuf_I_O)         0.229     0.229 r  fixed_dir_IBUF_inst/O
                         net (fo=2, routed)           0.799     1.028    U_PWM/fixed_dir_IBUF
    SLICE_X6Y29          LUT2 (Prop_lut2_I0_O)        0.045     1.073 r  U_PWM/motor_a_i_2/O
                         net (fo=1, routed)           0.000     1.073    U_PWM_n_1
    SLICE_X6Y29          FDRE                                         r  motor_a_reg/D
  -------------------------------------------------------------------    -------------------

                         (clock sys_clk_pin rise edge)
                                                      0.000     0.000 r  
    W5                                                0.000     0.000 r  clk (IN)
                         net (fo=0)                   0.000     0.000    clk
    W5                   IBUF (Prop_ibuf_I_O)         0.414     0.414 r  clk_IBUF_inst/O
                         net (fo=1, routed)           0.685     1.099    clk_IBUF
    BUFGCTRL_X0Y0        BUFG (Prop_bufg_I_O)         0.029     1.128 r  clk_IBUF_BUFG_inst/O
                         net (fo=19, routed)          0.853     1.980    clk_IBUF_BUFG
    SLICE_X6Y29          FDRE                                         r  motor_a_reg/C

Slack:                    inf
  Source:                 rst
                            (input port)
  Destination:            motor_a_reg/R
                            (rising edge-triggered cell FDRE clocked by sys_clk_pin  {rise@0.000ns fall@5.000ns period=10.000ns})
  Path Group:             (none)
  Path Type:              Hold (Min at Fast Process Corner)
  Data Path Delay:        1.153ns  (logic 0.256ns (22.159%)  route 0.898ns (77.841%))
  Logic Levels:           2  (IBUF=1 LUT2=1)
  Clock Path Skew:        1.980ns (DCD - SCD - CPR)
    Destination Clock Delay (DCD):    1.980ns
    Source Clock Delay      (SCD):    0.000ns
    Clock Pessimism Removal (CPR):    -0.000ns

    Location             Delay type                Incr(ns)  Path(ns)    Netlist Resource(s)
  -------------------------------------------------------------------    -------------------
    U18                                               0.000     0.000 r  rst (IN)
                         net (fo=0)                   0.000     0.000    rst
    U18                  IBUF (Prop_ibuf_I_O)         0.210     0.210 r  rst_IBUF_inst/O
                         net (fo=4, routed)           0.663     0.872    rst_IBUF
    SLICE_X6Y25          LUT2 (Prop_lut2_I0_O)        0.046     0.918 r  motor_a_i_1/O
                         net (fo=1, routed)           0.235     1.153    motor_a_i_1_n_0
    SLICE_X6Y29          FDRE                                         r  motor_a_reg/R
  -------------------------------------------------------------------    -------------------

                         (clock sys_clk_pin rise edge)
                                                      0.000     0.000 r  
    W5                                                0.000     0.000 r  clk (IN)
                         net (fo=0)                   0.000     0.000    clk
    W5                   IBUF (Prop_ibuf_I_O)         0.414     0.414 r  clk_IBUF_inst/O
                         net (fo=1, routed)           0.685     1.099    clk_IBUF
    BUFGCTRL_X0Y0        BUFG (Prop_bufg_I_O)         0.029     1.128 r  clk_IBUF_BUFG_inst/O
                         net (fo=19, routed)          0.853     1.980    clk_IBUF_BUFG
    SLICE_X6Y29          FDRE                                         r  motor_a_reg/C

Slack:                    inf
  Source:                 rst
                            (input port)
  Destination:            U_PWM/pwm_out_reg/D
                            (rising edge-triggered cell FDRE clocked by sys_clk_pin  {rise@0.000ns fall@5.000ns period=10.000ns})
  Path Group:             (none)
  Path Type:              Hold (Min at Fast Process Corner)
  Data Path Delay:        1.203ns  (logic 0.255ns (21.166%)  route 0.948ns (78.835%))
  Logic Levels:           2  (IBUF=1 LUT2=1)
  Clock Path Skew:        1.953ns (DCD - SCD - CPR)
    Destination Clock Delay (DCD):    1.953ns
    Source Clock Delay      (SCD):    0.000ns
    Clock Pessimism Removal (CPR):    -0.000ns

    Location             Delay type                Incr(ns)  Path(ns)    Netlist Resource(s)
  -------------------------------------------------------------------    -------------------
    U18                                               0.000     0.000 f  rst (IN)
                         net (fo=0)                   0.000     0.000    rst
    U18                  IBUF (Prop_ibuf_I_O)         0.210     0.210 f  rst_IBUF_inst/O
                         net (fo=4, routed)           0.948     1.158    U_PWM/rst_IBUF
    SLICE_X10Y30         LUT2 (Prop_lut2_I1_O)        0.045     1.203 r  U_PWM/pwm_out_i_1/O
                         net (fo=1, routed)           0.000     1.203    U_PWM/pwm_out_i_1_n_0
    SLICE_X10Y30         FDRE                                         r  U_PWM/pwm_out_reg/D
  -------------------------------------------------------------------    -------------------

                         (clock sys_clk_pin rise edge)
                                                      0.000     0.000 r  
    W5                                                0.000     0.000 r  clk (IN)
                         net (fo=0)                   0.000     0.000    clk
    W5                   IBUF (Prop_ibuf_I_O)         0.414     0.414 r  clk_IBUF_inst/O
                         net (fo=1, routed)           0.685     1.099    clk_IBUF
    BUFGCTRL_X0Y0        BUFG (Prop_bufg_I_O)         0.029     1.128 r  clk_IBUF_BUFG_inst/O
                         net (fo=19, routed)          0.826     1.953    U_PWM/clk_IBUF_BUFG
    SLICE_X10Y30         FDRE                                         r  U_PWM/pwm_out_reg/C

Slack:                    inf
  Source:                 fixed_dir
                            (input port)
  Destination:            motor_b_reg/R
                            (rising edge-triggered cell FDRE clocked by sys_clk_pin  {rise@0.000ns fall@5.000ns period=10.000ns})
  Path Group:             (none)
  Path Type:              Hold (Min at Fast Process Corner)
  Data Path Delay:        1.229ns  (logic 0.274ns (22.315%)  route 0.955ns (77.685%))
  Logic Levels:           2  (IBUF=1 LUT3=1)
  Clock Path Skew:        1.952ns (DCD - SCD - CPR)
    Destination Clock Delay (DCD):    1.952ns
    Source Clock Delay      (SCD):    0.000ns
    Clock Pessimism Removal (CPR):    -0.000ns

    Location             Delay type                Incr(ns)  Path(ns)    Netlist Resource(s)
  -------------------------------------------------------------------    -------------------
    V16                                               0.000     0.000 r  fixed_dir (IN)
                         net (fo=0)                   0.000     0.000    fixed_dir
    V16                  IBUF (Prop_ibuf_I_O)         0.229     0.229 r  fixed_dir_IBUF_inst/O
                         net (fo=2, routed)           0.604     0.833    fixed_dir_IBUF
    SLICE_X6Y25          LUT3 (Prop_lut3_I2_O)        0.045     0.878 r  motor_b_i_1/O
                         net (fo=1, routed)           0.351     1.229    motor_b_i_1_n_0
    SLICE_X9Y29          FDRE                                         r  motor_b_reg/R
  -------------------------------------------------------------------    -------------------

                         (clock sys_clk_pin rise edge)
                                                      0.000     0.000 r  
    W5                                                0.000     0.000 r  clk (IN)
                         net (fo=0)                   0.000     0.000    clk
    W5                   IBUF (Prop_ibuf_I_O)         0.414     0.414 r  clk_IBUF_inst/O
                         net (fo=1, routed)           0.685     1.099    clk_IBUF
    BUFGCTRL_X0Y0        BUFG (Prop_bufg_I_O)         0.029     1.128 r  clk_IBUF_BUFG_inst/O
                         net (fo=19, routed)          0.825     1.952    clk_IBUF_BUFG
    SLICE_X9Y29          FDRE                                         r  motor_b_reg/C

Slack:                    inf
  Source:                 rst
                            (input port)
  Destination:            U_PWM/counter_reg[10]/R
                            (rising edge-triggered cell FDRE clocked by sys_clk_pin  {rise@0.000ns fall@5.000ns period=10.000ns})
  Path Group:             (none)
  Path Type:              Hold (Min at Fast Process Corner)
  Data Path Delay:        1.337ns  (logic 0.255ns (19.037%)  route 1.082ns (80.963%))
  Logic Levels:           2  (IBUF=1 LUT5=1)
  Clock Path Skew:        1.952ns (DCD - SCD - CPR)
    Destination Clock Delay (DCD):    1.952ns
    Source Clock Delay      (SCD):    0.000ns
    Clock Pessimism Removal (CPR):    -0.000ns

    Location             Delay type                Incr(ns)  Path(ns)    Netlist Resource(s)
  -------------------------------------------------------------------    -------------------
    U18                                               0.000     0.000 r  rst (IN)
                         net (fo=0)                   0.000     0.000    rst
    U18                  IBUF (Prop_ibuf_I_O)         0.210     0.210 r  rst_IBUF_inst/O
                         net (fo=4, routed)           0.954     1.164    U_PWM/rst_IBUF
    SLICE_X15Y30         LUT5 (Prop_lut5_I0_O)        0.045     1.209 r  U_PWM/counter[0]_i_1/O
                         net (fo=16, routed)          0.128     1.337    U_PWM/counter[0]_i_1_n_0
    SLICE_X14Y29         FDRE                                         r  U_PWM/counter_reg[10]/R
  -------------------------------------------------------------------    -------------------

                         (clock sys_clk_pin rise edge)
                                                      0.000     0.000 r  
    W5                                                0.000     0.000 r  clk (IN)
                         net (fo=0)                   0.000     0.000    clk
    W5                   IBUF (Prop_ibuf_I_O)         0.414     0.414 r  clk_IBUF_inst/O
                         net (fo=1, routed)           0.685     1.099    clk_IBUF
    BUFGCTRL_X0Y0        BUFG (Prop_bufg_I_O)         0.029     1.128 r  clk_IBUF_BUFG_inst/O
                         net (fo=19, routed)          0.825     1.952    U_PWM/clk_IBUF_BUFG
    SLICE_X14Y29         FDRE                                         r  U_PWM/counter_reg[10]/C

Slack:                    inf
  Source:                 rst
                            (input port)
  Destination:            U_PWM/counter_reg[11]/R
                            (rising edge-triggered cell FDRE clocked by sys_clk_pin  {rise@0.000ns fall@5.000ns period=10.000ns})
  Path Group:             (none)
  Path Type:              Hold (Min at Fast Process Corner)
  Data Path Delay:        1.337ns  (logic 0.255ns (19.037%)  route 1.082ns (80.963%))
  Logic Levels:           2  (IBUF=1 LUT5=1)
  Clock Path Skew:        1.952ns (DCD - SCD - CPR)
    Destination Clock Delay (DCD):    1.952ns
    Source Clock Delay      (SCD):    0.000ns
    Clock Pessimism Removal (CPR):    -0.000ns

    Location             Delay type                Incr(ns)  Path(ns)    Netlist Resource(s)
  -------------------------------------------------------------------    -------------------
    U18                                               0.000     0.000 r  rst (IN)
                         net (fo=0)                   0.000     0.000    rst
    U18                  IBUF (Prop_ibuf_I_O)         0.210     0.210 r  rst_IBUF_inst/O
                         net (fo=4, routed)           0.954     1.164    U_PWM/rst_IBUF
    SLICE_X15Y30         LUT5 (Prop_lut5_I0_O)        0.045     1.209 r  U_PWM/counter[0]_i_1/O
                         net (fo=16, routed)          0.128     1.337    U_PWM/counter[0]_i_1_n_0
    SLICE_X14Y29         FDRE                                         r  U_PWM/counter_reg[11]/R
  -------------------------------------------------------------------    -------------------

                         (clock sys_clk_pin rise edge)
                                                      0.000     0.000 r  
    W5                                                0.000     0.000 r  clk (IN)
                         net (fo=0)                   0.000     0.000    clk
    W5                   IBUF (Prop_ibuf_I_O)         0.414     0.414 r  clk_IBUF_inst/O
                         net (fo=1, routed)           0.685     1.099    clk_IBUF
    BUFGCTRL_X0Y0        BUFG (Prop_bufg_I_O)         0.029     1.128 r  clk_IBUF_BUFG_inst/O
                         net (fo=19, routed)          0.825     1.952    U_PWM/clk_IBUF_BUFG
    SLICE_X14Y29         FDRE                                         r  U_PWM/counter_reg[11]/C

Slack:                    inf
  Source:                 rst
                            (input port)
  Destination:            U_PWM/counter_reg[8]/R
                            (rising edge-triggered cell FDRE clocked by sys_clk_pin  {rise@0.000ns fall@5.000ns period=10.000ns})
  Path Group:             (none)
  Path Type:              Hold (Min at Fast Process Corner)
  Data Path Delay:        1.337ns  (logic 0.255ns (19.037%)  route 1.082ns (80.963%))
  Logic Levels:           2  (IBUF=1 LUT5=1)
  Clock Path Skew:        1.952ns (DCD - SCD - CPR)
    Destination Clock Delay (DCD):    1.952ns
    Source Clock Delay      (SCD):    0.000ns
    Clock Pessimism Removal (CPR):    -0.000ns

    Location             Delay type                Incr(ns)  Path(ns)    Netlist Resource(s)
  -------------------------------------------------------------------    -------------------
    U18                                               0.000     0.000 r  rst (IN)
                         net (fo=0)                   0.000     0.000    rst
    U18                  IBUF (Prop_ibuf_I_O)         0.210     0.210 r  rst_IBUF_inst/O
                         net (fo=4, routed)           0.954     1.164    U_PWM/rst_IBUF
    SLICE_X15Y30         LUT5 (Prop_lut5_I0_O)        0.045     1.209 r  U_PWM/counter[0]_i_1/O
                         net (fo=16, routed)          0.128     1.337    U_PWM/counter[0]_i_1_n_0
    SLICE_X14Y29         FDRE                                         r  U_PWM/counter_reg[8]/R
  -------------------------------------------------------------------    -------------------

                         (clock sys_clk_pin rise edge)
                                                      0.000     0.000 r  
    W5                                                0.000     0.000 r  clk (IN)
                         net (fo=0)                   0.000     0.000    clk
    W5                   IBUF (Prop_ibuf_I_O)         0.414     0.414 r  clk_IBUF_inst/O
                         net (fo=1, routed)           0.685     1.099    clk_IBUF
    BUFGCTRL_X0Y0        BUFG (Prop_bufg_I_O)         0.029     1.128 r  clk_IBUF_BUFG_inst/O
                         net (fo=19, routed)          0.825     1.952    U_PWM/clk_IBUF_BUFG
    SLICE_X14Y29         FDRE                                         r  U_PWM/counter_reg[8]/C

Slack:                    inf
  Source:                 rst
                            (input port)
  Destination:            U_PWM/counter_reg[9]/R
                            (rising edge-triggered cell FDRE clocked by sys_clk_pin  {rise@0.000ns fall@5.000ns period=10.000ns})
  Path Group:             (none)
  Path Type:              Hold (Min at Fast Process Corner)
  Data Path Delay:        1.337ns  (logic 0.255ns (19.037%)  route 1.082ns (80.963%))
  Logic Levels:           2  (IBUF=1 LUT5=1)
  Clock Path Skew:        1.952ns (DCD - SCD - CPR)
    Destination Clock Delay (DCD):    1.952ns
    Source Clock Delay      (SCD):    0.000ns
    Clock Pessimism Removal (CPR):    -0.000ns

    Location             Delay type                Incr(ns)  Path(ns)    Netlist Resource(s)
  -------------------------------------------------------------------    -------------------
    U18                                               0.000     0.000 r  rst (IN)
                         net (fo=0)                   0.000     0.000    rst
    U18                  IBUF (Prop_ibuf_I_O)         0.210     0.210 r  rst_IBUF_inst/O
                         net (fo=4, routed)           0.954     1.164    U_PWM/rst_IBUF
    SLICE_X15Y30         LUT5 (Prop_lut5_I0_O)        0.045     1.209 r  U_PWM/counter[0]_i_1/O
                         net (fo=16, routed)          0.128     1.337    U_PWM/counter[0]_i_1_n_0
    SLICE_X14Y29         FDRE                                         r  U_PWM/counter_reg[9]/R
  -------------------------------------------------------------------    -------------------

                         (clock sys_clk_pin rise edge)
                                                      0.000     0.000 r  
    W5                                                0.000     0.000 r  clk (IN)
                         net (fo=0)                   0.000     0.000    clk
    W5                   IBUF (Prop_ibuf_I_O)         0.414     0.414 r  clk_IBUF_inst/O
                         net (fo=1, routed)           0.685     1.099    clk_IBUF
    BUFGCTRL_X0Y0        BUFG (Prop_bufg_I_O)         0.029     1.128 r  clk_IBUF_BUFG_inst/O
                         net (fo=19, routed)          0.825     1.952    U_PWM/clk_IBUF_BUFG
    SLICE_X14Y29         FDRE                                         r  U_PWM/counter_reg[9]/C

Slack:                    inf
  Source:                 rst
                            (input port)
  Destination:            U_PWM/counter_reg[12]/R
                            (rising edge-triggered cell FDRE clocked by sys_clk_pin  {rise@0.000ns fall@5.000ns period=10.000ns})
  Path Group:             (none)
  Path Type:              Hold (Min at Fast Process Corner)
  Data Path Delay:        1.428ns  (logic 0.255ns (17.821%)  route 1.174ns (82.179%))
  Logic Levels:           2  (IBUF=1 LUT5=1)
  Clock Path Skew:        1.953ns (DCD - SCD - CPR)
    Destination Clock Delay (DCD):    1.953ns
    Source Clock Delay      (SCD):    0.000ns
    Clock Pessimism Removal (CPR):    -0.000ns

    Location             Delay type                Incr(ns)  Path(ns)    Netlist Resource(s)
  -------------------------------------------------------------------    -------------------
    U18                                               0.000     0.000 r  rst (IN)
                         net (fo=0)                   0.000     0.000    rst
    U18                  IBUF (Prop_ibuf_I_O)         0.210     0.210 r  rst_IBUF_inst/O
                         net (fo=4, routed)           0.954     1.164    U_PWM/rst_IBUF
    SLICE_X15Y30         LUT5 (Prop_lut5_I0_O)        0.045     1.209 r  U_PWM/counter[0]_i_1/O
                         net (fo=16, routed)          0.220     1.428    U_PWM/counter[0]_i_1_n_0
    SLICE_X14Y30         FDRE                                         r  U_PWM/counter_reg[12]/R
  -------------------------------------------------------------------    -------------------

                         (clock sys_clk_pin rise edge)
                                                      0.000     0.000 r  
    W5                                                0.000     0.000 r  clk (IN)
                         net (fo=0)                   0.000     0.000    clk
    W5                   IBUF (Prop_ibuf_I_O)         0.414     0.414 r  clk_IBUF_inst/O
                         net (fo=1, routed)           0.685     1.099    clk_IBUF
    BUFGCTRL_X0Y0        BUFG (Prop_bufg_I_O)         0.029     1.128 r  clk_IBUF_BUFG_inst/O
                         net (fo=19, routed)          0.826     1.953    U_PWM/clk_IBUF_BUFG
    SLICE_X14Y30         FDRE                                         r  U_PWM/counter_reg[12]/C

Slack:                    inf
  Source:                 rst
                            (input port)
  Destination:            U_PWM/counter_reg[13]/R
                            (rising edge-triggered cell FDRE clocked by sys_clk_pin  {rise@0.000ns fall@5.000ns period=10.000ns})
  Path Group:             (none)
  Path Type:              Hold (Min at Fast Process Corner)
  Data Path Delay:        1.428ns  (logic 0.255ns (17.821%)  route 1.174ns (82.179%))
  Logic Levels:           2  (IBUF=1 LUT5=1)
  Clock Path Skew:        1.953ns (DCD - SCD - CPR)
    Destination Clock Delay (DCD):    1.953ns
    Source Clock Delay      (SCD):    0.000ns
    Clock Pessimism Removal (CPR):    -0.000ns

    Location             Delay type                Incr(ns)  Path(ns)    Netlist Resource(s)
  -------------------------------------------------------------------    -------------------
    U18                                               0.000     0.000 r  rst (IN)
                         net (fo=0)                   0.000     0.000    rst
    U18                  IBUF (Prop_ibuf_I_O)         0.210     0.210 r  rst_IBUF_inst/O
                         net (fo=4, routed)           0.954     1.164    U_PWM/rst_IBUF
    SLICE_X15Y30         LUT5 (Prop_lut5_I0_O)        0.045     1.209 r  U_PWM/counter[0]_i_1/O
                         net (fo=16, routed)          0.220     1.428    U_PWM/counter[0]_i_1_n_0
    SLICE_X14Y30         FDRE                                         r  U_PWM/counter_reg[13]/R
  -------------------------------------------------------------------    -------------------

                         (clock sys_clk_pin rise edge)
                                                      0.000     0.000 r  
    W5                                                0.000     0.000 r  clk (IN)
                         net (fo=0)                   0.000     0.000    clk
    W5                   IBUF (Prop_ibuf_I_O)         0.414     0.414 r  clk_IBUF_inst/O
                         net (fo=1, routed)           0.685     1.099    clk_IBUF
    BUFGCTRL_X0Y0        BUFG (Prop_bufg_I_O)         0.029     1.128 r  clk_IBUF_BUFG_inst/O
                         net (fo=19, routed)          0.826     1.953    U_PWM/clk_IBUF_BUFG
    SLICE_X14Y30         FDRE                                         r  U_PWM/counter_reg[13]/C





