#-----------------------------------------------------------
# Vivado v2025.2 (64-bit)
# SW Build 6299465 on Fri Nov 14 19:35:11 GMT 2025
# IP Build 6300035 on Fri Nov 14 10:48:45 MST 2025
# SharedData Build 6298862 on Thu Nov 13 04:50:51 MST 2025
# Start of session at: Tue May 19 15:29:03 2026
# Process ID         : 2300
# Current directory  : C:/Users/robin/Documents/GitHub/FPGA-GearBox---Group-Bertolini-Liberato/Gabriel_Files
# Command line       : vivado.exe -gui_launcher_event rodinguilauncherevent20964 C:\Users\robin\Documents\GitHub\FPGA-GearBox---Group-Bertolini-Liberato\Gabriel_Files\Gearbox_Project.xpr
# Log file           : C:/Users/robin/Documents/GitHub/FPGA-GearBox---Group-Bertolini-Liberato/Gabriel_Files/vivado.log
# Journal file       : C:/Users/robin/Documents/GitHub/FPGA-GearBox---Group-Bertolini-Liberato/Gabriel_Files\vivado.jou
# Running On         : PcBobin
# Platform           : Windows Server 2016 or Windows 10
# Operating System   : 26200
# Processor Detail   : 13th Gen Intel(R) Core(TM) i9-13900H
# CPU Frequency      : 2995 MHz
# CPU Physical cores : 14
# CPU Logical cores  : 20
# Host memory        : 16788 MB
# Swap memory        : 11811 MB
# Total Virtual      : 28599 MB
# Available Virtual  : 15057 MB
#-----------------------------------------------------------
start_gui
open_project C:/Users/robin/Documents/GitHub/FPGA-GearBox---Group-Bertolini-Liberato/Gabriel_Files/Gearbox_Project.xpr
INFO: [ProjectBase 1-489] The host OS only allows 260 characters in a normal path. The project is stored in a path with more than 80 characters. If you experience issues with IP, Block Designs, or files not being found, please consider moving the project to a location with a shorter path. Alternately consider using the OS subst command to map part of the path to a drive letter.
Current project path is 'C:/Users/robin/Documents/GitHub/FPGA-GearBox---Group-Bertolini-Liberato/Gabriel_Files'
WARNING: [Board 49-26] cannot add Board Part xilinx.com:emb-plus-vpr-4616:part0:1.0 available at C:/AMDDesignTools/2025.2/data/xhub/boards\XilinxBoardStore\boards\Xilinx\emb-plus-vpr-4616\1.0\board.xml as part xcve2302-sfva784-2mp-e-s specified in board_part file is either invalid or not available
WARNING: [Board 49-26] cannot add Board Part xilinx.com:emb-plus-vpr-4616:part0:1.1 available at C:/AMDDesignTools/2025.2/data/xhub/boards\XilinxBoardStore\boards\Xilinx\emb-plus-vpr-4616\1.1\board.xml as part xcve2302-sfva784-2mp-e-s specified in board_part file is either invalid or not available
WARNING: [Board 49-26] cannot add Board Part xilinx.com:k24c:part0:1.0 available at C:/AMDDesignTools/2025.2/data/xhub/boards\XilinxBoardStore\boards\Xilinx\k24c\1.0\board.xml as part xck24-ubva530-2lv-c specified in board_part file is either invalid or not available
WARNING: [Board 49-26] cannot add Board Part xilinx.com:k24c:part0:1.1 available at C:/AMDDesignTools/2025.2/data/xhub/boards\XilinxBoardStore\boards\Xilinx\k24c\1.1\board.xml as part xck24-ubva530-2lv-c specified in board_part file is either invalid or not available
WARNING: [Board 49-26] cannot add Board Part xilinx.com:k24i:part0:1.0 available at C:/AMDDesignTools/2025.2/data/xhub/boards\XilinxBoardStore\boards\Xilinx\k24i\1.0\board.xml as part xck24-ubva530-2lvi-i specified in board_part file is either invalid or not available
WARNING: [Board 49-26] cannot add Board Part xilinx.com:k26c:part0:1.2 available at C:/AMDDesignTools/2025.2/data/xhub/boards\XilinxBoardStore\boards\Xilinx\k26c\1.2\board.xml as part xck26-sfvc784-2lv-c specified in board_part file is either invalid or not available
WARNING: [Board 49-26] cannot add Board Part xilinx.com:k26c:part0:1.3 available at C:/AMDDesignTools/2025.2/data/xhub/boards\XilinxBoardStore\boards\Xilinx\k26c\1.3\board.xml as part xck26-sfvc784-2lv-c specified in board_part file is either invalid or not available
WARNING: [Board 49-26] cannot add Board Part xilinx.com:k26c:part0:1.4 available at C:/AMDDesignTools/2025.2/data/xhub/boards\XilinxBoardStore\boards\Xilinx\k26c\1.4\board.xml as part xck26-sfvc784-2lv-c specified in board_part file is either invalid or not available
WARNING: [Board 49-26] cannot add Board Part xilinx.com:k26i:part0:1.2 available at C:/AMDDesignTools/2025.2/data/xhub/boards\XilinxBoardStore\boards\Xilinx\k26i\1.2\board.xml as part xck26-sfvc784-2lvi-i specified in board_part file is either invalid or not available
WARNING: [Board 49-26] cannot add Board Part xilinx.com:k26i:part0:1.3 available at C:/AMDDesignTools/2025.2/data/xhub/boards\XilinxBoardStore\boards\Xilinx\k26i\1.3\board.xml as part xck26-sfvc784-2lvi-i specified in board_part file is either invalid or not available
WARNING: [Board 49-26] cannot add Board Part xilinx.com:k26i:part0:1.4 available at C:/AMDDesignTools/2025.2/data/xhub/boards\XilinxBoardStore\boards\Xilinx\k26i\1.4\board.xml as part xck26-sfvc784-2lvi-i specified in board_part file is either invalid or not available
WARNING: [Board 49-26] cannot add Board Part xilinx.com:kc705:part0:1.6 available at C:/AMDDesignTools/2025.2/data/xhub/boards\XilinxBoardStore\boards\Xilinx\kc705\1.6\board.xml as part xc7k325tffg900-2 specified in board_part file is either invalid or not available
WARNING: [Board 49-26] cannot add Board Part xilinx.com:kc705:part0:1.7 available at C:/AMDDesignTools/2025.2/data/xhub/boards\XilinxBoardStore\boards\Xilinx\kc705\1.7\board.xml as part xc7k325tffg900-2 specified in board_part file is either invalid or not available
WARNING: [Board 49-26] cannot add Board Part xilinx.com:kcu105:part0:1.6 available at C:/AMDDesignTools/2025.2/data/xhub/boards\XilinxBoardStore\boards\Xilinx\kcu105\1.6\board.xml as part xcku040-ffva1156-2-e specified in board_part file is either invalid or not available
WARNING: [Board 49-26] cannot add Board Part xilinx.com:kcu105:part0:1.7 available at C:/AMDDesignTools/2025.2/data/xhub/boards\XilinxBoardStore\boards\Xilinx\kcu105\1.7\board.xml as part xcku040-ffva1156-2-e specified in board_part file is either invalid or not available
WARNING: [Board 49-26] cannot add Board Part xilinx.com:kcu116:part0:1.4 available at C:/AMDDesignTools/2025.2/data/xhub/boards\XilinxBoardStore\boards\Xilinx\kcu116\1.4\board.xml as part xcku5p-ffvb676-2-e specified in board_part file is either invalid or not available
WARNING: [Board 49-26] cannot add Board Part xilinx.com:kcu116:part0:1.5 available at C:/AMDDesignTools/2025.2/data/xhub/boards\XilinxBoardStore\boards\Xilinx\kcu116\1.5\board.xml as part xcku5p-ffvb676-2-e specified in board_part file is either invalid or not available
WARNING: [Board 49-26] cannot add Board Part xilinx.com:kd240_som:part0:1.0 available at C:/AMDDesignTools/2025.2/data/xhub/boards\XilinxBoardStore\boards\Xilinx\kd240_som\1.0\board.xml as part xck24-ubva530-2lv-c specified in board_part file is either invalid or not available
WARNING: [Board 49-26] cannot add Board Part xilinx.com:kd240_som:part0:1.1 available at C:/AMDDesignTools/2025.2/data/xhub/boards\XilinxBoardStore\boards\Xilinx\kd240_som\1.1\board.xml as part xck24-ubva530-2lv-c specified in board_part file is either invalid or not available
WARNING: [Board 49-26] cannot add Board Part xilinx.com:kr260_som:part0:1.0 available at C:/AMDDesignTools/2025.2/data/xhub/boards\XilinxBoardStore\boards\Xilinx\kr260_som\1.0\board.xml as part xck26-sfvc784-2lv-c specified in board_part file is either invalid or not available
WARNING: [Board 49-26] cannot add Board Part xilinx.com:kr260_som:part0:1.1 available at C:/AMDDesignTools/2025.2/data/xhub/boards\XilinxBoardStore\boards\Xilinx\kr260_som\1.1\board.xml as part xck26-sfvc784-2lv-c specified in board_part file is either invalid or not available
WARNING: [Board 49-26] cannot add Board Part xilinx.com:kv260_som:part0:1.2 available at C:/AMDDesignTools/2025.2/data/xhub/boards\XilinxBoardStore\boards\Xilinx\kv260_som\1.2\board.xml as part xck26-sfvc784-2lv-c specified in board_part file is either invalid or not available
WARNING: [Board 49-26] cannot add Board Part xilinx.com:kv260_som:part0:1.3 available at C:/AMDDesignTools/2025.2/data/xhub/boards\XilinxBoardStore\boards\Xilinx\kv260_som\1.3\board.xml as part xck26-sfvc784-2lv-c specified in board_part file is either invalid or not available
WARNING: [Board 49-26] cannot add Board Part xilinx.com:kv260_som:part0:1.4 available at C:/AMDDesignTools/2025.2/data/xhub/boards\XilinxBoardStore\boards\Xilinx\kv260_som\1.4\board.xml as part xck26-sfvc784-2lv-c specified in board_part file is either invalid or not available
WARNING: [Board 49-26] cannot add Board Part xilinx.com:scu35:part0:1.0 available at C:/AMDDesignTools/2025.2/data/xhub/boards\XilinxBoardStore\boards\Xilinx\scu35\1.0\board.xml as part xcsu35p-sbvb625-2-e specified in board_part file is either invalid or not available
WARNING: [Board 49-26] cannot add Board Part xilinx.com:sp701:part0:1.0 available at C:/AMDDesignTools/2025.2/data/xhub/boards\XilinxBoardStore\boards\Xilinx\sp701\1.0\board.xml as part xc7s100fgga676-2 specified in board_part file is either invalid or not available
WARNING: [Board 49-26] cannot add Board Part xilinx.com:sp701:part0:1.1 available at C:/AMDDesignTools/2025.2/data/xhub/boards\XilinxBoardStore\boards\Xilinx\sp701\1.1\board.xml as part xc7s100fgga676-2 specified in board_part file is either invalid or not available
WARNING: [Board 49-26] cannot add Board Part xilinx.com:vc707:part0:1.4 available at C:/AMDDesignTools/2025.2/data/xhub/boards\XilinxBoardStore\boards\Xilinx\vc707\1.4\board.xml as part xc7vx485tffg1761-2 specified in board_part file is either invalid or not available
WARNING: [Board 49-26] cannot add Board Part xilinx.com:vc707:part0:1.5 available at C:/AMDDesignTools/2025.2/data/xhub/boards\XilinxBoardStore\boards\Xilinx\vc707\1.5\board.xml as part xc7vx485tffg1761-2 specified in board_part file is either invalid or not available
WARNING: [Board 49-26] cannot add Board Part xilinx.com:vc709:part0:1.8 available at C:/AMDDesignTools/2025.2/data/xhub/boards\XilinxBoardStore\boards\Xilinx\vc709\1.8\board.xml as part xc7vx690tffg1761-2 specified in board_part file is either invalid or not available
WARNING: [Board 49-26] cannot add Board Part xilinx.com:vcu108:part0:1.6 available at C:/AMDDesignTools/2025.2/data/xhub/boards\XilinxBoardStore\boards\Xilinx\vcu108\1.6\board.xml as part xcvu095-ffva2104-2-e specified in board_part file is either invalid or not available
WARNING: [Board 49-26] cannot add Board Part xilinx.com:vcu108:part0:1.7 available at C:/AMDDesignTools/2025.2/data/xhub/boards\XilinxBoardStore\boards\Xilinx\vcu108\1.7\board.xml as part xcvu095-ffva2104-2-e specified in board_part file is either invalid or not available
WARNING: [Board 49-26] cannot add Board Part xilinx.com:vcu110:part0:1.4 available at C:/AMDDesignTools/2025.2/data/xhub/boards\XilinxBoardStore\boards\Xilinx\vcu110\1.4\board.xml as part xcvu190-flgc2104-2-e specified in board_part file is either invalid or not available
WARNING: [Board 49-26] cannot add Board Part xilinx.com:vcu129:part0:1.0 available at C:/AMDDesignTools/2025.2/data/xhub/boards\XilinxBoardStore\boards\Xilinx\vcu129\production\1.0\board.xml as part xcvu29p-fsga2577-2l-e specified in board_part file is either invalid or not available
WARNING: [Board 49-26] cannot add Board Part xilinx.com:vek280:part0:1.0 available at C:/AMDDesignTools/2025.2/data/xhub/boards\XilinxBoardStore\boards\Xilinx\vek280\production\1.0\board.xml as part xcve2802-vsvh1760-2mp-e-s specified in board_part file is either invalid or not available
WARNING: [Board 49-26] cannot add Board Part xilinx.com:vek280:part0:1.1 available at C:/AMDDesignTools/2025.2/data/xhub/boards\XilinxBoardStore\boards\Xilinx\vek280\production\1.1\board.xml as part xcve2802-vsvh1760-2mp-e-s specified in board_part file is either invalid or not available
WARNING: [Board 49-26] cannot add Board Part xilinx.com:vek280:part0:1.2 available at C:/AMDDesignTools/2025.2/data/xhub/boards\XilinxBoardStore\boards\Xilinx\vek280\production\1.2\board.xml as part xcve2802-vsvh1760-2mp-e-s specified in board_part file is either invalid or not available
WARNING: [Board 49-26] cannot add Board Part xilinx.com:vek385:part0:1.0 available at C:/AMDDesignTools/2025.2/data/xhub/boards\XilinxBoardStore\boards\Xilinx\vek385\1.0\board.xml as part xc2ve3858-ssva2112-2mp-e-s specified in board_part file is either invalid or not available
WARNING: [Board 49-26] cannot add Board Part xilinx.com:vek385:part0:1.1 available at C:/AMDDesignTools/2025.2/data/xhub/boards\XilinxBoardStore\boards\Xilinx\vek385\1.1\board.xml as part xc2ve3858-ssva2112-2mp-e-s specified in board_part file is either invalid or not available
WARNING: [Board 49-26] cannot add Board Part xilinx.com:vek385_1:part0:1.0 available at C:/AMDDesignTools/2025.2/data/xhub/boards\XilinxBoardStore\boards\Xilinx\vek385_2\1.0\board.xml as part xc2ve3858-ssva2112-2mp-e-s specified in board_part file is either invalid or not available
WARNING: [Board 49-26] cannot add Board Part xilinx.com:vermeo_t1_rfsoc:part0:1.0 available at C:/AMDDesignTools/2025.2/data/xhub/boards\XilinxBoardStore\boards\Xilinx\vermeo_t1_rfsoc\1.0\board.xml as part xczu21dr-ffvd1156-2l-e specified in board_part file is either invalid or not available
WARNING: [Board 49-26] cannot add Board Part xilinx.com:vhk158:part0:1.0 available at C:/AMDDesignTools/2025.2/data/xhub/boards\XilinxBoardStore\boards\Xilinx\vhk158\production\1.0\board.xml as part xcvh1582-vsva3697-2mp-e-s specified in board_part file is either invalid or not available
WARNING: [Board 49-26] cannot add Board Part xilinx.com:vhk158:part0:1.1 available at C:/AMDDesignTools/2025.2/data/xhub/boards\XilinxBoardStore\boards\Xilinx\vhk158\production\1.1\board.xml as part xcvh1582-vsva3697-2mp-e-s specified in board_part file is either invalid or not available
WARNING: [Board 49-26] cannot add Board Part xilinx.com:vhk158:part0:1.2 available at C:/AMDDesignTools/2025.2/data/xhub/boards\XilinxBoardStore\boards\Xilinx\vhk158\production\1.2\board.xml as part xcvh1582-vsva3697-2mp-e-s specified in board_part file is either invalid or not available
WARNING: [Board 49-26] cannot add Board Part xilinx.com:vpk180:part0:1.0 available at C:/AMDDesignTools/2025.2/data/xhub/boards\XilinxBoardStore\boards\Xilinx\vpk180\production\1.0\board.xml as part xcvp1802-lsvc4072-2mp-e-s specified in board_part file is either invalid or not available
WARNING: [Board 49-26] cannot add Board Part xilinx.com:vpk180:part0:1.1 available at C:/AMDDesignTools/2025.2/data/xhub/boards\XilinxBoardStore\boards\Xilinx\vpk180\production\1.1\board.xml as part xcvp1802-lsvc4072-2mp-e-s specified in board_part file is either invalid or not available
WARNING: [Board 49-26] cannot add Board Part xilinx.com:vpk180:part0:1.2 available at C:/AMDDesignTools/2025.2/data/xhub/boards\XilinxBoardStore\boards\Xilinx\vpk180\production\1.2\board.xml as part xcvp1802-lsvc4072-2mp-e-s specified in board_part file is either invalid or not available
WARNING: [Board 49-26] cannot add Board Part xilinx.com:vrk160:part0:1.0 available at C:/AMDDesignTools/2025.2/data/xhub/boards\XilinxBoardStore\boards\Xilinx\vrk160\1.0\board.xml as part xcvr1602-vsva2488-2mp-e-s-es1 specified in board_part file is either invalid or not available
WARNING: [Board 49-26] cannot add Board Part xilinx.com:vrk160:part0:1.1 available at C:/AMDDesignTools/2025.2/data/xhub/boards\XilinxBoardStore\boards\Xilinx\vrk160\1.1\board.xml as part xcvr1602-vsva2488-2mp-e-s-es1 specified in board_part file is either invalid or not available
WARNING: [Board 49-26] cannot add Board Part xilinx.com:zcu111:part0:1.2 available at C:/AMDDesignTools/2025.2/data/xhub/boards\XilinxBoardStore\boards\Xilinx\zcu111\1.2\board.xml as part xczu28dr-ffvg1517-2-e specified in board_part file is either invalid or not available
WARNING: [Board 49-26] cannot add Board Part xilinx.com:zcu111:part0:1.3 available at C:/AMDDesignTools/2025.2/data/xhub/boards\XilinxBoardStore\boards\Xilinx\zcu111\1.3\board.xml as part xczu28dr-ffvg1517-2-e specified in board_part file is either invalid or not available
WARNING: [Board 49-26] cannot add Board Part xilinx.com:zcu111:part0:1.4 available at C:/AMDDesignTools/2025.2/data/xhub/boards\XilinxBoardStore\boards\Xilinx\zcu111\1.4\board.xml as part xczu28dr-ffvg1517-2-e specified in board_part file is either invalid or not available
WARNING: [Board 49-26] cannot add Board Part xilinx.com:zcu1275:part0:1.0 available at C:/AMDDesignTools/2025.2/data/xhub/boards\XilinxBoardStore\boards\Xilinx\zcu1275\1.0\board.xml as part xczu29dr-ffvf1760-2-e specified in board_part file is either invalid or not available
WARNING: [Board 49-26] cannot add Board Part xilinx.com:zcu1285:part0:1.0 available at C:/AMDDesignTools/2025.2/data/xhub/boards\XilinxBoardStore\boards\Xilinx\zcu1285\1.0\board.xml as part xczu39dr-ffvf1760-2-i specified in board_part file is either invalid or not available
WARNING: [Board 49-26] cannot add Board Part xilinx.com:zcu208:part0:2.0 available at C:/AMDDesignTools/2025.2/data/xhub/boards\XilinxBoardStore\boards\Xilinx\zcu208\production\2.0\board.xml as part xczu48dr-fsvg1517-2-e specified in board_part file is either invalid or not available
WARNING: [Board 49-26] cannot add Board Part xilinx.com:zcu208ld:part0:2.0 available at C:/AMDDesignTools/2025.2/data/xhub/boards\XilinxBoardStore\boards\Xilinx\zcu208ld\production\2.0\board.xml as part xczu58dr-fsvg1517-2-i specified in board_part file is either invalid or not available
WARNING: [Board 49-26] cannot add Board Part xilinx.com:zcu216:part0:2.0 available at C:/AMDDesignTools/2025.2/data/xhub/boards\XilinxBoardStore\boards\Xilinx\zcu216\production\2.0\board.xml as part xczu49dr-ffvf1760-2-e specified in board_part file is either invalid or not available
WARNING: [Board 49-26] cannot add Board Part xilinx.com:zcu216ld:part0:2.0 available at C:/AMDDesignTools/2025.2/data/xhub/boards\XilinxBoardStore\boards\Xilinx\zcu216ld\production\2.0\board.xml as part xczu59dr-ffvf1760-2-i specified in board_part file is either invalid or not available
WARNING: [Board 49-26] cannot add Board Part xilinx.com:zcu670:part0:2.0 available at C:/AMDDesignTools/2025.2/data/xhub/boards\XilinxBoardStore\boards\Xilinx\zcu670\2.0\board.xml as part xczu67dr-fsve1156-2-i specified in board_part file is either invalid or not available
WARNING: [Board 49-26] cannot add Board Part xilinx.com:zcu670ld:part0:1.0 available at C:/AMDDesignTools/2025.2/data/xhub/boards\XilinxBoardStore\boards\Xilinx\zcu670ld\1.0\board.xml as part xczu57dr-fsve1156-2-i specified in board_part file is either invalid or not available
INFO: [Project 1-313] Project file moved from 'C:/Users/Gabriel Liberato/Gearbox_Project/Gabriel_Files' since last save.
INFO: [filemgmt 56-3] Default IP Output Path : Could not find the directory 'C:/Users/robin/Documents/GitHub/FPGA-GearBox---Group-Bertolini-Liberato/Gabriel_Files/Gearbox_Project.gen/sources_1'.
WARNING: [filemgmt 56-3] IPUserFilesDir: Could not find the directory 'C:/Users/robin/Documents/GitHub/FPGA-GearBox---Group-Bertolini-Liberato/Gabriel_Files/Gearbox_Project.ip_user_files'.
Scanning sources...
Finished scanning sources
WARNING: [Board 49-26] cannot add Board Part xilinx.com:emb-plus-vpr-4616:part0:1.0 available at C:/AMDDesignTools/2025.2/data/xhub/boards\XilinxBoardStore\boards\Xilinx\emb-plus-vpr-4616\1.0\board.xml as part xcve2302-sfva784-2mp-e-s specified in board_part file is either invalid or not available
WARNING: [Board 49-26] cannot add Board Part xilinx.com:emb-plus-vpr-4616:part0:1.1 available at C:/AMDDesignTools/2025.2/data/xhub/boards\XilinxBoardStore\boards\Xilinx\emb-plus-vpr-4616\1.1\board.xml as part xcve2302-sfva784-2mp-e-s specified in board_part file is either invalid or not available
WARNING: [Board 49-26] cannot add Board Part xilinx.com:k24c:part0:1.0 available at C:/AMDDesignTools/2025.2/data/xhub/boards\XilinxBoardStore\boards\Xilinx\k24c\1.0\board.xml as part xck24-ubva530-2lv-c specified in board_part file is either invalid or not available
WARNING: [Board 49-26] cannot add Board Part xilinx.com:k24c:part0:1.1 available at C:/AMDDesignTools/2025.2/data/xhub/boards\XilinxBoardStore\boards\Xilinx\k24c\1.1\board.xml as part xck24-ubva530-2lv-c specified in board_part file is either invalid or not available
WARNING: [Board 49-26] cannot add Board Part xilinx.com:k24i:part0:1.0 available at C:/AMDDesignTools/2025.2/data/xhub/boards\XilinxBoardStore\boards\Xilinx\k24i\1.0\board.xml as part xck24-ubva530-2lvi-i specified in board_part file is either invalid or not available
WARNING: [Board 49-26] cannot add Board Part xilinx.com:k26c:part0:1.2 available at C:/AMDDesignTools/2025.2/data/xhub/boards\XilinxBoardStore\boards\Xilinx\k26c\1.2\board.xml as part xck26-sfvc784-2lv-c specified in board_part file is either invalid or not available
WARNING: [Board 49-26] cannot add Board Part xilinx.com:k26c:part0:1.3 available at C:/AMDDesignTools/2025.2/data/xhub/boards\XilinxBoardStore\boards\Xilinx\k26c\1.3\board.xml as part xck26-sfvc784-2lv-c specified in board_part file is either invalid or not available
WARNING: [Board 49-26] cannot add Board Part xilinx.com:k26c:part0:1.4 available at C:/AMDDesignTools/2025.2/data/xhub/boards\XilinxBoardStore\boards\Xilinx\k26c\1.4\board.xml as part xck26-sfvc784-2lv-c specified in board_part file is either invalid or not available
WARNING: [Board 49-26] cannot add Board Part xilinx.com:k26i:part0:1.2 available at C:/AMDDesignTools/2025.2/data/xhub/boards\XilinxBoardStore\boards\Xilinx\k26i\1.2\board.xml as part xck26-sfvc784-2lvi-i specified in board_part file is either invalid or not available
WARNING: [Board 49-26] cannot add Board Part xilinx.com:k26i:part0:1.3 available at C:/AMDDesignTools/2025.2/data/xhub/boards\XilinxBoardStore\boards\Xilinx\k26i\1.3\board.xml as part xck26-sfvc784-2lvi-i specified in board_part file is either invalid or not available
WARNING: [Board 49-26] cannot add Board Part xilinx.com:k26i:part0:1.4 available at C:/AMDDesignTools/2025.2/data/xhub/boards\XilinxBoardStore\boards\Xilinx\k26i\1.4\board.xml as part xck26-sfvc784-2lvi-i specified in board_part file is either invalid or not available
WARNING: [Board 49-26] cannot add Board Part xilinx.com:kc705:part0:1.6 available at C:/AMDDesignTools/2025.2/data/xhub/boards\XilinxBoardStore\boards\Xilinx\kc705\1.6\board.xml as part xc7k325tffg900-2 specified in board_part file is either invalid or not available
WARNING: [Board 49-26] cannot add Board Part xilinx.com:kc705:part0:1.7 available at C:/AMDDesignTools/2025.2/data/xhub/boards\XilinxBoardStore\boards\Xilinx\kc705\1.7\board.xml as part xc7k325tffg900-2 specified in board_part file is either invalid or not available
WARNING: [Board 49-26] cannot add Board Part xilinx.com:kcu105:part0:1.6 available at C:/AMDDesignTools/2025.2/data/xhub/boards\XilinxBoardStore\boards\Xilinx\kcu105\1.6\board.xml as part xcku040-ffva1156-2-e specified in board_part file is either invalid or not available
WARNING: [Board 49-26] cannot add Board Part xilinx.com:kcu105:part0:1.7 available at C:/AMDDesignTools/2025.2/data/xhub/boards\XilinxBoardStore\boards\Xilinx\kcu105\1.7\board.xml as part xcku040-ffva1156-2-e specified in board_part file is either invalid or not available
WARNING: [Board 49-26] cannot add Board Part xilinx.com:kcu116:part0:1.4 available at C:/AMDDesignTools/2025.2/data/xhub/boards\XilinxBoardStore\boards\Xilinx\kcu116\1.4\board.xml as part xcku5p-ffvb676-2-e specified in board_part file is either invalid or not available
WARNING: [Board 49-26] cannot add Board Part xilinx.com:kcu116:part0:1.5 available at C:/AMDDesignTools/2025.2/data/xhub/boards\XilinxBoardStore\boards\Xilinx\kcu116\1.5\board.xml as part xcku5p-ffvb676-2-e specified in board_part file is either invalid or not available
WARNING: [Board 49-26] cannot add Board Part xilinx.com:kd240_som:part0:1.0 available at C:/AMDDesignTools/2025.2/data/xhub/boards\XilinxBoardStore\boards\Xilinx\kd240_som\1.0\board.xml as part xck24-ubva530-2lv-c specified in board_part file is either invalid or not available
WARNING: [Board 49-26] cannot add Board Part xilinx.com:kd240_som:part0:1.1 available at C:/AMDDesignTools/2025.2/data/xhub/boards\XilinxBoardStore\boards\Xilinx\kd240_som\1.1\board.xml as part xck24-ubva530-2lv-c specified in board_part file is either invalid or not available
WARNING: [Board 49-26] cannot add Board Part xilinx.com:kr260_som:part0:1.0 available at C:/AMDDesignTools/2025.2/data/xhub/boards\XilinxBoardStore\boards\Xilinx\kr260_som\1.0\board.xml as part xck26-sfvc784-2lv-c specified in board_part file is either invalid or not available
WARNING: [Board 49-26] cannot add Board Part xilinx.com:kr260_som:part0:1.1 available at C:/AMDDesignTools/2025.2/data/xhub/boards\XilinxBoardStore\boards\Xilinx\kr260_som\1.1\board.xml as part xck26-sfvc784-2lv-c specified in board_part file is either invalid or not available
WARNING: [Board 49-26] cannot add Board Part xilinx.com:kv260_som:part0:1.2 available at C:/AMDDesignTools/2025.2/data/xhub/boards\XilinxBoardStore\boards\Xilinx\kv260_som\1.2\board.xml as part xck26-sfvc784-2lv-c specified in board_part file is either invalid or not available
WARNING: [Board 49-26] cannot add Board Part xilinx.com:kv260_som:part0:1.3 available at C:/AMDDesignTools/2025.2/data/xhub/boards\XilinxBoardStore\boards\Xilinx\kv260_som\1.3\board.xml as part xck26-sfvc784-2lv-c specified in board_part file is either invalid or not available
WARNING: [Board 49-26] cannot add Board Part xilinx.com:kv260_som:part0:1.4 available at C:/AMDDesignTools/2025.2/data/xhub/boards\XilinxBoardStore\boards\Xilinx\kv260_som\1.4\board.xml as part xck26-sfvc784-2lv-c specified in board_part file is either invalid or not available
WARNING: [Board 49-26] cannot add Board Part xilinx.com:scu35:part0:1.0 available at C:/AMDDesignTools/2025.2/data/xhub/boards\XilinxBoardStore\boards\Xilinx\scu35\1.0\board.xml as part xcsu35p-sbvb625-2-e specified in board_part file is either invalid or not available
WARNING: [Board 49-26] cannot add Board Part xilinx.com:sp701:part0:1.0 available at C:/AMDDesignTools/2025.2/data/xhub/boards\XilinxBoardStore\boards\Xilinx\sp701\1.0\board.xml as part xc7s100fgga676-2 specified in board_part file is either invalid or not available
WARNING: [Board 49-26] cannot add Board Part xilinx.com:sp701:part0:1.1 available at C:/AMDDesignTools/2025.2/data/xhub/boards\XilinxBoardStore\boards\Xilinx\sp701\1.1\board.xml as part xc7s100fgga676-2 specified in board_part file is either invalid or not available
WARNING: [Board 49-26] cannot add Board Part xilinx.com:vc707:part0:1.4 available at C:/AMDDesignTools/2025.2/data/xhub/boards\XilinxBoardStore\boards\Xilinx\vc707\1.4\board.xml as part xc7vx485tffg1761-2 specified in board_part file is either invalid or not available
WARNING: [Board 49-26] cannot add Board Part xilinx.com:vc707:part0:1.5 available at C:/AMDDesignTools/2025.2/data/xhub/boards\XilinxBoardStore\boards\Xilinx\vc707\1.5\board.xml as part xc7vx485tffg1761-2 specified in board_part file is either invalid or not available
WARNING: [Board 49-26] cannot add Board Part xilinx.com:vc709:part0:1.8 available at C:/AMDDesignTools/2025.2/data/xhub/boards\XilinxBoardStore\boards\Xilinx\vc709\1.8\board.xml as part xc7vx690tffg1761-2 specified in board_part file is either invalid or not available
WARNING: [Board 49-26] cannot add Board Part xilinx.com:vcu108:part0:1.6 available at C:/AMDDesignTools/2025.2/data/xhub/boards\XilinxBoardStore\boards\Xilinx\vcu108\1.6\board.xml as part xcvu095-ffva2104-2-e specified in board_part file is either invalid or not available
WARNING: [Board 49-26] cannot add Board Part xilinx.com:vcu108:part0:1.7 available at C:/AMDDesignTools/2025.2/data/xhub/boards\XilinxBoardStore\boards\Xilinx\vcu108\1.7\board.xml as part xcvu095-ffva2104-2-e specified in board_part file is either invalid or not available
WARNING: [Board 49-26] cannot add Board Part xilinx.com:vcu110:part0:1.4 available at C:/AMDDesignTools/2025.2/data/xhub/boards\XilinxBoardStore\boards\Xilinx\vcu110\1.4\board.xml as part xcvu190-flgc2104-2-e specified in board_part file is either invalid or not available
WARNING: [Board 49-26] cannot add Board Part xilinx.com:vcu129:part0:1.0 available at C:/AMDDesignTools/2025.2/data/xhub/boards\XilinxBoardStore\boards\Xilinx\vcu129\production\1.0\board.xml as part xcvu29p-fsga2577-2l-e specified in board_part file is either invalid or not available
WARNING: [Board 49-26] cannot add Board Part xilinx.com:vek280:part0:1.0 available at C:/AMDDesignTools/2025.2/data/xhub/boards\XilinxBoardStore\boards\Xilinx\vek280\production\1.0\board.xml as part xcve2802-vsvh1760-2mp-e-s specified in board_part file is either invalid or not available
WARNING: [Board 49-26] cannot add Board Part xilinx.com:vek280:part0:1.1 available at C:/AMDDesignTools/2025.2/data/xhub/boards\XilinxBoardStore\boards\Xilinx\vek280\production\1.1\board.xml as part xcve2802-vsvh1760-2mp-e-s specified in board_part file is either invalid or not available
WARNING: [Board 49-26] cannot add Board Part xilinx.com:vek280:part0:1.2 available at C:/AMDDesignTools/2025.2/data/xhub/boards\XilinxBoardStore\boards\Xilinx\vek280\production\1.2\board.xml as part xcve2802-vsvh1760-2mp-e-s specified in board_part file is either invalid or not available
WARNING: [Board 49-26] cannot add Board Part xilinx.com:vek385:part0:1.0 available at C:/AMDDesignTools/2025.2/data/xhub/boards\XilinxBoardStore\boards\Xilinx\vek385\1.0\board.xml as part xc2ve3858-ssva2112-2mp-e-s specified in board_part file is either invalid or not available
WARNING: [Board 49-26] cannot add Board Part xilinx.com:vek385:part0:1.1 available at C:/AMDDesignTools/2025.2/data/xhub/boards\XilinxBoardStore\boards\Xilinx\vek385\1.1\board.xml as part xc2ve3858-ssva2112-2mp-e-s specified in board_part file is either invalid or not available
WARNING: [Board 49-26] cannot add Board Part xilinx.com:vek385_1:part0:1.0 available at C:/AMDDesignTools/2025.2/data/xhub/boards\XilinxBoardStore\boards\Xilinx\vek385_2\1.0\board.xml as part xc2ve3858-ssva2112-2mp-e-s specified in board_part file is either invalid or not available
INFO: [Common 17-14] Message 'Board 49-26' appears 100 times and further instances of the messages will be disabled. Use the Tcl command set_msg_config to change the current settings.
INFO: [IP_Flow 19-234] Refreshing IP repositories
INFO: [IP_Flow 19-1704] No user IP repositories specified
INFO: [IP_Flow 19-2313] Loaded Vivado IP repository 'C:/AMDDesignTools/2025.2/Vivado/data/ip'.
open_project: Time (s): cpu = 00:01:10 ; elapsed = 00:00:35 . Memory (MB): peak = 1760.078 ; gain = 310.680
update_compile_order -fileset sources_1
launch_simulation
Command: launch_simulation 
INFO: [Vivado 12-25911] Executing simulation for 'XSim' simulator
INFO: [Vivado 12-28535] Process started - Tue May 19 15:31:23 2026

INFO: [Vivado 12-12493] Simulation top is 'dc_driver_pwm'
INFO: [Vivado 12-5682] Launching behavioral simulation in 'C:/Users/robin/Documents/GitHub/FPGA-GearBox---Group-Bertolini-Liberato/Gabriel_Files/Gearbox_Project.sim/sim_1/behav/xsim'
INFO: [SIM-utils-51] Simulation object is 'sim_1'
INFO: [SIM-utils-72] Using boost library from 'C:/AMDDesignTools/2025.2/Vivado/tps/boost_1_72_0'
INFO: [SIM-utils-54] Inspecting design source files for 'dc_driver_pwm' in fileset 'sim_1'...
INFO: [USF-XSim-97] Finding global include files...
INFO: [USF-XSim-98] Fetching design files from 'sim_1'...
INFO: [USF-XSim-2] XSim::Compile design
INFO: [USF-XSim-61] Executing 'COMPILE and ANALYZE' step in 'C:/Users/robin/Documents/GitHub/FPGA-GearBox---Group-Bertolini-Liberato/Gabriel_Files/Gearbox_Project.sim/sim_1/behav/xsim'
"xvhdl --incr --relax -prj dc_driver_pwm_vhdl.prj"
INFO: [VRFC 10-163] Analyzing VHDL file "C:/Users/robin/Documents/GitHub/FPGA-GearBox---Group-Bertolini-Liberato/Gabriel_Files/Gearbox_Project.srcs/sources_1/new/pwm_generator.vhd" into library xil_defaultlib
INFO: [VRFC 10-3107] analyzing entity 'pwm_generator'
INFO: [VRFC 10-163] Analyzing VHDL file "C:/Users/robin/Documents/GitHub/FPGA-GearBox---Group-Bertolini-Liberato/Gabriel_Files/Gearbox_Project.srcs/sources_1/new/dc_driver_pwm.vhd" into library xil_defaultlib
INFO: [VRFC 10-3107] analyzing entity 'dc_driver_pwm'
INFO: [USF-XSim-69] 'compile' step finished in '3' seconds
INFO: [USF-XSim-3] XSim::Elaborate design
INFO: [USF-XSim-61] Executing 'ELABORATE' step in 'C:/Users/robin/Documents/GitHub/FPGA-GearBox---Group-Bertolini-Liberato/Gabriel_Files/Gearbox_Project.sim/sim_1/behav/xsim'
"xelab --incr --debug typical --relax --mt 2 -L xil_defaultlib -L secureip --snapshot dc_driver_pwm_behav xil_defaultlib.dc_driver_pwm -log elaborate.log"
Vivado Simulator v2025.2
Copyright 1986-2022 Xilinx, Inc. All Rights Reserved.
Copyright 2022-2025 Advanced Micro Devices, Inc. All Rights Reserved.
Running: C:/AMDDesignTools/2025.2/Vivado/bin/unwrapped/win64.o/xelab.exe --incr --debug typical --relax --mt 2 -L xil_defaultlib -L secureip --snapshot dc_driver_pwm_behav xil_defaultlib.dc_driver_pwm -log elaborate.log 
Using 2 slave threads.
Starting static elaboration
Completed static elaboration
Starting simulation data flow analysis
Completed simulation data flow analysis
Time Resolution for simulation is 1ps
Compiling package std.standard
Compiling package std.textio
Compiling package ieee.std_logic_1164
Compiling package ieee.numeric_std
Compiling architecture rtl of entity xil_defaultlib.pwm_generator [\pwm_generator(pwm_freq_hz=2000)...]
Compiling architecture rtl of entity xil_defaultlib.dc_driver_pwm
Built simulation snapshot dc_driver_pwm_behav
run_program: Time (s): cpu = 00:00:01 ; elapsed = 00:00:07 . Memory (MB): peak = 1760.078 ; gain = 0.000
INFO: [USF-XSim-69] 'elaborate' step finished in '7' seconds
INFO: [USF-XSim-4] XSim::Simulate design
INFO: [USF-XSim-61] Executing 'SIMULATE' step in 'C:/Users/robin/Documents/GitHub/FPGA-GearBox---Group-Bertolini-Liberato/Gabriel_Files/Gearbox_Project.sim/sim_1/behav/xsim'
INFO: [USF-XSim-98] *** Running xsim
   with args "dc_driver_pwm_behav -key {Behavioral:sim_1:Functional:dc_driver_pwm} -tclbatch {dc_driver_pwm.tcl} -log {simulate.log}"
INFO: [USF-XSim-8] Loading simulator feature
Time resolution is 1 ps
source dc_driver_pwm.tcl
# set curr_wave [current_wave_config]
# if { [string length $curr_wave] == 0 } {
#   if { [llength [get_objects]] > 0} {
#     add_wave /
#     set_property needs_save false [current_wave_config]
#   } else {
#      send_msg_id Add_Wave-1 WARNING "No top level signals found. Simulator will start without a wave window. If you want to open a wave window go to 'File->New Waveform Configuration' or type 'create_wave_config' in the TCL console."
#   }
# }
# run 1000ns
INFO: [USF-XSim-96] XSim completed. Design snapshot 'dc_driver_pwm_behav' loaded.
INFO: [USF-XSim-97] XSim simulation ran for 1000ns
launch_simulation: Time (s): cpu = 00:00:10 ; elapsed = 00:00:16 . Memory (MB): peak = 1767.656 ; gain = 7.578
synth_design -top main_motor_top_pwm -part xc7a35tcpg236-1 -lint 
Command: synth_design -top main_motor_top_pwm -part xc7a35tcpg236-1 -lint
Starting synth_design
Attempting to get a license for feature 'Synthesis' and/or device 'xc7a35t'
INFO: [Common 17-349] Got license for feature 'Synthesis' and/or device 'xc7a35t'
INFO: [Synth 8-7079] Multithreading enabled for synth_design using a maximum of 2 processes.
INFO: [Synth 8-7078] Launching helper process for spawning children vivado processes
INFO: [Synth 8-7075] Helper process launched with PID 7284
---------------------------------------------------------------------------------
Starting Synthesize : Time (s): cpu = 00:00:08 ; elapsed = 00:00:09 . Memory (MB): peak = 2276.172 ; gain = 508.516
---------------------------------------------------------------------------------
Clean up Linter database...
INFO: [Synth 8-638] synthesizing module 'main_motor_top_pwm' [C:/Users/robin/Documents/GitHub/FPGA-GearBox---Group-Bertolini-Liberato/Gabriel_Files/Gearbox_Project.srcs/sources_1/new/main_motor_top_pwm.vhd:21]
INFO: [Synth 8-3491] module 'stepper_position_controller' declared at 'C:/Users/robin/Documents/GitHub/FPGA-GearBox---Group-Bertolini-Liberato/Gabriel_Files/Gearbox_Project.srcs/sources_1/new/stepper_position_controller.vhd:5' bound to instance 'STEP1' of component 'stepper_position_controller' [C:/Users/robin/Documents/GitHub/FPGA-GearBox---Group-Bertolini-Liberato/Gabriel_Files/Gearbox_Project.srcs/sources_1/new/main_motor_top_pwm.vhd:90]
INFO: [Synth 8-638] synthesizing module 'stepper_position_controller' [C:/Users/robin/Documents/GitHub/FPGA-GearBox---Group-Bertolini-Liberato/Gabriel_Files/Gearbox_Project.srcs/sources_1/new/stepper_position_controller.vhd:19]
INFO: [Synth 8-256] done synthesizing module 'stepper_position_controller' (1#1) [C:/Users/robin/Documents/GitHub/FPGA-GearBox---Group-Bertolini-Liberato/Gabriel_Files/Gearbox_Project.srcs/sources_1/new/stepper_position_controller.vhd:19]
INFO: [Synth 8-3491] module 'stepper_position_controller' declared at 'C:/Users/robin/Documents/GitHub/FPGA-GearBox---Group-Bertolini-Liberato/Gabriel_Files/Gearbox_Project.srcs/sources_1/new/stepper_position_controller.vhd:5' bound to instance 'STEP2' of component 'stepper_position_controller' [C:/Users/robin/Documents/GitHub/FPGA-GearBox---Group-Bertolini-Liberato/Gabriel_Files/Gearbox_Project.srcs/sources_1/new/main_motor_top_pwm.vhd:95]
INFO: [Synth 8-256] done synthesizing module 'main_motor_top_pwm' (2#1) [C:/Users/robin/Documents/GitHub/FPGA-GearBox---Group-Bertolini-Liberato/Gabriel_Files/Gearbox_Project.srcs/sources_1/new/main_motor_top_pwm.vhd:21]
---------------------------------------------------------------------------------
Finished Synthesize : Time (s): cpu = 00:00:11 ; elapsed = 00:00:12 . Memory (MB): peak = 2395.586 ; gain = 627.930
---------------------------------------------------------------------------------
Copyright 1986-2022 Xilinx, Inc. All Rights Reserved. Copyright 2022-2025 Advanced Micro Devices, Inc. All Rights Reserved.
---------------------------------------------------------------------------------------------------------------------------------------------
| Tool Version : Vivado v.2025.2 (win64) Build 6299465 Fri Nov 14 19:35:11 GMT 2025
| Date         : Tue May 19 15:32:03 2026
| Host         : PcBobin running 64-bit major release  (build 9200)
---------------------------------------------------------------------------------------------------------------------------------------------

RTL Linter Report

Table of Contents
-----------------
1. Summary

1. Summary
----------

+-----------+------------------+--------------+----------+
| Rule ID   | Severity         | # Violations | # Waived |
+-----------+------------------+--------------+----------+
| ASSIGN-10 | WARNING          | 1            | 0        |
| RESET-3   | CRITICAL WARNING | 5            | 0        |
+-----------+------------------+--------------+----------+


WARNING: [Synth 37-125] [ASSIGN-10]Some bits in IO 'sw' are not read. First unread bit index is 1. 
RTL Name 'sw', Hierarchy 'main_motor_top_pwm', File 'main_motor_top_pwm.vhd', Line 13.
CRITICAL WARNING: [Synth 37-111] [RESET-3]Synchronous reset not found on register current_pos_reg and its enable logic contains synchronous reset in same always/process block.
RTL Name 'current_pos_reg', Hierarchy 'stepper_position_controller', File 'C:/Users/robin/Documents/GitHub/FPGA-GearBox---Group-Bertolini-Liberato/Gabriel_Files/Gearbox_Project.srcs/sources_1/new/stepper_position_controller.vhd', Line 39.
CRITICAL WARNING: [Synth 37-111] [RESET-3]Synchronous reset not found on register homing_steps_reg and its enable logic contains synchronous reset in same always/process block.
RTL Name 'homing_steps_reg', Hierarchy 'stepper_position_controller', File 'C:/Users/robin/Documents/GitHub/FPGA-GearBox---Group-Bertolini-Liberato/Gabriel_Files/Gearbox_Project.srcs/sources_1/new/stepper_position_controller.vhd', Line 39.
CRITICAL WARNING: [Synth 37-111] [RESET-3]Synchronous reset not found on register step_state_reg and its enable logic contains synchronous reset in same always/process block.
RTL Name 'step_state_reg', Hierarchy 'stepper_position_controller', File 'C:/Users/robin/Documents/GitHub/FPGA-GearBox---Group-Bertolini-Liberato/Gabriel_Files/Gearbox_Project.srcs/sources_1/new/stepper_position_controller.vhd', Line 39.
CRITICAL WARNING: [Synth 37-111] [RESET-3]Synchronous reset not found on register tick_cnt_reg and its enable logic contains synchronous reset in same always/process block.
RTL Name 'tick_cnt_reg', Hierarchy 'stepper_position_controller', File 'C:/Users/robin/Documents/GitHub/FPGA-GearBox---Group-Bertolini-Liberato/Gabriel_Files/Gearbox_Project.srcs/sources_1/new/stepper_position_controller.vhd', Line 39.
CRITICAL WARNING: [Synth 37-111] [RESET-3]Synchronous reset not found on register wait_cnt_reg and its enable logic contains synchronous reset in same always/process block.
RTL Name 'wait_cnt_reg', Hierarchy 'stepper_position_controller', File 'C:/Users/robin/Documents/GitHub/FPGA-GearBox---Group-Bertolini-Liberato/Gabriel_Files/Gearbox_Project.srcs/sources_1/new/stepper_position_controller.vhd', Line 39.
INFO: [Synth 37-85] Total of 6 linter message(s) generated.
INFO: [Synth 37-45] Linter Run Finished!
Synthesis Optimization Runtime : Time (s): cpu = 00:00:11 ; elapsed = 00:00:12 . Memory (MB): peak = 2395.586 ; gain = 627.930
INFO: [Common 17-83] Releasing license: Synthesis
13 Infos, 1 Warnings, 5 Critical Warnings and 0 Errors encountered.
synth_design completed successfully
synth_design: Time (s): cpu = 00:00:11 ; elapsed = 00:00:12 . Memory (MB): peak = 2395.586 ; gain = 627.930
reset_run synth_1
INFO: [Project 1-1161] Replacing file C:/Users/robin/Documents/GitHub/FPGA-GearBox---Group-Bertolini-Liberato/Gabriel_Files/Gearbox_Project.srcs/utils_1/imports/synth_1/main_motor_top_pwm.dcp with file C:/Users/robin/Documents/GitHub/FPGA-GearBox---Group-Bertolini-Liberato/Gabriel_Files/Gearbox_Project.runs/synth_1/main_motor_top_pwm.dcp
WARNING: [Vivado 12-1017] Problems encountered:
1. Failed to delete one or more files in run directory C:/Users/robin/Documents/GitHub/FPGA-GearBox---Group-Bertolini-Liberato/Gabriel_Files/Gearbox_Project.runs/synth_1

launch_runs synth_1 -jobs 20
[Tue May 19 15:32:35 2026] Launched synth_1...
Run output will be captured here: C:/Users/robin/Documents/GitHub/FPGA-GearBox---Group-Bertolini-Liberato/Gabriel_Files/Gearbox_Project.runs/synth_1/runme.log
launch_runs impl_1 -jobs 20
[Tue May 19 15:34:52 2026] Launched impl_1...
Run output will be captured here: C:/Users/robin/Documents/GitHub/FPGA-GearBox---Group-Bertolini-Liberato/Gabriel_Files/Gearbox_Project.runs/impl_1/runme.log
open_run impl_1
INFO: [Device 21-403] Loading part xc7a35tcpg236-1
Netlist sorting complete. Time (s): cpu = 00:00:00 ; elapsed = 00:00:00.007 . Memory (MB): peak = 2423.477 ; gain = 0.000
INFO: [Netlist 29-17] Analyzing 128 Unisim elements for replacement
INFO: [Netlist 29-28] Unisim Transformation completed in 0 CPU seconds
INFO: [Project 1-479] Netlist was created with Vivado 2025.2
INFO: [Project 1-570] Preparing netlist for logic optimization
Read ShapeDB Complete: Time (s): cpu = 00:00:00 ; elapsed = 00:00:00.007 . Memory (MB): peak = 2423.477 ; gain = 0.000
INFO: [Timing 38-478] Restoring timing data from binary archive.
INFO: [Timing 38-479] Binary timing data restore complete.
INFO: [Project 1-856] Restoring constraints from binary archive.
INFO: [Project 1-853] Binary constraint restore complete.
INFO: [Designutils 20-5722] Start Reading Physical Databases.
Reading placement.
Read Netlist Cache: Time (s): cpu = 00:00:00 ; elapsed = 00:00:00.001 . Memory (MB): peak = 3002.562 ; gain = 0.000
Reading placer database...
Read Device Cache: Time (s): cpu = 00:00:00 ; elapsed = 00:00:00.009 . Memory (MB): peak = 3002.562 ; gain = 0.000
Read PlaceDB: Time (s): cpu = 00:00:00 ; elapsed = 00:00:00 . Memory (MB): peak = 3002.562 ; gain = 0.000
Read placeStorage: Time (s): cpu = 00:00:00 ; elapsed = 00:00:00.032 . Memory (MB): peak = 3002.562 ; gain = 0.000
Read PulsedLatchDB: Time (s): cpu = 00:00:00 ; elapsed = 00:00:00 . Memory (MB): peak = 3002.562 ; gain = 0.000
Reading routing.
Read RouteStorage: Time (s): cpu = 00:00:00 ; elapsed = 00:00:00.015 . Memory (MB): peak = 3002.562 ; gain = 0.000
Read Physdb Files: Time (s): cpu = 00:00:00 ; elapsed = 00:00:00.073 . Memory (MB): peak = 3002.562 ; gain = 0.000
Restored from archive | CPU: 0.000000 secs | Memory: 0.000000 MB |
Finished XDEF File Restore: Time (s): cpu = 00:00:00 ; elapsed = 00:00:00.076 . Memory (MB): peak = 3002.562 ; gain = 0.000
Netlist sorting complete. Time (s): cpu = 00:00:00 ; elapsed = 00:00:00 . Memory (MB): peak = 3002.562 ; gain = 0.000
INFO: [Project 1-111] Unisim Transformation Summary:
No Unisim elements were transformed.

open_run: Time (s): cpu = 00:00:29 ; elapsed = 00:00:23 . Memory (MB): peak = 3375.223 ; gain = 979.637
WARNING: [Timing 38-313] There are no user specified timing constraints. Timing constraints are needed for proper timing analysis.
launch_runs impl_1 -to_step write_bitstream -jobs 20
[Tue May 19 15:38:49 2026] Launched impl_1...
Run output will be captured here: C:/Users/robin/Documents/GitHub/FPGA-GearBox---Group-Bertolini-Liberato/Gabriel_Files/Gearbox_Project.runs/impl_1/runme.log
open_hw_manager
connect_hw_server -allow_non_jtag
INFO: [Labtools 27-2285] Connecting to hw_server url TCP:localhost:3121
INFO: [Labtools 27-2222] Launching hw_server...
INFO: [Labtools 27-2221] Launch Output:

****** Xilinx hw_server v2025.2
  **** Build date : Oct 28 2025 at 10:03:13
    ** Copyright 1986-2022 Xilinx, Inc. All Rights Reserved.


INFO: [Labtools 27-3415] Connecting to cs_server url TCP:localhost:0
INFO: [Labtools 27-3417] Launching cs_server...
INFO: [Labtools 27-2221] Launch Output:


******** Xilinx cs_server v2025.2.0
  ****** Build date   : Nov 14 2025-00:16:52
    **** Build number : 2025.2.1763075812
      ** Copyright 2017-2022 Xilinx, Inc. All Rights Reserved.
      ** Copyright 2022-2026 Advanced Micro Devices, Inc. All Rights Reserved.



connect_hw_server: Time (s): cpu = 00:00:01 ; elapsed = 00:00:08 . Memory (MB): peak = 3424.859 ; gain = 2.828
open_hw_target
INFO: [Labtoolstcl 44-466] Opening hw_target localhost:3121/xilinx_tcf/Digilent/210183BA27DBA
set_property PROGRAM.FILE {C:/Users/robin/Documents/GitHub/FPGA-GearBox---Group-Bertolini-Liberato/Gabriel_Files/Gearbox_Project.runs/impl_1/main_motor_top_pwm.bit} [get_hw_devices xc7a35t_0]
current_hw_device [get_hw_devices xc7a35t_0]
refresh_hw_device -update_hw_probes false [lindex [get_hw_devices xc7a35t_0] 0]
INFO: [Labtools 27-1435] Device xc7a35t (JTAG device index = 0) is not programmed (DONE status = 0).
set_property PROBES.FILE {} [get_hw_devices xc7a35t_0]
set_property FULL_PROBES.FILE {} [get_hw_devices xc7a35t_0]
set_property PROGRAM.FILE {C:/Users/robin/Documents/GitHub/FPGA-GearBox---Group-Bertolini-Liberato/Gabriel_Files/Gearbox_Project.runs/impl_1/main_motor_top_pwm.bit} [get_hw_devices xc7a35t_0]
program_hw_devices [get_hw_devices xc7a35t_0]
INFO: [Labtools 27-3164] End of startup status: HIGH
refresh_hw_device [lindex [get_hw_devices xc7a35t_0] 0]
INFO: [Labtools 27-1434] Device xc7a35t (JTAG device index = 0) is programmed with a design that has no supported soft debug core(s) in it.
set_property PROBES.FILE {} [get_hw_devices xc7a35t_0]
set_property FULL_PROBES.FILE {} [get_hw_devices xc7a35t_0]
set_property PROGRAM.FILE {C:/Users/robin/Documents/GitHub/FPGA-GearBox---Group-Bertolini-Liberato/Gabriel_Files/Gearbox_Project.runs/impl_1/main_motor_top_pwm.bit} [get_hw_devices xc7a35t_0]
program_hw_devices [get_hw_devices xc7a35t_0]
INFO: [Labtools 27-3164] End of startup status: HIGH
refresh_hw_device [lindex [get_hw_devices xc7a35t_0] 0]
INFO: [Labtools 27-1434] Device xc7a35t (JTAG device index = 0) is programmed with a design that has no supported soft debug core(s) in it.
WARNING: [Board 49-26] cannot add Board Part xilinx.com:emb-plus-vpr-4616:part0:1.0 available at C:/AMDDesignTools/2025.2/data/xhub/boards\XilinxBoardStore\boards\Xilinx\emb-plus-vpr-4616\1.0\board.xml as part xcve2302-sfva784-2mp-e-s specified in board_part file is either invalid or not available
WARNING: [Board 49-26] cannot add Board Part xilinx.com:emb-plus-vpr-4616:part0:1.1 available at C:/AMDDesignTools/2025.2/data/xhub/boards\XilinxBoardStore\boards\Xilinx\emb-plus-vpr-4616\1.1\board.xml as part xcve2302-sfva784-2mp-e-s specified in board_part file is either invalid or not available
WARNING: [Board 49-26] cannot add Board Part xilinx.com:k24c:part0:1.0 available at C:/AMDDesignTools/2025.2/data/xhub/boards\XilinxBoardStore\boards\Xilinx\k24c\1.0\board.xml as part xck24-ubva530-2lv-c specified in board_part file is either invalid or not available
WARNING: [Board 49-26] cannot add Board Part xilinx.com:k24c:part0:1.1 available at C:/AMDDesignTools/2025.2/data/xhub/boards\XilinxBoardStore\boards\Xilinx\k24c\1.1\board.xml as part xck24-ubva530-2lv-c specified in board_part file is either invalid or not available
WARNING: [Board 49-26] cannot add Board Part xilinx.com:k24i:part0:1.0 available at C:/AMDDesignTools/2025.2/data/xhub/boards\XilinxBoardStore\boards\Xilinx\k24i\1.0\board.xml as part xck24-ubva530-2lvi-i specified in board_part file is either invalid or not available
WARNING: [Board 49-26] cannot add Board Part xilinx.com:k26c:part0:1.2 available at C:/AMDDesignTools/2025.2/data/xhub/boards\XilinxBoardStore\boards\Xilinx\k26c\1.2\board.xml as part xck26-sfvc784-2lv-c specified in board_part file is either invalid or not available
WARNING: [Board 49-26] cannot add Board Part xilinx.com:k26c:part0:1.3 available at C:/AMDDesignTools/2025.2/data/xhub/boards\XilinxBoardStore\boards\Xilinx\k26c\1.3\board.xml as part xck26-sfvc784-2lv-c specified in board_part file is either invalid or not available
WARNING: [Board 49-26] cannot add Board Part xilinx.com:k26c:part0:1.4 available at C:/AMDDesignTools/2025.2/data/xhub/boards\XilinxBoardStore\boards\Xilinx\k26c\1.4\board.xml as part xck26-sfvc784-2lv-c specified in board_part file is either invalid or not available
WARNING: [Board 49-26] cannot add Board Part xilinx.com:k26i:part0:1.2 available at C:/AMDDesignTools/2025.2/data/xhub/boards\XilinxBoardStore\boards\Xilinx\k26i\1.2\board.xml as part xck26-sfvc784-2lvi-i specified in board_part file is either invalid or not available
WARNING: [Board 49-26] cannot add Board Part xilinx.com:k26i:part0:1.3 available at C:/AMDDesignTools/2025.2/data/xhub/boards\XilinxBoardStore\boards\Xilinx\k26i\1.3\board.xml as part xck26-sfvc784-2lvi-i specified in board_part file is either invalid or not available
WARNING: [Board 49-26] cannot add Board Part xilinx.com:k26i:part0:1.4 available at C:/AMDDesignTools/2025.2/data/xhub/boards\XilinxBoardStore\boards\Xilinx\k26i\1.4\board.xml as part xck26-sfvc784-2lvi-i specified in board_part file is either invalid or not available
WARNING: [Board 49-26] cannot add Board Part xilinx.com:kc705:part0:1.6 available at C:/AMDDesignTools/2025.2/data/xhub/boards\XilinxBoardStore\boards\Xilinx\kc705\1.6\board.xml as part xc7k325tffg900-2 specified in board_part file is either invalid or not available
WARNING: [Board 49-26] cannot add Board Part xilinx.com:kc705:part0:1.7 available at C:/AMDDesignTools/2025.2/data/xhub/boards\XilinxBoardStore\boards\Xilinx\kc705\1.7\board.xml as part xc7k325tffg900-2 specified in board_part file is either invalid or not available
WARNING: [Board 49-26] cannot add Board Part xilinx.com:kcu105:part0:1.6 available at C:/AMDDesignTools/2025.2/data/xhub/boards\XilinxBoardStore\boards\Xilinx\kcu105\1.6\board.xml as part xcku040-ffva1156-2-e specified in board_part file is either invalid or not available
WARNING: [Board 49-26] cannot add Board Part xilinx.com:kcu105:part0:1.7 available at C:/AMDDesignTools/2025.2/data/xhub/boards\XilinxBoardStore\boards\Xilinx\kcu105\1.7\board.xml as part xcku040-ffva1156-2-e specified in board_part file is either invalid or not available
WARNING: [Board 49-26] cannot add Board Part xilinx.com:kcu116:part0:1.4 available at C:/AMDDesignTools/2025.2/data/xhub/boards\XilinxBoardStore\boards\Xilinx\kcu116\1.4\board.xml as part xcku5p-ffvb676-2-e specified in board_part file is either invalid or not available
WARNING: [Board 49-26] cannot add Board Part xilinx.com:kcu116:part0:1.5 available at C:/AMDDesignTools/2025.2/data/xhub/boards\XilinxBoardStore\boards\Xilinx\kcu116\1.5\board.xml as part xcku5p-ffvb676-2-e specified in board_part file is either invalid or not available
WARNING: [Board 49-26] cannot add Board Part xilinx.com:kd240_som:part0:1.0 available at C:/AMDDesignTools/2025.2/data/xhub/boards\XilinxBoardStore\boards\Xilinx\kd240_som\1.0\board.xml as part xck24-ubva530-2lv-c specified in board_part file is either invalid or not available
WARNING: [Board 49-26] cannot add Board Part xilinx.com:kd240_som:part0:1.1 available at C:/AMDDesignTools/2025.2/data/xhub/boards\XilinxBoardStore\boards\Xilinx\kd240_som\1.1\board.xml as part xck24-ubva530-2lv-c specified in board_part file is either invalid or not available
WARNING: [Board 49-26] cannot add Board Part xilinx.com:kr260_som:part0:1.0 available at C:/AMDDesignTools/2025.2/data/xhub/boards\XilinxBoardStore\boards\Xilinx\kr260_som\1.0\board.xml as part xck26-sfvc784-2lv-c specified in board_part file is either invalid or not available
WARNING: [Board 49-26] cannot add Board Part xilinx.com:kr260_som:part0:1.1 available at C:/AMDDesignTools/2025.2/data/xhub/boards\XilinxBoardStore\boards\Xilinx\kr260_som\1.1\board.xml as part xck26-sfvc784-2lv-c specified in board_part file is either invalid or not available
WARNING: [Board 49-26] cannot add Board Part xilinx.com:kv260_som:part0:1.2 available at C:/AMDDesignTools/2025.2/data/xhub/boards\XilinxBoardStore\boards\Xilinx\kv260_som\1.2\board.xml as part xck26-sfvc784-2lv-c specified in board_part file is either invalid or not available
WARNING: [Board 49-26] cannot add Board Part xilinx.com:kv260_som:part0:1.3 available at C:/AMDDesignTools/2025.2/data/xhub/boards\XilinxBoardStore\boards\Xilinx\kv260_som\1.3\board.xml as part xck26-sfvc784-2lv-c specified in board_part file is either invalid or not available
WARNING: [Board 49-26] cannot add Board Part xilinx.com:kv260_som:part0:1.4 available at C:/AMDDesignTools/2025.2/data/xhub/boards\XilinxBoardStore\boards\Xilinx\kv260_som\1.4\board.xml as part xck26-sfvc784-2lv-c specified in board_part file is either invalid or not available
WARNING: [Board 49-26] cannot add Board Part xilinx.com:scu35:part0:1.0 available at C:/AMDDesignTools/2025.2/data/xhub/boards\XilinxBoardStore\boards\Xilinx\scu35\1.0\board.xml as part xcsu35p-sbvb625-2-e specified in board_part file is either invalid or not available
WARNING: [Board 49-26] cannot add Board Part xilinx.com:sp701:part0:1.0 available at C:/AMDDesignTools/2025.2/data/xhub/boards\XilinxBoardStore\boards\Xilinx\sp701\1.0\board.xml as part xc7s100fgga676-2 specified in board_part file is either invalid or not available
WARNING: [Board 49-26] cannot add Board Part xilinx.com:sp701:part0:1.1 available at C:/AMDDesignTools/2025.2/data/xhub/boards\XilinxBoardStore\boards\Xilinx\sp701\1.1\board.xml as part xc7s100fgga676-2 specified in board_part file is either invalid or not available
WARNING: [Board 49-26] cannot add Board Part xilinx.com:vc707:part0:1.4 available at C:/AMDDesignTools/2025.2/data/xhub/boards\XilinxBoardStore\boards\Xilinx\vc707\1.4\board.xml as part xc7vx485tffg1761-2 specified in board_part file is either invalid or not available
WARNING: [Board 49-26] cannot add Board Part xilinx.com:vc707:part0:1.5 available at C:/AMDDesignTools/2025.2/data/xhub/boards\XilinxBoardStore\boards\Xilinx\vc707\1.5\board.xml as part xc7vx485tffg1761-2 specified in board_part file is either invalid or not available
WARNING: [Board 49-26] cannot add Board Part xilinx.com:vc709:part0:1.8 available at C:/AMDDesignTools/2025.2/data/xhub/boards\XilinxBoardStore\boards\Xilinx\vc709\1.8\board.xml as part xc7vx690tffg1761-2 specified in board_part file is either invalid or not available
WARNING: [Board 49-26] cannot add Board Part xilinx.com:vcu108:part0:1.6 available at C:/AMDDesignTools/2025.2/data/xhub/boards\XilinxBoardStore\boards\Xilinx\vcu108\1.6\board.xml as part xcvu095-ffva2104-2-e specified in board_part file is either invalid or not available
WARNING: [Board 49-26] cannot add Board Part xilinx.com:vcu108:part0:1.7 available at C:/AMDDesignTools/2025.2/data/xhub/boards\XilinxBoardStore\boards\Xilinx\vcu108\1.7\board.xml as part xcvu095-ffva2104-2-e specified in board_part file is either invalid or not available
WARNING: [Board 49-26] cannot add Board Part xilinx.com:vcu110:part0:1.4 available at C:/AMDDesignTools/2025.2/data/xhub/boards\XilinxBoardStore\boards\Xilinx\vcu110\1.4\board.xml as part xcvu190-flgc2104-2-e specified in board_part file is either invalid or not available
WARNING: [Board 49-26] cannot add Board Part xilinx.com:vcu129:part0:1.0 available at C:/AMDDesignTools/2025.2/data/xhub/boards\XilinxBoardStore\boards\Xilinx\vcu129\production\1.0\board.xml as part xcvu29p-fsga2577-2l-e specified in board_part file is either invalid or not available
WARNING: [Board 49-26] cannot add Board Part xilinx.com:vek280:part0:1.0 available at C:/AMDDesignTools/2025.2/data/xhub/boards\XilinxBoardStore\boards\Xilinx\vek280\production\1.0\board.xml as part xcve2802-vsvh1760-2mp-e-s specified in board_part file is either invalid or not available
WARNING: [Board 49-26] cannot add Board Part xilinx.com:vek280:part0:1.1 available at C:/AMDDesignTools/2025.2/data/xhub/boards\XilinxBoardStore\boards\Xilinx\vek280\production\1.1\board.xml as part xcve2802-vsvh1760-2mp-e-s specified in board_part file is either invalid or not available
WARNING: [Board 49-26] cannot add Board Part xilinx.com:vek280:part0:1.2 available at C:/AMDDesignTools/2025.2/data/xhub/boards\XilinxBoardStore\boards\Xilinx\vek280\production\1.2\board.xml as part xcve2802-vsvh1760-2mp-e-s specified in board_part file is either invalid or not available
WARNING: [Board 49-26] cannot add Board Part xilinx.com:vek385:part0:1.0 available at C:/AMDDesignTools/2025.2/data/xhub/boards\XilinxBoardStore\boards\Xilinx\vek385\1.0\board.xml as part xc2ve3858-ssva2112-2mp-e-s specified in board_part file is either invalid or not available
WARNING: [Board 49-26] cannot add Board Part xilinx.com:vek385:part0:1.1 available at C:/AMDDesignTools/2025.2/data/xhub/boards\XilinxBoardStore\boards\Xilinx\vek385\1.1\board.xml as part xc2ve3858-ssva2112-2mp-e-s specified in board_part file is either invalid or not available
WARNING: [Board 49-26] cannot add Board Part xilinx.com:vek385_1:part0:1.0 available at C:/AMDDesignTools/2025.2/data/xhub/boards\XilinxBoardStore\boards\Xilinx\vek385_2\1.0\board.xml as part xc2ve3858-ssva2112-2mp-e-s specified in board_part file is either invalid or not available
WARNING: [Board 49-26] cannot add Board Part xilinx.com:vermeo_t1_rfsoc:part0:1.0 available at C:/AMDDesignTools/2025.2/data/xhub/boards\XilinxBoardStore\boards\Xilinx\vermeo_t1_rfsoc\1.0\board.xml as part xczu21dr-ffvd1156-2l-e specified in board_part file is either invalid or not available
WARNING: [Board 49-26] cannot add Board Part xilinx.com:vhk158:part0:1.0 available at C:/AMDDesignTools/2025.2/data/xhub/boards\XilinxBoardStore\boards\Xilinx\vhk158\production\1.0\board.xml as part xcvh1582-vsva3697-2mp-e-s specified in board_part file is either invalid or not available
WARNING: [Board 49-26] cannot add Board Part xilinx.com:vhk158:part0:1.1 available at C:/AMDDesignTools/2025.2/data/xhub/boards\XilinxBoardStore\boards\Xilinx\vhk158\production\1.1\board.xml as part xcvh1582-vsva3697-2mp-e-s specified in board_part file is either invalid or not available
WARNING: [Board 49-26] cannot add Board Part xilinx.com:vhk158:part0:1.2 available at C:/AMDDesignTools/2025.2/data/xhub/boards\XilinxBoardStore\boards\Xilinx\vhk158\production\1.2\board.xml as part xcvh1582-vsva3697-2mp-e-s specified in board_part file is either invalid or not available
WARNING: [Board 49-26] cannot add Board Part xilinx.com:vpk180:part0:1.0 available at C:/AMDDesignTools/2025.2/data/xhub/boards\XilinxBoardStore\boards\Xilinx\vpk180\production\1.0\board.xml as part xcvp1802-lsvc4072-2mp-e-s specified in board_part file is either invalid or not available
WARNING: [Board 49-26] cannot add Board Part xilinx.com:vpk180:part0:1.1 available at C:/AMDDesignTools/2025.2/data/xhub/boards\XilinxBoardStore\boards\Xilinx\vpk180\production\1.1\board.xml as part xcvp1802-lsvc4072-2mp-e-s specified in board_part file is either invalid or not available
WARNING: [Board 49-26] cannot add Board Part xilinx.com:vpk180:part0:1.2 available at C:/AMDDesignTools/2025.2/data/xhub/boards\XilinxBoardStore\boards\Xilinx\vpk180\production\1.2\board.xml as part xcvp1802-lsvc4072-2mp-e-s specified in board_part file is either invalid or not available
WARNING: [Board 49-26] cannot add Board Part xilinx.com:vrk160:part0:1.0 available at C:/AMDDesignTools/2025.2/data/xhub/boards\XilinxBoardStore\boards\Xilinx\vrk160\1.0\board.xml as part xcvr1602-vsva2488-2mp-e-s-es1 specified in board_part file is either invalid or not available
WARNING: [Board 49-26] cannot add Board Part xilinx.com:vrk160:part0:1.1 available at C:/AMDDesignTools/2025.2/data/xhub/boards\XilinxBoardStore\boards\Xilinx\vrk160\1.1\board.xml as part xcvr1602-vsva2488-2mp-e-s-es1 specified in board_part file is either invalid or not available
WARNING: [Board 49-26] cannot add Board Part xilinx.com:zcu111:part0:1.2 available at C:/AMDDesignTools/2025.2/data/xhub/boards\XilinxBoardStore\boards\Xilinx\zcu111\1.2\board.xml as part xczu28dr-ffvg1517-2-e specified in board_part file is either invalid or not available
WARNING: [Board 49-26] cannot add Board Part xilinx.com:zcu111:part0:1.3 available at C:/AMDDesignTools/2025.2/data/xhub/boards\XilinxBoardStore\boards\Xilinx\zcu111\1.3\board.xml as part xczu28dr-ffvg1517-2-e specified in board_part file is either invalid or not available
WARNING: [Board 49-26] cannot add Board Part xilinx.com:zcu111:part0:1.4 available at C:/AMDDesignTools/2025.2/data/xhub/boards\XilinxBoardStore\boards\Xilinx\zcu111\1.4\board.xml as part xczu28dr-ffvg1517-2-e specified in board_part file is either invalid or not available
WARNING: [Board 49-26] cannot add Board Part xilinx.com:zcu1275:part0:1.0 available at C:/AMDDesignTools/2025.2/data/xhub/boards\XilinxBoardStore\boards\Xilinx\zcu1275\1.0\board.xml as part xczu29dr-ffvf1760-2-e specified in board_part file is either invalid or not available
WARNING: [Board 49-26] cannot add Board Part xilinx.com:zcu1285:part0:1.0 available at C:/AMDDesignTools/2025.2/data/xhub/boards\XilinxBoardStore\boards\Xilinx\zcu1285\1.0\board.xml as part xczu39dr-ffvf1760-2-i specified in board_part file is either invalid or not available
WARNING: [Board 49-26] cannot add Board Part xilinx.com:zcu208:part0:2.0 available at C:/AMDDesignTools/2025.2/data/xhub/boards\XilinxBoardStore\boards\Xilinx\zcu208\production\2.0\board.xml as part xczu48dr-fsvg1517-2-e specified in board_part file is either invalid or not available
WARNING: [Board 49-26] cannot add Board Part xilinx.com:zcu208ld:part0:2.0 available at C:/AMDDesignTools/2025.2/data/xhub/boards\XilinxBoardStore\boards\Xilinx\zcu208ld\production\2.0\board.xml as part xczu58dr-fsvg1517-2-i specified in board_part file is either invalid or not available
WARNING: [Board 49-26] cannot add Board Part xilinx.com:zcu216:part0:2.0 available at C:/AMDDesignTools/2025.2/data/xhub/boards\XilinxBoardStore\boards\Xilinx\zcu216\production\2.0\board.xml as part xczu49dr-ffvf1760-2-e specified in board_part file is either invalid or not available
WARNING: [Board 49-26] cannot add Board Part xilinx.com:zcu216ld:part0:2.0 available at C:/AMDDesignTools/2025.2/data/xhub/boards\XilinxBoardStore\boards\Xilinx\zcu216ld\production\2.0\board.xml as part xczu59dr-ffvf1760-2-i specified in board_part file is either invalid or not available
WARNING: [Board 49-26] cannot add Board Part xilinx.com:zcu670:part0:2.0 available at C:/AMDDesignTools/2025.2/data/xhub/boards\XilinxBoardStore\boards\Xilinx\zcu670\2.0\board.xml as part xczu67dr-fsve1156-2-i specified in board_part file is either invalid or not available
WARNING: [Board 49-26] cannot add Board Part xilinx.com:zcu670ld:part0:1.0 available at C:/AMDDesignTools/2025.2/data/xhub/boards\XilinxBoardStore\boards\Xilinx\zcu670ld\1.0\board.xml as part xczu57dr-fsve1156-2-i specified in board_part file is either invalid or not available
WARNING: [filemgmt 56-199] Attempt to get parsing info during refresh. "On-the-fly" syntax checking information may be incorrect. [C:\Users\robin\Documents\GitHub\FPGA-GearBox---Group-Bertolini-Liberato\Gabriel_Files\Gearbox_Project.srcs\sources_1\new\stepper_position_controller.vhd:]
WARNING: [filemgmt 56-199] Attempt to get parsing info during refresh. "On-the-fly" syntax checking information may be incorrect. [C:\Users\robin\Documents\GitHub\FPGA-GearBox---Group-Bertolini-Liberato\Gabriel_Files\Gearbox_Project.srcs\sources_1\new\main_motor_top_pwm.vhd:]
WARNING: [filemgmt 56-199] Attempt to get parsing info during refresh. "On-the-fly" syntax checking information may be incorrect. [C:\Users\robin\Documents\GitHub\FPGA-GearBox---Group-Bertolini-Liberato\Gabriel_Files\Gearbox_Project.srcs\sources_1\new\dc_driver_pwm.vhd:]
WARNING: [filemgmt 56-199] Attempt to get parsing info during refresh. "On-the-fly" syntax checking information may be incorrect. [C:\Users\robin\Documents\GitHub\FPGA-GearBox---Group-Bertolini-Liberato\Gabriel_Files\Gearbox_Project.srcs\sources_1\new\pwm_generator.vhd:]
WARNING: [filemgmt 56-199] Attempt to get parsing info during refresh. "On-the-fly" syntax checking information may be incorrect. [C:\Users\robin\Documents\GitHub\FPGA-GearBox---Group-Bertolini-Liberato\Gabriel_Files\Gearbox_Project.srcs\sources_1\new\stepper_motor_ctrl.vhd:]
WARNING: [filemgmt 56-199] Attempt to get parsing info during refresh. "On-the-fly" syntax checking information may be incorrect. [C:\Users\robin\Documents\GitHub\FPGA-GearBox---Group-Bertolini-Liberato\Gabriel_Files\Gearbox_Project.srcs\sources_1\new\stepper_motor_ctrl.vhd:]
WARNING: [filemgmt 56-199] Attempt to get parsing info during refresh. "On-the-fly" syntax checking information may be incorrect. [C:\Users\robin\Documents\GitHub\FPGA-GearBox---Group-Bertolini-Liberato\Gabriel_Files\Gearbox_Project.srcs\sources_1\new\stepper_motor_ctrl.vhd:]
WARNING: [filemgmt 56-199] Attempt to get parsing info during refresh. "On-the-fly" syntax checking information may be incorrect. [C:\Users\robin\Documents\GitHub\FPGA-GearBox---Group-Bertolini-Liberato\Gabriel_Files\Gearbox_Project.srcs\sources_1\new\stepper_position_controller.vhd:]
WARNING: [filemgmt 56-199] Attempt to get parsing info during refresh. "On-the-fly" syntax checking information may be incorrect. [C:\Users\robin\Documents\GitHub\FPGA-GearBox---Group-Bertolini-Liberato\Gabriel_Files\Gearbox_Project.srcs\sources_1\new\main_motor_top_pwm.vhd:]
WARNING: [filemgmt 56-199] Attempt to get parsing info during refresh. "On-the-fly" syntax checking information may be incorrect. [C:\Users\robin\Documents\GitHub\FPGA-GearBox---Group-Bertolini-Liberato\Gabriel_Files\Gearbox_Project.srcs\sources_1\new\dc_driver_pwm.vhd:]
WARNING: [filemgmt 56-199] Attempt to get parsing info during refresh. "On-the-fly" syntax checking information may be incorrect. [C:\Users\robin\Documents\GitHub\FPGA-GearBox---Group-Bertolini-Liberato\Gabriel_Files\Gearbox_Project.srcs\sources_1\new\pwm_generator.vhd:]
WARNING: [filemgmt 56-199] Attempt to get parsing info during refresh. "On-the-fly" syntax checking information may be incorrect. [C:\Users\robin\Documents\GitHub\FPGA-GearBox---Group-Bertolini-Liberato\Gabriel_Files\Gearbox_Project.srcs\sources_1\new\stepper_motor_ctrl.vhd:]
WARNING: [filemgmt 56-199] Attempt to get parsing info during refresh. "On-the-fly" syntax checking information may be incorrect. [C:\Users\robin\Documents\GitHub\FPGA-GearBox---Group-Bertolini-Liberato\Gabriel_Files\Gearbox_Project.srcs\sources_1\new\stepper_position_controller.vhd:]
WARNING: [filemgmt 56-199] Attempt to get parsing info during refresh. "On-the-fly" syntax checking information may be incorrect. [C:\Users\robin\Documents\GitHub\FPGA-GearBox---Group-Bertolini-Liberato\Gabriel_Files\Gearbox_Project.srcs\sources_1\new\stepper_position_controller.vhd:]
WARNING: [filemgmt 56-199] Attempt to get parsing info during refresh. "On-the-fly" syntax checking information may be incorrect. [C:\Users\robin\Documents\GitHub\FPGA-GearBox---Group-Bertolini-Liberato\Gabriel_Files\Gearbox_Project.srcs\sources_1\new\stepper_position_controller.vhd:]
WARNING: [filemgmt 56-199] Attempt to get parsing info during refresh. "On-the-fly" syntax checking information may be incorrect. [C:\Users\robin\Documents\GitHub\FPGA-GearBox---Group-Bertolini-Liberato\Gabriel_Files\Gearbox_Project.srcs\sources_1\new\main_motor_top_pwm.vhd:]
WARNING: [filemgmt 56-199] Attempt to get parsing info during refresh. "On-the-fly" syntax checking information may be incorrect. [C:\Users\robin\Documents\GitHub\FPGA-GearBox---Group-Bertolini-Liberato\Gabriel_Files\Gearbox_Project.srcs\sources_1\new\dc_driver_pwm.vhd:]
WARNING: [filemgmt 56-199] Attempt to get parsing info during refresh. "On-the-fly" syntax checking information may be incorrect. [C:\Users\robin\Documents\GitHub\FPGA-GearBox---Group-Bertolini-Liberato\Gabriel_Files\Gearbox_Project.srcs\sources_1\new\pwm_generator.vhd:]
WARNING: [filemgmt 56-199] Attempt to get parsing info during refresh. "On-the-fly" syntax checking information may be incorrect. [C:\Users\robin\Documents\GitHub\FPGA-GearBox---Group-Bertolini-Liberato\Gabriel_Files\Gearbox_Project.srcs\sources_1\new\stepper_motor_ctrl.vhd:]
WARNING: [filemgmt 56-199] Attempt to get parsing info during refresh. "On-the-fly" syntax checking information may be incorrect. [C:\Users\robin\Documents\GitHub\FPGA-GearBox---Group-Bertolini-Liberato\Gabriel_Files\Gearbox_Project.srcs\sources_1\new\dc_driver_pwm.vhd:]
WARNING: [filemgmt 56-199] Attempt to get parsing info during refresh. "On-the-fly" syntax checking information may be incorrect. [C:\Users\robin\Documents\GitHub\FPGA-GearBox---Group-Bertolini-Liberato\Gabriel_Files\Gearbox_Project.srcs\sources_1\new\dc_driver_pwm.vhd:]
WARNING: [filemgmt 56-199] Attempt to get parsing info during refresh. "On-the-fly" syntax checking information may be incorrect. [C:\Users\robin\Documents\GitHub\FPGA-GearBox---Group-Bertolini-Liberato\Gabriel_Files\Gearbox_Project.srcs\sources_1\new\stepper_position_controller.vhd:]
WARNING: [filemgmt 56-199] Attempt to get parsing info during refresh. "On-the-fly" syntax checking information may be incorrect. [C:\Users\robin\Documents\GitHub\FPGA-GearBox---Group-Bertolini-Liberato\Gabriel_Files\Gearbox_Project.srcs\sources_1\new\main_motor_top_pwm.vhd:]
WARNING: [filemgmt 56-199] Attempt to get parsing info during refresh. "On-the-fly" syntax checking information may be incorrect. [C:\Users\robin\Documents\GitHub\FPGA-GearBox---Group-Bertolini-Liberato\Gabriel_Files\Gearbox_Project.srcs\sources_1\new\dc_driver_pwm.vhd:]
WARNING: [filemgmt 56-199] Attempt to get parsing info during refresh. "On-the-fly" syntax checking information may be incorrect. [C:\Users\robin\Documents\GitHub\FPGA-GearBox---Group-Bertolini-Liberato\Gabriel_Files\Gearbox_Project.srcs\sources_1\new\pwm_generator.vhd:]
WARNING: [filemgmt 56-199] Attempt to get parsing info during refresh. "On-the-fly" syntax checking information may be incorrect. [C:\Users\robin\Documents\GitHub\FPGA-GearBox---Group-Bertolini-Liberato\Gabriel_Files\Gearbox_Project.srcs\sources_1\new\stepper_motor_ctrl.vhd:]
WARNING: [filemgmt 56-199] Attempt to get parsing info during refresh. "On-the-fly" syntax checking information may be incorrect. [C:\Users\robin\Documents\GitHub\FPGA-GearBox---Group-Bertolini-Liberato\Gabriel_Files\Gearbox_Project.srcs\sources_1\new\pwm_generator.vhd:]
WARNING: [filemgmt 56-199] Attempt to get parsing info during refresh. "On-the-fly" syntax checking information may be incorrect. [C:\Users\robin\Documents\GitHub\FPGA-GearBox---Group-Bertolini-Liberato\Gabriel_Files\Gearbox_Project.srcs\sources_1\new\pwm_generator.vhd:]
ERROR: [Common 17-180] Spawn failed: The operation completed successfully.

WARNING: [filemgmt 56-199] Attempt to get parsing info during refresh. "On-the-fly" syntax checking information may be incorrect. [C:\Users\robin\Documents\GitHub\FPGA-GearBox---Group-Bertolini-Liberato\Gabriel_Files\Gearbox_Project.srcs\sources_1\new\stepper_position_controller.vhd:]
WARNING: [filemgmt 56-199] Attempt to get parsing info during refresh. "On-the-fly" syntax checking information may be incorrect. [C:\Users\robin\Documents\GitHub\FPGA-GearBox---Group-Bertolini-Liberato\Gabriel_Files\Gearbox_Project.srcs\sources_1\new\main_motor_top_pwm.vhd:]
WARNING: [filemgmt 56-199] Attempt to get parsing info during refresh. "On-the-fly" syntax checking information may be incorrect. [C:\Users\robin\Documents\GitHub\FPGA-GearBox---Group-Bertolini-Liberato\Gabriel_Files\Gearbox_Project.srcs\sources_1\new\dc_driver_pwm.vhd:]
WARNING: [filemgmt 56-199] Attempt to get parsing info during refresh. "On-the-fly" syntax checking information may be incorrect. [C:\Users\robin\Documents\GitHub\FPGA-GearBox---Group-Bertolini-Liberato\Gabriel_Files\Gearbox_Project.srcs\sources_1\new\pwm_generator.vhd:]
WARNING: [filemgmt 56-199] Attempt to get parsing info during refresh. "On-the-fly" syntax checking information may be incorrect. [C:\Users\robin\Documents\GitHub\FPGA-GearBox---Group-Bertolini-Liberato\Gabriel_Files\Gearbox_Project.srcs\sources_1\new\stepper_motor_ctrl.vhd:]
WARNING: [filemgmt 56-199] Attempt to get parsing info during refresh. "On-the-fly" syntax checking information may be incorrect. [C:\Users\robin\Documents\GitHub\FPGA-GearBox---Group-Bertolini-Liberato\Gabriel_Files\Gearbox_Project.srcs\sources_1\new\stepper_position_controller.vhd:]
WARNING: [filemgmt 56-199] Attempt to get parsing info during refresh. "On-the-fly" syntax checking information may be incorrect. [C:\Users\robin\Documents\GitHub\FPGA-GearBox---Group-Bertolini-Liberato\Gabriel_Files\Gearbox_Project.srcs\sources_1\new\stepper_position_controller.vhd:]
WARNING: [filemgmt 56-199] Attempt to get parsing info during refresh. "On-the-fly" syntax checking information may be incorrect. [C:\Users\robin\Documents\GitHub\FPGA-GearBox---Group-Bertolini-Liberato\Gabriel_Files\Gearbox_Project.srcs\sources_1\new\stepper_position_controller.vhd:]
WARNING: [filemgmt 56-199] Attempt to get parsing info during refresh. "On-the-fly" syntax checking information may be incorrect. [C:\Users\robin\Documents\GitHub\FPGA-GearBox---Group-Bertolini-Liberato\Gabriel_Files\Gearbox_Project.srcs\sources_1\new\main_motor_top_pwm.vhd:]
WARNING: [filemgmt 56-199] Attempt to get parsing info during refresh. "On-the-fly" syntax checking information may be incorrect. [C:\Users\robin\Documents\GitHub\FPGA-GearBox---Group-Bertolini-Liberato\Gabriel_Files\Gearbox_Project.srcs\sources_1\new\dc_driver_pwm.vhd:]
WARNING: [filemgmt 56-199] Attempt to get parsing info during refresh. "On-the-fly" syntax checking information may be incorrect. [C:\Users\robin\Documents\GitHub\FPGA-GearBox---Group-Bertolini-Liberato\Gabriel_Files\Gearbox_Project.srcs\sources_1\new\pwm_generator.vhd:]
WARNING: [filemgmt 56-199] Attempt to get parsing info during refresh. "On-the-fly" syntax checking information may be incorrect. [C:\Users\robin\Documents\GitHub\FPGA-GearBox---Group-Bertolini-Liberato\Gabriel_Files\Gearbox_Project.srcs\sources_1\new\stepper_motor_ctrl.vhd:]
WARNING: [filemgmt 56-199] Attempt to get parsing info during refresh. "On-the-fly" syntax checking information may be incorrect. [C:\Users\robin\Documents\GitHub\FPGA-GearBox---Group-Bertolini-Liberato\Gabriel_Files\Gearbox_Project.srcs\sources_1\new\stepper_motor_ctrl.vhd:]
WARNING: [filemgmt 56-199] Attempt to get parsing info during refresh. "On-the-fly" syntax checking information may be incorrect. [C:\Users\robin\Documents\GitHub\FPGA-GearBox---Group-Bertolini-Liberato\Gabriel_Files\Gearbox_Project.srcs\sources_1\new\stepper_motor_ctrl.vhd:]
WARNING: [filemgmt 56-199] Attempt to get parsing info during refresh. "On-the-fly" syntax checking information may be incorrect. [C:\Users\robin\Documents\GitHub\FPGA-GearBox---Group-Bertolini-Liberato\Gabriel_Files\Gearbox_Project.srcs\sources_1\new\stepper_position_controller.vhd:]
WARNING: [filemgmt 56-199] Attempt to get parsing info during refresh. "On-the-fly" syntax checking information may be incorrect. [C:\Users\robin\Documents\GitHub\FPGA-GearBox---Group-Bertolini-Liberato\Gabriel_Files\Gearbox_Project.srcs\sources_1\new\main_motor_top_pwm.vhd:]
WARNING: [filemgmt 56-199] Attempt to get parsing info during refresh. "On-the-fly" syntax checking information may be incorrect. [C:\Users\robin\Documents\GitHub\FPGA-GearBox---Group-Bertolini-Liberato\Gabriel_Files\Gearbox_Project.srcs\sources_1\new\dc_driver_pwm.vhd:]
WARNING: [filemgmt 56-199] Attempt to get parsing info during refresh. "On-the-fly" syntax checking information may be incorrect. [C:\Users\robin\Documents\GitHub\FPGA-GearBox---Group-Bertolini-Liberato\Gabriel_Files\Gearbox_Project.srcs\sources_1\new\pwm_generator.vhd:]
WARNING: [filemgmt 56-199] Attempt to get parsing info during refresh. "On-the-fly" syntax checking information may be incorrect. [C:\Users\robin\Documents\GitHub\FPGA-GearBox---Group-Bertolini-Liberato\Gabriel_Files\Gearbox_Project.srcs\sources_1\new\stepper_motor_ctrl.vhd:]
WARNING: [filemgmt 56-199] Attempt to get parsing info during refresh. "On-the-fly" syntax checking information may be incorrect. [C:\Users\robin\Documents\GitHub\FPGA-GearBox---Group-Bertolini-Liberato\Gabriel_Files\Gearbox_Project.srcs\sources_1\new\pwm_generator.vhd:]
WARNING: [filemgmt 56-199] Attempt to get parsing info during refresh. "On-the-fly" syntax checking information may be incorrect. [C:\Users\robin\Documents\GitHub\FPGA-GearBox---Group-Bertolini-Liberato\Gabriel_Files\Gearbox_Project.srcs\sources_1\new\pwm_generator.vhd:]
WARNING: [filemgmt 56-199] Attempt to get parsing info during refresh. "On-the-fly" syntax checking information may be incorrect. [C:\Users\robin\Documents\GitHub\FPGA-GearBox---Group-Bertolini-Liberato\Gabriel_Files\Gearbox_Project.srcs\sources_1\new\stepper_position_controller.vhd:]
WARNING: [filemgmt 56-199] Attempt to get parsing info during refresh. "On-the-fly" syntax checking information may be incorrect. [C:\Users\robin\Documents\GitHub\FPGA-GearBox---Group-Bertolini-Liberato\Gabriel_Files\Gearbox_Project.srcs\sources_1\new\main_motor_top_pwm.vhd:]
WARNING: [filemgmt 56-199] Attempt to get parsing info during refresh. "On-the-fly" syntax checking information may be incorrect. [C:\Users\robin\Documents\GitHub\FPGA-GearBox---Group-Bertolini-Liberato\Gabriel_Files\Gearbox_Project.srcs\sources_1\new\dc_driver_pwm.vhd:]
WARNING: [filemgmt 56-199] Attempt to get parsing info during refresh. "On-the-fly" syntax checking information may be incorrect. [C:\Users\robin\Documents\GitHub\FPGA-GearBox---Group-Bertolini-Liberato\Gabriel_Files\Gearbox_Project.srcs\sources_1\new\pwm_generator.vhd:]
WARNING: [filemgmt 56-199] Attempt to get parsing info during refresh. "On-the-fly" syntax checking information may be incorrect. [C:\Users\robin\Documents\GitHub\FPGA-GearBox---Group-Bertolini-Liberato\Gabriel_Files\Gearbox_Project.srcs\sources_1\new\stepper_motor_ctrl.vhd:]
WARNING: [filemgmt 56-199] Attempt to get parsing info during refresh. "On-the-fly" syntax checking information may be incorrect. [C:\Users\robin\Documents\GitHub\FPGA-GearBox---Group-Bertolini-Liberato\Gabriel_Files\Gearbox_Project.srcs\sources_1\new\dc_driver_pwm.vhd:]
WARNING: [filemgmt 56-199] Attempt to get parsing info during refresh. "On-the-fly" syntax checking information may be incorrect. [C:\Users\robin\Documents\GitHub\FPGA-GearBox---Group-Bertolini-Liberato\Gabriel_Files\Gearbox_Project.srcs\sources_1\new\dc_driver_pwm.vhd:]
ERROR: [Common 17-180] Spawn failed: The operation completed successfully.

close_sim
INFO: [Simtcl 6-16] Simulation closed
launch_simulation
Command: launch_simulation 
INFO: [Vivado 12-25911] Executing simulation for 'XSim' simulator
INFO: [Vivado 12-28535] Process started - Tue May 19 15:55:27 2026

INFO: [Vivado 12-12493] Simulation top is 'dc_driver_pwm'
INFO: [Vivado 12-5682] Launching behavioral simulation in 'C:/Users/robin/Documents/GitHub/FPGA-GearBox---Group-Bertolini-Liberato/Gabriel_Files/Gearbox_Project.sim/sim_1/behav/xsim'
INFO: [SIM-utils-51] Simulation object is 'sim_1'
INFO: [SIM-utils-72] Using boost library from 'C:/AMDDesignTools/2025.2/Vivado/tps/boost_1_72_0'
INFO: [SIM-utils-54] Inspecting design source files for 'dc_driver_pwm' in fileset 'sim_1'...
INFO: [USF-XSim-97] Finding global include files...
INFO: [USF-XSim-98] Fetching design files from 'sim_1'...
INFO: [USF-XSim-2] XSim::Compile design
INFO: [USF-XSim-61] Executing 'COMPILE and ANALYZE' step in 'C:/Users/robin/Documents/GitHub/FPGA-GearBox---Group-Bertolini-Liberato/Gabriel_Files/Gearbox_Project.sim/sim_1/behav/xsim'
"xvhdl --incr --relax -prj dc_driver_pwm_vhdl.prj"
INFO: [USF-XSim-69] 'compile' step finished in '2' seconds
INFO: [USF-XSim-3] XSim::Elaborate design
INFO: [USF-XSim-61] Executing 'ELABORATE' step in 'C:/Users/robin/Documents/GitHub/FPGA-GearBox---Group-Bertolini-Liberato/Gabriel_Files/Gearbox_Project.sim/sim_1/behav/xsim'
"xelab --incr --debug typical --relax --mt 2 -L xil_defaultlib -L secureip --snapshot dc_driver_pwm_behav xil_defaultlib.dc_driver_pwm -log elaborate.log"
Vivado Simulator v2025.2
Copyright 1986-2022 Xilinx, Inc. All Rights Reserved.
Copyright 2022-2025 Advanced Micro Devices, Inc. All Rights Reserved.
Running: C:/AMDDesignTools/2025.2/Vivado/bin/unwrapped/win64.o/xelab.exe --incr --debug typical --relax --mt 2 -L xil_defaultlib -L secureip --snapshot dc_driver_pwm_behav xil_defaultlib.dc_driver_pwm -log elaborate.log 
Using 2 slave threads.
Starting static elaboration
Completed static elaboration
INFO: [XSIM 43-4323] No Change in HDL. Linking previously generated obj files to create kernel
INFO: [USF-XSim-69] 'elaborate' step finished in '1' seconds
INFO: [USF-XSim-4] XSim::Simulate design
INFO: [USF-XSim-61] Executing 'SIMULATE' step in 'C:/Users/robin/Documents/GitHub/FPGA-GearBox---Group-Bertolini-Liberato/Gabriel_Files/Gearbox_Project.sim/sim_1/behav/xsim'
INFO: [USF-XSim-98] *** Running xsim
   with args "dc_driver_pwm_behav -key {Behavioral:sim_1:Functional:dc_driver_pwm} -tclbatch {dc_driver_pwm.tcl} -log {simulate.log}"
INFO: [USF-XSim-8] Loading simulator feature
Time resolution is 1 ps
source dc_driver_pwm.tcl
# set curr_wave [current_wave_config]
# if { [string length $curr_wave] == 0 } {
#   if { [llength [get_objects]] > 0} {
#     add_wave /
#     set_property needs_save false [current_wave_config]
#   } else {
#      send_msg_id Add_Wave-1 WARNING "No top level signals found. Simulator will start without a wave window. If you want to open a wave window go to 'File->New Waveform Configuration' or type 'create_wave_config' in the TCL console."
#   }
# }
# run 1000ns
INFO: [USF-XSim-96] XSim completed. Design snapshot 'dc_driver_pwm_behav' loaded.
INFO: [USF-XSim-97] XSim simulation ran for 1000ns
launch_simulation: Time (s): cpu = 00:00:05 ; elapsed = 00:00:07 . Memory (MB): peak = 3506.965 ; gain = 14.633
synth_design -top main_motor_top_pwm -part xc7a35tcpg236-1 -lint 
Command: synth_design -top main_motor_top_pwm -part xc7a35tcpg236-1 -lint
Starting synth_design
Attempting to get a license for feature 'Synthesis' and/or device 'xc7a35t'
INFO: [Common 17-349] Got license for feature 'Synthesis' and/or device 'xc7a35t'
INFO: [Synth 8-7079] Multithreading enabled for synth_design using a maximum of 2 processes.
---------------------------------------------------------------------------------
Starting Synthesize : Time (s): cpu = 00:00:09 ; elapsed = 00:00:08 . Memory (MB): peak = 3648.336 ; gain = 134.656
---------------------------------------------------------------------------------
Clean up Linter database...
INFO: [Synth 8-638] synthesizing module 'main_motor_top_pwm' [C:/Users/robin/Documents/GitHub/FPGA-GearBox---Group-Bertolini-Liberato/Gabriel_Files/Gearbox_Project.srcs/sources_1/new/main_motor_top_pwm.vhd:24]
INFO: [Synth 8-3491] module 'stepper_position_controller' declared at 'C:/Users/robin/Documents/GitHub/FPGA-GearBox---Group-Bertolini-Liberato/Gabriel_Files/Gearbox_Project.srcs/sources_1/new/stepper_position_controller.vhd:5' bound to instance 'STEP1' of component 'stepper_position_controller' [C:/Users/robin/Documents/GitHub/FPGA-GearBox---Group-Bertolini-Liberato/Gabriel_Files/Gearbox_Project.srcs/sources_1/new/main_motor_top_pwm.vhd:90]
INFO: [Synth 8-638] synthesizing module 'stepper_position_controller' [C:/Users/robin/Documents/GitHub/FPGA-GearBox---Group-Bertolini-Liberato/Gabriel_Files/Gearbox_Project.srcs/sources_1/new/stepper_position_controller.vhd:19]
INFO: [Synth 8-256] done synthesizing module 'stepper_position_controller' (1#1) [C:/Users/robin/Documents/GitHub/FPGA-GearBox---Group-Bertolini-Liberato/Gabriel_Files/Gearbox_Project.srcs/sources_1/new/stepper_position_controller.vhd:19]
INFO: [Synth 8-3491] module 'stepper_position_controller' declared at 'C:/Users/robin/Documents/GitHub/FPGA-GearBox---Group-Bertolini-Liberato/Gabriel_Files/Gearbox_Project.srcs/sources_1/new/stepper_position_controller.vhd:5' bound to instance 'STEP2' of component 'stepper_position_controller' [C:/Users/robin/Documents/GitHub/FPGA-GearBox---Group-Bertolini-Liberato/Gabriel_Files/Gearbox_Project.srcs/sources_1/new/main_motor_top_pwm.vhd:95]
INFO: [Synth 8-256] done synthesizing module 'main_motor_top_pwm' (2#1) [C:/Users/robin/Documents/GitHub/FPGA-GearBox---Group-Bertolini-Liberato/Gabriel_Files/Gearbox_Project.srcs/sources_1/new/main_motor_top_pwm.vhd:24]
---------------------------------------------------------------------------------
Finished Synthesize : Time (s): cpu = 00:00:11 ; elapsed = 00:00:10 . Memory (MB): peak = 3762.887 ; gain = 249.207
---------------------------------------------------------------------------------
Copyright 1986-2022 Xilinx, Inc. All Rights Reserved. Copyright 2022-2025 Advanced Micro Devices, Inc. All Rights Reserved.
---------------------------------------------------------------------------------------------------------------------------------------------
| Tool Version : Vivado v.2025.2 (win64) Build 6299465 Fri Nov 14 19:35:11 GMT 2025
| Date         : Tue May 19 15:56:14 2026
| Host         : PcBobin running 64-bit major release  (build 9200)
---------------------------------------------------------------------------------------------------------------------------------------------

RTL Linter Report

Table of Contents
-----------------
1. Summary

1. Summary
----------

+-----------+------------------+--------------+----------+
| Rule ID   | Severity         | # Violations | # Waived |
+-----------+------------------+--------------+----------+
| ASSIGN-10 | WARNING          | 1            | 0        |
| RESET-3   | CRITICAL WARNING | 5            | 0        |
+-----------+------------------+--------------+----------+


WARNING: [Synth 37-125] [ASSIGN-10]Some bits in IO 'sw' are not read. First unread bit index is 1. 
RTL Name 'sw', Hierarchy 'main_motor_top_pwm', File 'main_motor_top_pwm.vhd', Line 13.
CRITICAL WARNING: [Synth 37-111] [RESET-3]Synchronous reset not found on register current_pos_reg and its enable logic contains synchronous reset in same always/process block.
RTL Name 'current_pos_reg', Hierarchy 'stepper_position_controller', File 'C:/Users/robin/Documents/GitHub/FPGA-GearBox---Group-Bertolini-Liberato/Gabriel_Files/Gearbox_Project.srcs/sources_1/new/stepper_position_controller.vhd', Line 39.
CRITICAL WARNING: [Synth 37-111] [RESET-3]Synchronous reset not found on register homing_steps_reg and its enable logic contains synchronous reset in same always/process block.
RTL Name 'homing_steps_reg', Hierarchy 'stepper_position_controller', File 'C:/Users/robin/Documents/GitHub/FPGA-GearBox---Group-Bertolini-Liberato/Gabriel_Files/Gearbox_Project.srcs/sources_1/new/stepper_position_controller.vhd', Line 39.
CRITICAL WARNING: [Synth 37-111] [RESET-3]Synchronous reset not found on register step_state_reg and its enable logic contains synchronous reset in same always/process block.
RTL Name 'step_state_reg', Hierarchy 'stepper_position_controller', File 'C:/Users/robin/Documents/GitHub/FPGA-GearBox---Group-Bertolini-Liberato/Gabriel_Files/Gearbox_Project.srcs/sources_1/new/stepper_position_controller.vhd', Line 39.
CRITICAL WARNING: [Synth 37-111] [RESET-3]Synchronous reset not found on register tick_cnt_reg and its enable logic contains synchronous reset in same always/process block.
RTL Name 'tick_cnt_reg', Hierarchy 'stepper_position_controller', File 'C:/Users/robin/Documents/GitHub/FPGA-GearBox---Group-Bertolini-Liberato/Gabriel_Files/Gearbox_Project.srcs/sources_1/new/stepper_position_controller.vhd', Line 39.
CRITICAL WARNING: [Synth 37-111] [RESET-3]Synchronous reset not found on register wait_cnt_reg and its enable logic contains synchronous reset in same always/process block.
RTL Name 'wait_cnt_reg', Hierarchy 'stepper_position_controller', File 'C:/Users/robin/Documents/GitHub/FPGA-GearBox---Group-Bertolini-Liberato/Gabriel_Files/Gearbox_Project.srcs/sources_1/new/stepper_position_controller.vhd', Line 39.
INFO: [Synth 37-85] Total of 6 linter message(s) generated.
INFO: [Synth 37-45] Linter Run Finished!
Synthesis Optimization Runtime : Time (s): cpu = 00:00:11 ; elapsed = 00:00:10 . Memory (MB): peak = 3775.516 ; gain = 261.836
INFO: [Common 17-83] Releasing license: Synthesis
11 Infos, 1 Warnings, 5 Critical Warnings and 0 Errors encountered.
synth_design completed successfully
synth_design: Time (s): cpu = 00:00:11 ; elapsed = 00:00:10 . Memory (MB): peak = 3775.516 ; gain = 261.836
reset_run synth_1
INFO: [Project 1-1161] Replacing file C:/Users/robin/Documents/GitHub/FPGA-GearBox---Group-Bertolini-Liberato/Gabriel_Files/Gearbox_Project.srcs/utils_1/imports/synth_1/main_motor_top_pwm.dcp with file C:/Users/robin/Documents/GitHub/FPGA-GearBox---Group-Bertolini-Liberato/Gabriel_Files/Gearbox_Project.runs/synth_1/main_motor_top_pwm.dcp
WARNING: [Vivado 12-1017] Problems encountered:
1. Failed to delete one or more files in run directory C:/Users/robin/Documents/GitHub/FPGA-GearBox---Group-Bertolini-Liberato/Gabriel_Files/Gearbox_Project.runs/synth_1

WARNING: [filemgmt 56-199] Attempt to get parsing info during refresh. "On-the-fly" syntax checking information may be incorrect. [C:\Users\robin\Documents\GitHub\FPGA-GearBox---Group-Bertolini-Liberato\Gabriel_Files\Gearbox_Project.srcs\sources_1\new\stepper_position_controller.vhd:]
WARNING: [filemgmt 56-199] Attempt to get parsing info during refresh. "On-the-fly" syntax checking information may be incorrect. [C:\Users\robin\Documents\GitHub\FPGA-GearBox---Group-Bertolini-Liberato\Gabriel_Files\Gearbox_Project.srcs\sources_1\new\main_motor_top_pwm.vhd:]
WARNING: [filemgmt 56-199] Attempt to get parsing info during refresh. "On-the-fly" syntax checking information may be incorrect. [C:\Users\robin\Documents\GitHub\FPGA-GearBox---Group-Bertolini-Liberato\Gabriel_Files\Gearbox_Project.srcs\sources_1\new\dc_driver_pwm.vhd:]
WARNING: [filemgmt 56-199] Attempt to get parsing info during refresh. "On-the-fly" syntax checking information may be incorrect. [C:\Users\robin\Documents\GitHub\FPGA-GearBox---Group-Bertolini-Liberato\Gabriel_Files\Gearbox_Project.srcs\sources_1\new\pwm_generator.vhd:]
WARNING: [filemgmt 56-199] Attempt to get parsing info during refresh. "On-the-fly" syntax checking information may be incorrect. [C:\Users\robin\Documents\GitHub\FPGA-GearBox---Group-Bertolini-Liberato\Gabriel_Files\Gearbox_Project.srcs\sources_1\new\stepper_motor_ctrl.vhd:]
WARNING: [filemgmt 56-199] Attempt to get parsing info during refresh. "On-the-fly" syntax checking information may be incorrect. [C:\Users\robin\Documents\GitHub\FPGA-GearBox---Group-Bertolini-Liberato\Gabriel_Files\Gearbox_Project.srcs\sources_1\new\main_motor_top_pwm.vhd:]
WARNING: [filemgmt 56-199] Attempt to get parsing info during refresh. "On-the-fly" syntax checking information may be incorrect. [C:\Users\robin\Documents\GitHub\FPGA-GearBox---Group-Bertolini-Liberato\Gabriel_Files\Gearbox_Project.srcs\sources_1\new\main_motor_top_pwm.vhd:]
WARNING: [filemgmt 56-199] Attempt to get parsing info during refresh. "On-the-fly" syntax checking information may be incorrect. [C:\Users\robin\Documents\GitHub\FPGA-GearBox---Group-Bertolini-Liberato\Gabriel_Files\Gearbox_Project.srcs\sources_1\new\stepper_position_controller.vhd:]
WARNING: [filemgmt 56-199] Attempt to get parsing info during refresh. "On-the-fly" syntax checking information may be incorrect. [C:\Users\robin\Documents\GitHub\FPGA-GearBox---Group-Bertolini-Liberato\Gabriel_Files\Gearbox_Project.srcs\sources_1\new\main_motor_top_pwm.vhd:]
WARNING: [filemgmt 56-199] Attempt to get parsing info during refresh. "On-the-fly" syntax checking information may be incorrect. [C:\Users\robin\Documents\GitHub\FPGA-GearBox---Group-Bertolini-Liberato\Gabriel_Files\Gearbox_Project.srcs\sources_1\new\dc_driver_pwm.vhd:]
WARNING: [filemgmt 56-199] Attempt to get parsing info during refresh. "On-the-fly" syntax checking information may be incorrect. [C:\Users\robin\Documents\GitHub\FPGA-GearBox---Group-Bertolini-Liberato\Gabriel_Files\Gearbox_Project.srcs\sources_1\new\pwm_generator.vhd:]
WARNING: [filemgmt 56-199] Attempt to get parsing info during refresh. "On-the-fly" syntax checking information may be incorrect. [C:\Users\robin\Documents\GitHub\FPGA-GearBox---Group-Bertolini-Liberato\Gabriel_Files\Gearbox_Project.srcs\sources_1\new\stepper_motor_ctrl.vhd:]
WARNING: [filemgmt 56-199] Attempt to get parsing info during refresh. "On-the-fly" syntax checking information may be incorrect. [C:\Users\robin\Documents\GitHub\FPGA-GearBox---Group-Bertolini-Liberato\Gabriel_Files\Gearbox_Project.srcs\sources_1\new\pwm_generator.vhd:]
WARNING: [filemgmt 56-199] Attempt to get parsing info during refresh. "On-the-fly" syntax checking information may be incorrect. [C:\Users\robin\Documents\GitHub\FPGA-GearBox---Group-Bertolini-Liberato\Gabriel_Files\Gearbox_Project.srcs\sources_1\new\pwm_generator.vhd:]
WARNING: [filemgmt 56-199] Attempt to get parsing info during refresh. "On-the-fly" syntax checking information may be incorrect. [C:\Users\robin\Documents\GitHub\FPGA-GearBox---Group-Bertolini-Liberato\Gabriel_Files\Gearbox_Project.srcs\sources_1\new\stepper_position_controller.vhd:]
WARNING: [filemgmt 56-199] Attempt to get parsing info during refresh. "On-the-fly" syntax checking information may be incorrect. [C:\Users\robin\Documents\GitHub\FPGA-GearBox---Group-Bertolini-Liberato\Gabriel_Files\Gearbox_Project.srcs\sources_1\new\main_motor_top_pwm.vhd:]
WARNING: [filemgmt 56-199] Attempt to get parsing info during refresh. "On-the-fly" syntax checking information may be incorrect. [C:\Users\robin\Documents\GitHub\FPGA-GearBox---Group-Bertolini-Liberato\Gabriel_Files\Gearbox_Project.srcs\sources_1\new\dc_driver_pwm.vhd:]
WARNING: [filemgmt 56-199] Attempt to get parsing info during refresh. "On-the-fly" syntax checking information may be incorrect. [C:\Users\robin\Documents\GitHub\FPGA-GearBox---Group-Bertolini-Liberato\Gabriel_Files\Gearbox_Project.srcs\sources_1\new\pwm_generator.vhd:]
WARNING: [filemgmt 56-199] Attempt to get parsing info during refresh. "On-the-fly" syntax checking information may be incorrect. [C:\Users\robin\Documents\GitHub\FPGA-GearBox---Group-Bertolini-Liberato\Gabriel_Files\Gearbox_Project.srcs\sources_1\new\stepper_motor_ctrl.vhd:]
WARNING: [filemgmt 56-199] Attempt to get parsing info during refresh. "On-the-fly" syntax checking information may be incorrect. [C:\Users\robin\Documents\GitHub\FPGA-GearBox---Group-Bertolini-Liberato\Gabriel_Files\Gearbox_Project.srcs\sources_1\new\stepper_motor_ctrl.vhd:]
WARNING: [filemgmt 56-199] Attempt to get parsing info during refresh. "On-the-fly" syntax checking information may be incorrect. [C:\Users\robin\Documents\GitHub\FPGA-GearBox---Group-Bertolini-Liberato\Gabriel_Files\Gearbox_Project.srcs\sources_1\new\stepper_motor_ctrl.vhd:]
WARNING: [filemgmt 56-199] Attempt to get parsing info during refresh. "On-the-fly" syntax checking information may be incorrect. [C:\Users\robin\Documents\GitHub\FPGA-GearBox---Group-Bertolini-Liberato\Gabriel_Files\Gearbox_Project.srcs\sources_1\new\stepper_position_controller.vhd:]
WARNING: [filemgmt 56-199] Attempt to get parsing info during refresh. "On-the-fly" syntax checking information may be incorrect. [C:\Users\robin\Documents\GitHub\FPGA-GearBox---Group-Bertolini-Liberato\Gabriel_Files\Gearbox_Project.srcs\sources_1\new\main_motor_top_pwm.vhd:]
WARNING: [filemgmt 56-199] Attempt to get parsing info during refresh. "On-the-fly" syntax checking information may be incorrect. [C:\Users\robin\Documents\GitHub\FPGA-GearBox---Group-Bertolini-Liberato\Gabriel_Files\Gearbox_Project.srcs\sources_1\new\dc_driver_pwm.vhd:]
WARNING: [filemgmt 56-199] Attempt to get parsing info during refresh. "On-the-fly" syntax checking information may be incorrect. [C:\Users\robin\Documents\GitHub\FPGA-GearBox---Group-Bertolini-Liberato\Gabriel_Files\Gearbox_Project.srcs\sources_1\new\pwm_generator.vhd:]
WARNING: [filemgmt 56-199] Attempt to get parsing info during refresh. "On-the-fly" syntax checking information may be incorrect. [C:\Users\robin\Documents\GitHub\FPGA-GearBox---Group-Bertolini-Liberato\Gabriel_Files\Gearbox_Project.srcs\sources_1\new\stepper_motor_ctrl.vhd:]
WARNING: [filemgmt 56-199] Attempt to get parsing info during refresh. "On-the-fly" syntax checking information may be incorrect. [C:\Users\robin\Documents\GitHub\FPGA-GearBox---Group-Bertolini-Liberato\Gabriel_Files\Gearbox_Project.srcs\sources_1\new\dc_driver_pwm.vhd:]
WARNING: [filemgmt 56-199] Attempt to get parsing info during refresh. "On-the-fly" syntax checking information may be incorrect. [C:\Users\robin\Documents\GitHub\FPGA-GearBox---Group-Bertolini-Liberato\Gabriel_Files\Gearbox_Project.srcs\sources_1\new\dc_driver_pwm.vhd:]
launch_runs impl_1 -jobs 20
[Tue May 19 15:56:29 2026] Launched synth_1...
Run output will be captured here: C:/Users/robin/Documents/GitHub/FPGA-GearBox---Group-Bertolini-Liberato/Gabriel_Files/Gearbox_Project.runs/synth_1/runme.log
[Tue May 19 15:56:29 2026] Launched impl_1...
Run output will be captured here: C:/Users/robin/Documents/GitHub/FPGA-GearBox---Group-Bertolini-Liberato/Gabriel_Files/Gearbox_Project.runs/impl_1/runme.log
ERROR: [Common 17-180] Spawn failed: The operation completed successfully.

launch_runs impl_1 -to_step write_bitstream -jobs 20
[Tue May 19 15:59:45 2026] Launched impl_1...
Run output will be captured here: C:/Users/robin/Documents/GitHub/FPGA-GearBox---Group-Bertolini-Liberato/Gabriel_Files/Gearbox_Project.runs/impl_1/runme.log
set_property PROBES.FILE {} [get_hw_devices xc7a35t_0]
set_property FULL_PROBES.FILE {} [get_hw_devices xc7a35t_0]
set_property PROGRAM.FILE {C:/Users/robin/Documents/GitHub/FPGA-GearBox---Group-Bertolini-Liberato/Gabriel_Files/Gearbox_Project.runs/impl_1/main_motor_top_pwm.bit} [get_hw_devices xc7a35t_0]
program_hw_devices [get_hw_devices xc7a35t_0]
INFO: [Labtools 27-3164] End of startup status: HIGH
refresh_hw_device [lindex [get_hw_devices xc7a35t_0] 0]
INFO: [Labtools 27-1434] Device xc7a35t (JTAG device index = 0) is programmed with a design that has no supported soft debug core(s) in it.
WARNING: [filemgmt 56-199] Attempt to get parsing info during refresh. "On-the-fly" syntax checking information may be incorrect. [C:\Users\robin\Documents\GitHub\FPGA-GearBox---Group-Bertolini-Liberato\Gabriel_Files\Gearbox_Project.srcs\sources_1\new\stepper_position_controller.vhd:]
WARNING: [filemgmt 56-199] Attempt to get parsing info during refresh. "On-the-fly" syntax checking information may be incorrect. [C:\Users\robin\Documents\GitHub\FPGA-GearBox---Group-Bertolini-Liberato\Gabriel_Files\Gearbox_Project.srcs\sources_1\new\main_motor_top_pwm.vhd:]
WARNING: [filemgmt 56-199] Attempt to get parsing info during refresh. "On-the-fly" syntax checking information may be incorrect. [C:\Users\robin\Documents\GitHub\FPGA-GearBox---Group-Bertolini-Liberato\Gabriel_Files\Gearbox_Project.srcs\sources_1\new\dc_driver_pwm.vhd:]
WARNING: [filemgmt 56-199] Attempt to get parsing info during refresh. "On-the-fly" syntax checking information may be incorrect. [C:\Users\robin\Documents\GitHub\FPGA-GearBox---Group-Bertolini-Liberato\Gabriel_Files\Gearbox_Project.srcs\sources_1\new\pwm_generator.vhd:]
WARNING: [filemgmt 56-199] Attempt to get parsing info during refresh. "On-the-fly" syntax checking information may be incorrect. [C:\Users\robin\Documents\GitHub\FPGA-GearBox---Group-Bertolini-Liberato\Gabriel_Files\Gearbox_Project.srcs\sources_1\new\stepper_motor_ctrl.vhd:]
WARNING: [filemgmt 56-199] Attempt to get parsing info during refresh. "On-the-fly" syntax checking information may be incorrect. [C:\Users\robin\Documents\GitHub\FPGA-GearBox---Group-Bertolini-Liberato\Gabriel_Files\Gearbox_Project.srcs\sources_1\new\stepper_motor_ctrl.vhd:]
WARNING: [filemgmt 56-199] Attempt to get parsing info during refresh. "On-the-fly" syntax checking information may be incorrect. [C:\Users\robin\Documents\GitHub\FPGA-GearBox---Group-Bertolini-Liberato\Gabriel_Files\Gearbox_Project.srcs\sources_1\new\stepper_motor_ctrl.vhd:]
WARNING: [filemgmt 56-199] Attempt to get parsing info during refresh. "On-the-fly" syntax checking information may be incorrect. [C:\Users\robin\Documents\GitHub\FPGA-GearBox---Group-Bertolini-Liberato\Gabriel_Files\Gearbox_Project.srcs\sources_1\new\stepper_position_controller.vhd:]
WARNING: [filemgmt 56-199] Attempt to get parsing info during refresh. "On-the-fly" syntax checking information may be incorrect. [C:\Users\robin\Documents\GitHub\FPGA-GearBox---Group-Bertolini-Liberato\Gabriel_Files\Gearbox_Project.srcs\sources_1\new\main_motor_top_pwm.vhd:]
WARNING: [filemgmt 56-199] Attempt to get parsing info during refresh. "On-the-fly" syntax checking information may be incorrect. [C:\Users\robin\Documents\GitHub\FPGA-GearBox---Group-Bertolini-Liberato\Gabriel_Files\Gearbox_Project.srcs\sources_1\new\dc_driver_pwm.vhd:]
WARNING: [filemgmt 56-199] Attempt to get parsing info during refresh. "On-the-fly" syntax checking information may be incorrect. [C:\Users\robin\Documents\GitHub\FPGA-GearBox---Group-Bertolini-Liberato\Gabriel_Files\Gearbox_Project.srcs\sources_1\new\pwm_generator.vhd:]
WARNING: [filemgmt 56-199] Attempt to get parsing info during refresh. "On-the-fly" syntax checking information may be incorrect. [C:\Users\robin\Documents\GitHub\FPGA-GearBox---Group-Bertolini-Liberato\Gabriel_Files\Gearbox_Project.srcs\sources_1\new\stepper_motor_ctrl.vhd:]
WARNING: [filemgmt 56-199] Attempt to get parsing info during refresh. "On-the-fly" syntax checking information may be incorrect. [C:\Users\robin\Documents\GitHub\FPGA-GearBox---Group-Bertolini-Liberato\Gabriel_Files\Gearbox_Project.srcs\sources_1\new\dc_driver_pwm.vhd:]
WARNING: [filemgmt 56-199] Attempt to get parsing info during refresh. "On-the-fly" syntax checking information may be incorrect. [C:\Users\robin\Documents\GitHub\FPGA-GearBox---Group-Bertolini-Liberato\Gabriel_Files\Gearbox_Project.srcs\sources_1\new\dc_driver_pwm.vhd:]
WARNING: [filemgmt 56-199] Attempt to get parsing info during refresh. "On-the-fly" syntax checking information may be incorrect. [C:\Users\robin\Documents\GitHub\FPGA-GearBox---Group-Bertolini-Liberato\Gabriel_Files\Gearbox_Project.srcs\sources_1\new\stepper_position_controller.vhd:]
WARNING: [filemgmt 56-199] Attempt to get parsing info during refresh. "On-the-fly" syntax checking information may be incorrect. [C:\Users\robin\Documents\GitHub\FPGA-GearBox---Group-Bertolini-Liberato\Gabriel_Files\Gearbox_Project.srcs\sources_1\new\main_motor_top_pwm.vhd:]
WARNING: [filemgmt 56-199] Attempt to get parsing info during refresh. "On-the-fly" syntax checking information may be incorrect. [C:\Users\robin\Documents\GitHub\FPGA-GearBox---Group-Bertolini-Liberato\Gabriel_Files\Gearbox_Project.srcs\sources_1\new\dc_driver_pwm.vhd:]
WARNING: [filemgmt 56-199] Attempt to get parsing info during refresh. "On-the-fly" syntax checking information may be incorrect. [C:\Users\robin\Documents\GitHub\FPGA-GearBox---Group-Bertolini-Liberato\Gabriel_Files\Gearbox_Project.srcs\sources_1\new\pwm_generator.vhd:]
WARNING: [filemgmt 56-199] Attempt to get parsing info during refresh. "On-the-fly" syntax checking information may be incorrect. [C:\Users\robin\Documents\GitHub\FPGA-GearBox---Group-Bertolini-Liberato\Gabriel_Files\Gearbox_Project.srcs\sources_1\new\stepper_motor_ctrl.vhd:]
WARNING: [filemgmt 56-199] Attempt to get parsing info during refresh. "On-the-fly" syntax checking information may be incorrect. [C:\Users\robin\Documents\GitHub\FPGA-GearBox---Group-Bertolini-Liberato\Gabriel_Files\Gearbox_Project.srcs\sources_1\new\stepper_position_controller.vhd:]
WARNING: [filemgmt 56-199] Attempt to get parsing info during refresh. "On-the-fly" syntax checking information may be incorrect. [C:\Users\robin\Documents\GitHub\FPGA-GearBox---Group-Bertolini-Liberato\Gabriel_Files\Gearbox_Project.srcs\sources_1\new\stepper_position_controller.vhd:]
close_sim
INFO: [Simtcl 6-16] Simulation closed
launch_simulation
Command: launch_simulation 
INFO: [Vivado 12-25911] Executing simulation for 'XSim' simulator
INFO: [Vivado 12-28535] Process started - Tue May 19 16:11:42 2026

INFO: [Vivado 12-12493] Simulation top is 'dc_driver_pwm'
INFO: [Vivado 12-5682] Launching behavioral simulation in 'C:/Users/robin/Documents/GitHub/FPGA-GearBox---Group-Bertolini-Liberato/Gabriel_Files/Gearbox_Project.sim/sim_1/behav/xsim'
INFO: [SIM-utils-51] Simulation object is 'sim_1'
INFO: [SIM-utils-72] Using boost library from 'C:/AMDDesignTools/2025.2/Vivado/tps/boost_1_72_0'
INFO: [SIM-utils-54] Inspecting design source files for 'dc_driver_pwm' in fileset 'sim_1'...
INFO: [USF-XSim-97] Finding global include files...
INFO: [USF-XSim-98] Fetching design files from 'sim_1'...
INFO: [USF-XSim-2] XSim::Compile design
INFO: [USF-XSim-61] Executing 'COMPILE and ANALYZE' step in 'C:/Users/robin/Documents/GitHub/FPGA-GearBox---Group-Bertolini-Liberato/Gabriel_Files/Gearbox_Project.sim/sim_1/behav/xsim'
"xvhdl --incr --relax -prj dc_driver_pwm_vhdl.prj"
INFO: [USF-XSim-69] 'compile' step finished in '1' seconds
INFO: [USF-XSim-3] XSim::Elaborate design
INFO: [USF-XSim-61] Executing 'ELABORATE' step in 'C:/Users/robin/Documents/GitHub/FPGA-GearBox---Group-Bertolini-Liberato/Gabriel_Files/Gearbox_Project.sim/sim_1/behav/xsim'
"xelab --incr --debug typical --relax --mt 2 -L xil_defaultlib -L secureip --snapshot dc_driver_pwm_behav xil_defaultlib.dc_driver_pwm -log elaborate.log"
Vivado Simulator v2025.2
Copyright 1986-2022 Xilinx, Inc. All Rights Reserved.
Copyright 2022-2025 Advanced Micro Devices, Inc. All Rights Reserved.
Running: C:/AMDDesignTools/2025.2/Vivado/bin/unwrapped/win64.o/xelab.exe --incr --debug typical --relax --mt 2 -L xil_defaultlib -L secureip --snapshot dc_driver_pwm_behav xil_defaultlib.dc_driver_pwm -log elaborate.log 
Using 2 slave threads.
Starting static elaboration
Completed static elaboration
INFO: [XSIM 43-4323] No Change in HDL. Linking previously generated obj files to create kernel
INFO: [USF-XSim-69] 'elaborate' step finished in '2' seconds
INFO: [USF-XSim-4] XSim::Simulate design
INFO: [USF-XSim-61] Executing 'SIMULATE' step in 'C:/Users/robin/Documents/GitHub/FPGA-GearBox---Group-Bertolini-Liberato/Gabriel_Files/Gearbox_Project.sim/sim_1/behav/xsim'
INFO: [USF-XSim-98] *** Running xsim
   with args "dc_driver_pwm_behav -key {Behavioral:sim_1:Functional:dc_driver_pwm} -tclbatch {dc_driver_pwm.tcl} -log {simulate.log}"
INFO: [USF-XSim-8] Loading simulator feature
Time resolution is 1 ps
source dc_driver_pwm.tcl
# set curr_wave [current_wave_config]
# if { [string length $curr_wave] == 0 } {
#   if { [llength [get_objects]] > 0} {
#     add_wave /
#     set_property needs_save false [current_wave_config]
#   } else {
#      send_msg_id Add_Wave-1 WARNING "No top level signals found. Simulator will start without a wave window. If you want to open a wave window go to 'File->New Waveform Configuration' or type 'create_wave_config' in the TCL console."
#   }
# }
# run 1000ns
INFO: [USF-XSim-96] XSim completed. Design snapshot 'dc_driver_pwm_behav' loaded.
INFO: [USF-XSim-97] XSim simulation ran for 1000ns
launch_simulation: Time (s): cpu = 00:00:05 ; elapsed = 00:00:07 . Memory (MB): peak = 3940.539 ; gain = 13.523
synth_design -top main_motor_top_pwm -part xc7a35tcpg236-1 -lint 
Command: synth_design -top main_motor_top_pwm -part xc7a35tcpg236-1 -lint
Starting synth_design
Attempting to get a license for feature 'Synthesis' and/or device 'xc7a35t'
INFO: [Common 17-349] Got license for feature 'Synthesis' and/or device 'xc7a35t'
INFO: [Synth 8-7079] Multithreading enabled for synth_design using a maximum of 2 processes.
---------------------------------------------------------------------------------
Starting Synthesize : Time (s): cpu = 00:00:09 ; elapsed = 00:00:08 . Memory (MB): peak = 3940.539 ; gain = 0.000
---------------------------------------------------------------------------------
Clean up Linter database...
INFO: [Synth 8-638] synthesizing module 'main_motor_top_pwm' [C:/Users/robin/Documents/GitHub/FPGA-GearBox---Group-Bertolini-Liberato/Gabriel_Files/Gearbox_Project.srcs/sources_1/new/main_motor_top_pwm.vhd:24]
INFO: [Synth 8-3491] module 'stepper_position_controller' declared at 'C:/Users/robin/Documents/GitHub/FPGA-GearBox---Group-Bertolini-Liberato/Gabriel_Files/Gearbox_Project.srcs/sources_1/new/stepper_position_controller.vhd:5' bound to instance 'STEP1' of component 'stepper_position_controller' [C:/Users/robin/Documents/GitHub/FPGA-GearBox---Group-Bertolini-Liberato/Gabriel_Files/Gearbox_Project.srcs/sources_1/new/main_motor_top_pwm.vhd:91]
INFO: [Synth 8-638] synthesizing module 'stepper_position_controller' [C:/Users/robin/Documents/GitHub/FPGA-GearBox---Group-Bertolini-Liberato/Gabriel_Files/Gearbox_Project.srcs/sources_1/new/stepper_position_controller.vhd:19]
INFO: [Synth 8-256] done synthesizing module 'stepper_position_controller' (1#1) [C:/Users/robin/Documents/GitHub/FPGA-GearBox---Group-Bertolini-Liberato/Gabriel_Files/Gearbox_Project.srcs/sources_1/new/stepper_position_controller.vhd:19]
INFO: [Synth 8-3491] module 'stepper_position_controller' declared at 'C:/Users/robin/Documents/GitHub/FPGA-GearBox---Group-Bertolini-Liberato/Gabriel_Files/Gearbox_Project.srcs/sources_1/new/stepper_position_controller.vhd:5' bound to instance 'STEP2' of component 'stepper_position_controller' [C:/Users/robin/Documents/GitHub/FPGA-GearBox---Group-Bertolini-Liberato/Gabriel_Files/Gearbox_Project.srcs/sources_1/new/main_motor_top_pwm.vhd:96]
INFO: [Synth 8-256] done synthesizing module 'main_motor_top_pwm' (2#1) [C:/Users/robin/Documents/GitHub/FPGA-GearBox---Group-Bertolini-Liberato/Gabriel_Files/Gearbox_Project.srcs/sources_1/new/main_motor_top_pwm.vhd:24]
---------------------------------------------------------------------------------
Finished Synthesize : Time (s): cpu = 00:00:13 ; elapsed = 00:00:12 . Memory (MB): peak = 3940.539 ; gain = 0.000
---------------------------------------------------------------------------------
Copyright 1986-2022 Xilinx, Inc. All Rights Reserved. Copyright 2022-2025 Advanced Micro Devices, Inc. All Rights Reserved.
---------------------------------------------------------------------------------------------------------------------------------------------
| Tool Version : Vivado v.2025.2 (win64) Build 6299465 Fri Nov 14 19:35:11 GMT 2025
| Date         : Tue May 19 16:12:02 2026
| Host         : PcBobin running 64-bit major release  (build 9200)
---------------------------------------------------------------------------------------------------------------------------------------------

RTL Linter Report

Table of Contents
-----------------
1. Summary

1. Summary
----------

+-----------+------------------+--------------+----------+
| Rule ID   | Severity         | # Violations | # Waived |
+-----------+------------------+--------------+----------+
| ASSIGN-10 | WARNING          | 1            | 0        |
| RESET-3   | CRITICAL WARNING | 5            | 0        |
+-----------+------------------+--------------+----------+


WARNING: [Synth 37-125] [ASSIGN-10]Some bits in IO 'sw' are not read. First unread bit index is 1. 
RTL Name 'sw', Hierarchy 'main_motor_top_pwm', File 'main_motor_top_pwm.vhd', Line 13.
CRITICAL WARNING: [Synth 37-111] [RESET-3]Synchronous reset not found on register current_pos_reg and its enable logic contains synchronous reset in same always/process block.
RTL Name 'current_pos_reg', Hierarchy 'stepper_position_controller', File 'C:/Users/robin/Documents/GitHub/FPGA-GearBox---Group-Bertolini-Liberato/Gabriel_Files/Gearbox_Project.srcs/sources_1/new/stepper_position_controller.vhd', Line 39.
CRITICAL WARNING: [Synth 37-111] [RESET-3]Synchronous reset not found on register homing_steps_reg and its enable logic contains synchronous reset in same always/process block.
RTL Name 'homing_steps_reg', Hierarchy 'stepper_position_controller', File 'C:/Users/robin/Documents/GitHub/FPGA-GearBox---Group-Bertolini-Liberato/Gabriel_Files/Gearbox_Project.srcs/sources_1/new/stepper_position_controller.vhd', Line 39.
CRITICAL WARNING: [Synth 37-111] [RESET-3]Synchronous reset not found on register step_state_reg and its enable logic contains synchronous reset in same always/process block.
RTL Name 'step_state_reg', Hierarchy 'stepper_position_controller', File 'C:/Users/robin/Documents/GitHub/FPGA-GearBox---Group-Bertolini-Liberato/Gabriel_Files/Gearbox_Project.srcs/sources_1/new/stepper_position_controller.vhd', Line 39.
CRITICAL WARNING: [Synth 37-111] [RESET-3]Synchronous reset not found on register tick_cnt_reg and its enable logic contains synchronous reset in same always/process block.
RTL Name 'tick_cnt_reg', Hierarchy 'stepper_position_controller', File 'C:/Users/robin/Documents/GitHub/FPGA-GearBox---Group-Bertolini-Liberato/Gabriel_Files/Gearbox_Project.srcs/sources_1/new/stepper_position_controller.vhd', Line 39.
CRITICAL WARNING: [Synth 37-111] [RESET-3]Synchronous reset not found on register wait_cnt_reg and its enable logic contains synchronous reset in same always/process block.
RTL Name 'wait_cnt_reg', Hierarchy 'stepper_position_controller', File 'C:/Users/robin/Documents/GitHub/FPGA-GearBox---Group-Bertolini-Liberato/Gabriel_Files/Gearbox_Project.srcs/sources_1/new/stepper_position_controller.vhd', Line 39.
INFO: [Synth 37-85] Total of 6 linter message(s) generated.
INFO: [Synth 37-45] Linter Run Finished!
Synthesis Optimization Runtime : Time (s): cpu = 00:00:13 ; elapsed = 00:00:12 . Memory (MB): peak = 3940.539 ; gain = 0.000
INFO: [Common 17-83] Releasing license: Synthesis
11 Infos, 1 Warnings, 5 Critical Warnings and 0 Errors encountered.
synth_design completed successfully
synth_design: Time (s): cpu = 00:00:13 ; elapsed = 00:00:12 . Memory (MB): peak = 3940.539 ; gain = 0.000
WARNING: [filemgmt 56-199] Attempt to get parsing info during refresh. "On-the-fly" syntax checking information may be incorrect. [C:\Users\robin\Documents\GitHub\FPGA-GearBox---Group-Bertolini-Liberato\Gabriel_Files\Gearbox_Project.srcs\sources_1\new\stepper_position_controller.vhd:]
WARNING: [filemgmt 56-199] Attempt to get parsing info during refresh. "On-the-fly" syntax checking information may be incorrect. [C:\Users\robin\Documents\GitHub\FPGA-GearBox---Group-Bertolini-Liberato\Gabriel_Files\Gearbox_Project.srcs\sources_1\new\main_motor_top_pwm.vhd:]
WARNING: [filemgmt 56-199] Attempt to get parsing info during refresh. "On-the-fly" syntax checking information may be incorrect. [C:\Users\robin\Documents\GitHub\FPGA-GearBox---Group-Bertolini-Liberato\Gabriel_Files\Gearbox_Project.srcs\sources_1\new\dc_driver_pwm.vhd:]
WARNING: [filemgmt 56-199] Attempt to get parsing info during refresh. "On-the-fly" syntax checking information may be incorrect. [C:\Users\robin\Documents\GitHub\FPGA-GearBox---Group-Bertolini-Liberato\Gabriel_Files\Gearbox_Project.srcs\sources_1\new\pwm_generator.vhd:]
WARNING: [filemgmt 56-199] Attempt to get parsing info during refresh. "On-the-fly" syntax checking information may be incorrect. [C:\Users\robin\Documents\GitHub\FPGA-GearBox---Group-Bertolini-Liberato\Gabriel_Files\Gearbox_Project.srcs\sources_1\new\stepper_motor_ctrl.vhd:]
WARNING: [filemgmt 56-199] Attempt to get parsing info during refresh. "On-the-fly" syntax checking information may be incorrect. [C:\Users\robin\Documents\GitHub\FPGA-GearBox---Group-Bertolini-Liberato\Gabriel_Files\Gearbox_Project.srcs\sources_1\new\dc_driver_pwm.vhd:]
WARNING: [filemgmt 56-199] Attempt to get parsing info during refresh. "On-the-fly" syntax checking information may be incorrect. [C:\Users\robin\Documents\GitHub\FPGA-GearBox---Group-Bertolini-Liberato\Gabriel_Files\Gearbox_Project.srcs\sources_1\new\dc_driver_pwm.vhd:]
WARNING: [filemgmt 56-199] Attempt to get parsing info during refresh. "On-the-fly" syntax checking information may be incorrect. [C:\Users\robin\Documents\GitHub\FPGA-GearBox---Group-Bertolini-Liberato\Gabriel_Files\Gearbox_Project.srcs\sources_1\new\stepper_position_controller.vhd:]
WARNING: [filemgmt 56-199] Attempt to get parsing info during refresh. "On-the-fly" syntax checking information may be incorrect. [C:\Users\robin\Documents\GitHub\FPGA-GearBox---Group-Bertolini-Liberato\Gabriel_Files\Gearbox_Project.srcs\sources_1\new\main_motor_top_pwm.vhd:]
WARNING: [filemgmt 56-199] Attempt to get parsing info during refresh. "On-the-fly" syntax checking information may be incorrect. [C:\Users\robin\Documents\GitHub\FPGA-GearBox---Group-Bertolini-Liberato\Gabriel_Files\Gearbox_Project.srcs\sources_1\new\dc_driver_pwm.vhd:]
WARNING: [filemgmt 56-199] Attempt to get parsing info during refresh. "On-the-fly" syntax checking information may be incorrect. [C:\Users\robin\Documents\GitHub\FPGA-GearBox---Group-Bertolini-Liberato\Gabriel_Files\Gearbox_Project.srcs\sources_1\new\pwm_generator.vhd:]
WARNING: [filemgmt 56-199] Attempt to get parsing info during refresh. "On-the-fly" syntax checking information may be incorrect. [C:\Users\robin\Documents\GitHub\FPGA-GearBox---Group-Bertolini-Liberato\Gabriel_Files\Gearbox_Project.srcs\sources_1\new\stepper_motor_ctrl.vhd:]
WARNING: [filemgmt 56-199] Attempt to get parsing info during refresh. "On-the-fly" syntax checking information may be incorrect. [C:\Users\robin\Documents\GitHub\FPGA-GearBox---Group-Bertolini-Liberato\Gabriel_Files\Gearbox_Project.srcs\sources_1\new\pwm_generator.vhd:]
WARNING: [filemgmt 56-199] Attempt to get parsing info during refresh. "On-the-fly" syntax checking information may be incorrect. [C:\Users\robin\Documents\GitHub\FPGA-GearBox---Group-Bertolini-Liberato\Gabriel_Files\Gearbox_Project.srcs\sources_1\new\pwm_generator.vhd:]
WARNING: [filemgmt 56-199] Attempt to get parsing info during refresh. "On-the-fly" syntax checking information may be incorrect. [C:\Users\robin\Documents\GitHub\FPGA-GearBox---Group-Bertolini-Liberato\Gabriel_Files\Gearbox_Project.srcs\sources_1\new\stepper_position_controller.vhd:]
WARNING: [filemgmt 56-199] Attempt to get parsing info during refresh. "On-the-fly" syntax checking information may be incorrect. [C:\Users\robin\Documents\GitHub\FPGA-GearBox---Group-Bertolini-Liberato\Gabriel_Files\Gearbox_Project.srcs\sources_1\new\main_motor_top_pwm.vhd:]
WARNING: [filemgmt 56-199] Attempt to get parsing info during refresh. "On-the-fly" syntax checking information may be incorrect. [C:\Users\robin\Documents\GitHub\FPGA-GearBox---Group-Bertolini-Liberato\Gabriel_Files\Gearbox_Project.srcs\sources_1\new\dc_driver_pwm.vhd:]
WARNING: [filemgmt 56-199] Attempt to get parsing info during refresh. "On-the-fly" syntax checking information may be incorrect. [C:\Users\robin\Documents\GitHub\FPGA-GearBox---Group-Bertolini-Liberato\Gabriel_Files\Gearbox_Project.srcs\sources_1\new\pwm_generator.vhd:]
WARNING: [filemgmt 56-199] Attempt to get parsing info during refresh. "On-the-fly" syntax checking information may be incorrect. [C:\Users\robin\Documents\GitHub\FPGA-GearBox---Group-Bertolini-Liberato\Gabriel_Files\Gearbox_Project.srcs\sources_1\new\stepper_motor_ctrl.vhd:]
WARNING: [filemgmt 56-199] Attempt to get parsing info during refresh. "On-the-fly" syntax checking information may be incorrect. [C:\Users\robin\Documents\GitHub\FPGA-GearBox---Group-Bertolini-Liberato\Gabriel_Files\Gearbox_Project.srcs\sources_1\new\stepper_motor_ctrl.vhd:]
WARNING: [filemgmt 56-199] Attempt to get parsing info during refresh. "On-the-fly" syntax checking information may be incorrect. [C:\Users\robin\Documents\GitHub\FPGA-GearBox---Group-Bertolini-Liberato\Gabriel_Files\Gearbox_Project.srcs\sources_1\new\stepper_motor_ctrl.vhd:]
WARNING: [filemgmt 56-199] Attempt to get parsing info during refresh. "On-the-fly" syntax checking information may be incorrect. [C:\Users\robin\Documents\GitHub\FPGA-GearBox---Group-Bertolini-Liberato\Gabriel_Files\Gearbox_Project.srcs\sources_1\new\stepper_position_controller.vhd:]
WARNING: [filemgmt 56-199] Attempt to get parsing info during refresh. "On-the-fly" syntax checking information may be incorrect. [C:\Users\robin\Documents\GitHub\FPGA-GearBox---Group-Bertolini-Liberato\Gabriel_Files\Gearbox_Project.srcs\sources_1\new\main_motor_top_pwm.vhd:]
WARNING: [filemgmt 56-199] Attempt to get parsing info during refresh. "On-the-fly" syntax checking information may be incorrect. [C:\Users\robin\Documents\GitHub\FPGA-GearBox---Group-Bertolini-Liberato\Gabriel_Files\Gearbox_Project.srcs\sources_1\new\dc_driver_pwm.vhd:]
WARNING: [filemgmt 56-199] Attempt to get parsing info during refresh. "On-the-fly" syntax checking information may be incorrect. [C:\Users\robin\Documents\GitHub\FPGA-GearBox---Group-Bertolini-Liberato\Gabriel_Files\Gearbox_Project.srcs\sources_1\new\pwm_generator.vhd:]
WARNING: [filemgmt 56-199] Attempt to get parsing info during refresh. "On-the-fly" syntax checking information may be incorrect. [C:\Users\robin\Documents\GitHub\FPGA-GearBox---Group-Bertolini-Liberato\Gabriel_Files\Gearbox_Project.srcs\sources_1\new\stepper_motor_ctrl.vhd:]
WARNING: [filemgmt 56-199] Attempt to get parsing info during refresh. "On-the-fly" syntax checking information may be incorrect. [C:\Users\robin\Documents\GitHub\FPGA-GearBox---Group-Bertolini-Liberato\Gabriel_Files\Gearbox_Project.srcs\sources_1\new\stepper_position_controller.vhd:]
WARNING: [filemgmt 56-199] Attempt to get parsing info during refresh. "On-the-fly" syntax checking information may be incorrect. [C:\Users\robin\Documents\GitHub\FPGA-GearBox---Group-Bertolini-Liberato\Gabriel_Files\Gearbox_Project.srcs\sources_1\new\stepper_position_controller.vhd:]
ERROR: [Common 17-180] Spawn failed: The operation completed successfully.

synth_design -top main_motor_top_pwm -part xc7a35tcpg236-1 -lint 
Command: synth_design -top main_motor_top_pwm -part xc7a35tcpg236-1 -lint
Starting synth_design
Attempting to get a license for feature 'Synthesis' and/or device 'xc7a35t'
INFO: [Common 17-349] Got license for feature 'Synthesis' and/or device 'xc7a35t'
INFO: [Synth 8-7079] Multithreading enabled for synth_design using a maximum of 2 processes.
---------------------------------------------------------------------------------
Starting Synthesize : Time (s): cpu = 00:00:09 ; elapsed = 00:00:08 . Memory (MB): peak = 4635.273 ; gain = 23.414
---------------------------------------------------------------------------------
Clean up Linter database...
INFO: [Synth 8-638] synthesizing module 'main_motor_top_pwm' [C:/Users/robin/Documents/GitHub/FPGA-GearBox---Group-Bertolini-Liberato/Gabriel_Files/Gearbox_Project.srcs/sources_1/new/main_motor_top_pwm.vhd:24]
INFO: [Synth 8-3491] module 'stepper_position_controller' declared at 'C:/Users/robin/Documents/GitHub/FPGA-GearBox---Group-Bertolini-Liberato/Gabriel_Files/Gearbox_Project.srcs/sources_1/new/stepper_position_controller.vhd:5' bound to instance 'STEP1' of component 'stepper_position_controller' [C:/Users/robin/Documents/GitHub/FPGA-GearBox---Group-Bertolini-Liberato/Gabriel_Files/Gearbox_Project.srcs/sources_1/new/main_motor_top_pwm.vhd:91]
INFO: [Synth 8-638] synthesizing module 'stepper_position_controller' [C:/Users/robin/Documents/GitHub/FPGA-GearBox---Group-Bertolini-Liberato/Gabriel_Files/Gearbox_Project.srcs/sources_1/new/stepper_position_controller.vhd:19]
INFO: [Synth 8-256] done synthesizing module 'stepper_position_controller' (1#1) [C:/Users/robin/Documents/GitHub/FPGA-GearBox---Group-Bertolini-Liberato/Gabriel_Files/Gearbox_Project.srcs/sources_1/new/stepper_position_controller.vhd:19]
INFO: [Synth 8-3491] module 'stepper_position_controller' declared at 'C:/Users/robin/Documents/GitHub/FPGA-GearBox---Group-Bertolini-Liberato/Gabriel_Files/Gearbox_Project.srcs/sources_1/new/stepper_position_controller.vhd:5' bound to instance 'STEP2' of component 'stepper_position_controller' [C:/Users/robin/Documents/GitHub/FPGA-GearBox---Group-Bertolini-Liberato/Gabriel_Files/Gearbox_Project.srcs/sources_1/new/main_motor_top_pwm.vhd:96]
INFO: [Synth 8-256] done synthesizing module 'main_motor_top_pwm' (2#1) [C:/Users/robin/Documents/GitHub/FPGA-GearBox---Group-Bertolini-Liberato/Gabriel_Files/Gearbox_Project.srcs/sources_1/new/main_motor_top_pwm.vhd:24]
---------------------------------------------------------------------------------
Finished Synthesize : Time (s): cpu = 00:00:12 ; elapsed = 00:00:10 . Memory (MB): peak = 4635.273 ; gain = 23.414
---------------------------------------------------------------------------------
Copyright 1986-2022 Xilinx, Inc. All Rights Reserved. Copyright 2022-2025 Advanced Micro Devices, Inc. All Rights Reserved.
---------------------------------------------------------------------------------------------------------------------------------------------
| Tool Version : Vivado v.2025.2 (win64) Build 6299465 Fri Nov 14 19:35:11 GMT 2025
| Date         : Tue May 19 16:13:32 2026
| Host         : PcBobin running 64-bit major release  (build 9200)
---------------------------------------------------------------------------------------------------------------------------------------------

RTL Linter Report

Table of Contents
-----------------
1. Summary

1. Summary
----------

+-----------+------------------+--------------+----------+
| Rule ID   | Severity         | # Violations | # Waived |
+-----------+------------------+--------------+----------+
| ASSIGN-10 | WARNING          | 1            | 0        |
| RESET-3   | CRITICAL WARNING | 5            | 0        |
+-----------+------------------+--------------+----------+


WARNING: [Synth 37-125] [ASSIGN-10]Some bits in IO 'sw' are not read. First unread bit index is 1. 
RTL Name 'sw', Hierarchy 'main_motor_top_pwm', File 'main_motor_top_pwm.vhd', Line 13.
CRITICAL WARNING: [Synth 37-111] [RESET-3]Synchronous reset not found on register current_pos_reg and its enable logic contains synchronous reset in same always/process block.
RTL Name 'current_pos_reg', Hierarchy 'stepper_position_controller', File 'C:/Users/robin/Documents/GitHub/FPGA-GearBox---Group-Bertolini-Liberato/Gabriel_Files/Gearbox_Project.srcs/sources_1/new/stepper_position_controller.vhd', Line 39.
CRITICAL WARNING: [Synth 37-111] [RESET-3]Synchronous reset not found on register homing_steps_reg and its enable logic contains synchronous reset in same always/process block.
RTL Name 'homing_steps_reg', Hierarchy 'stepper_position_controller', File 'C:/Users/robin/Documents/GitHub/FPGA-GearBox---Group-Bertolini-Liberato/Gabriel_Files/Gearbox_Project.srcs/sources_1/new/stepper_position_controller.vhd', Line 39.
CRITICAL WARNING: [Synth 37-111] [RESET-3]Synchronous reset not found on register step_state_reg and its enable logic contains synchronous reset in same always/process block.
RTL Name 'step_state_reg', Hierarchy 'stepper_position_controller', File 'C:/Users/robin/Documents/GitHub/FPGA-GearBox---Group-Bertolini-Liberato/Gabriel_Files/Gearbox_Project.srcs/sources_1/new/stepper_position_controller.vhd', Line 39.
CRITICAL WARNING: [Synth 37-111] [RESET-3]Synchronous reset not found on register tick_cnt_reg and its enable logic contains synchronous reset in same always/process block.
RTL Name 'tick_cnt_reg', Hierarchy 'stepper_position_controller', File 'C:/Users/robin/Documents/GitHub/FPGA-GearBox---Group-Bertolini-Liberato/Gabriel_Files/Gearbox_Project.srcs/sources_1/new/stepper_position_controller.vhd', Line 39.
CRITICAL WARNING: [Synth 37-111] [RESET-3]Synchronous reset not found on register wait_cnt_reg and its enable logic contains synchronous reset in same always/process block.
RTL Name 'wait_cnt_reg', Hierarchy 'stepper_position_controller', File 'C:/Users/robin/Documents/GitHub/FPGA-GearBox---Group-Bertolini-Liberato/Gabriel_Files/Gearbox_Project.srcs/sources_1/new/stepper_position_controller.vhd', Line 39.
INFO: [Synth 37-85] Total of 6 linter message(s) generated.
INFO: [Synth 37-45] Linter Run Finished!
Synthesis Optimization Runtime : Time (s): cpu = 00:00:12 ; elapsed = 00:00:10 . Memory (MB): peak = 4635.273 ; gain = 23.414
INFO: [Common 17-83] Releasing license: Synthesis
11 Infos, 1 Warnings, 5 Critical Warnings and 0 Errors encountered.
synth_design completed successfully
synth_design: Time (s): cpu = 00:00:12 ; elapsed = 00:00:10 . Memory (MB): peak = 4635.273 ; gain = 23.414
reset_run synth_1
INFO: [Project 1-1161] Replacing file C:/Users/robin/Documents/GitHub/FPGA-GearBox---Group-Bertolini-Liberato/Gabriel_Files/Gearbox_Project.srcs/utils_1/imports/synth_1/main_motor_top_pwm.dcp with file C:/Users/robin/Documents/GitHub/FPGA-GearBox---Group-Bertolini-Liberato/Gabriel_Files/Gearbox_Project.runs/synth_1/main_motor_top_pwm.dcp
WARNING: [Vivado 12-1017] Problems encountered:
1. Failed to delete one or more files in run directory C:/Users/robin/Documents/GitHub/FPGA-GearBox---Group-Bertolini-Liberato/Gabriel_Files/Gearbox_Project.runs/synth_1

WARNING: [filemgmt 56-199] Attempt to get parsing info during refresh. "On-the-fly" syntax checking information may be incorrect. [C:\Users\robin\Documents\GitHub\FPGA-GearBox---Group-Bertolini-Liberato\Gabriel_Files\Gearbox_Project.srcs\sources_1\new\stepper_position_controller.vhd:]
WARNING: [filemgmt 56-199] Attempt to get parsing info during refresh. "On-the-fly" syntax checking information may be incorrect. [C:\Users\robin\Documents\GitHub\FPGA-GearBox---Group-Bertolini-Liberato\Gabriel_Files\Gearbox_Project.srcs\sources_1\new\main_motor_top_pwm.vhd:]
WARNING: [filemgmt 56-199] Attempt to get parsing info during refresh. "On-the-fly" syntax checking information may be incorrect. [C:\Users\robin\Documents\GitHub\FPGA-GearBox---Group-Bertolini-Liberato\Gabriel_Files\Gearbox_Project.srcs\sources_1\new\dc_driver_pwm.vhd:]
WARNING: [filemgmt 56-199] Attempt to get parsing info during refresh. "On-the-fly" syntax checking information may be incorrect. [C:\Users\robin\Documents\GitHub\FPGA-GearBox---Group-Bertolini-Liberato\Gabriel_Files\Gearbox_Project.srcs\sources_1\new\pwm_generator.vhd:]
WARNING: [filemgmt 56-199] Attempt to get parsing info during refresh. "On-the-fly" syntax checking information may be incorrect. [C:\Users\robin\Documents\GitHub\FPGA-GearBox---Group-Bertolini-Liberato\Gabriel_Files\Gearbox_Project.srcs\sources_1\new\stepper_motor_ctrl.vhd:]
WARNING: [filemgmt 56-199] Attempt to get parsing info during refresh. "On-the-fly" syntax checking information may be incorrect. [C:\Users\robin\Documents\GitHub\FPGA-GearBox---Group-Bertolini-Liberato\Gabriel_Files\Gearbox_Project.srcs\sources_1\new\pwm_generator.vhd:]
WARNING: [filemgmt 56-199] Attempt to get parsing info during refresh. "On-the-fly" syntax checking information may be incorrect. [C:\Users\robin\Documents\GitHub\FPGA-GearBox---Group-Bertolini-Liberato\Gabriel_Files\Gearbox_Project.srcs\sources_1\new\pwm_generator.vhd:]
WARNING: [filemgmt 56-199] Attempt to get parsing info during refresh. "On-the-fly" syntax checking information may be incorrect. [C:\Users\robin\Documents\GitHub\FPGA-GearBox---Group-Bertolini-Liberato\Gabriel_Files\Gearbox_Project.srcs\sources_1\new\stepper_position_controller.vhd:]
WARNING: [filemgmt 56-199] Attempt to get parsing info during refresh. "On-the-fly" syntax checking information may be incorrect. [C:\Users\robin\Documents\GitHub\FPGA-GearBox---Group-Bertolini-Liberato\Gabriel_Files\Gearbox_Project.srcs\sources_1\new\main_motor_top_pwm.vhd:]
WARNING: [filemgmt 56-199] Attempt to get parsing info during refresh. "On-the-fly" syntax checking information may be incorrect. [C:\Users\robin\Documents\GitHub\FPGA-GearBox---Group-Bertolini-Liberato\Gabriel_Files\Gearbox_Project.srcs\sources_1\new\dc_driver_pwm.vhd:]
WARNING: [filemgmt 56-199] Attempt to get parsing info during refresh. "On-the-fly" syntax checking information may be incorrect. [C:\Users\robin\Documents\GitHub\FPGA-GearBox---Group-Bertolini-Liberato\Gabriel_Files\Gearbox_Project.srcs\sources_1\new\pwm_generator.vhd:]
WARNING: [filemgmt 56-199] Attempt to get parsing info during refresh. "On-the-fly" syntax checking information may be incorrect. [C:\Users\robin\Documents\GitHub\FPGA-GearBox---Group-Bertolini-Liberato\Gabriel_Files\Gearbox_Project.srcs\sources_1\new\stepper_motor_ctrl.vhd:]
WARNING: [filemgmt 56-199] Attempt to get parsing info during refresh. "On-the-fly" syntax checking information may be incorrect. [C:\Users\robin\Documents\GitHub\FPGA-GearBox---Group-Bertolini-Liberato\Gabriel_Files\Gearbox_Project.srcs\sources_1\new\stepper_position_controller.vhd:]
WARNING: [filemgmt 56-199] Attempt to get parsing info during refresh. "On-the-fly" syntax checking information may be incorrect. [C:\Users\robin\Documents\GitHub\FPGA-GearBox---Group-Bertolini-Liberato\Gabriel_Files\Gearbox_Project.srcs\sources_1\new\stepper_position_controller.vhd:]
WARNING: [filemgmt 56-199] Attempt to get parsing info during refresh. "On-the-fly" syntax checking information may be incorrect. [C:\Users\robin\Documents\GitHub\FPGA-GearBox---Group-Bertolini-Liberato\Gabriel_Files\Gearbox_Project.srcs\sources_1\new\stepper_position_controller.vhd:]
WARNING: [filemgmt 56-199] Attempt to get parsing info during refresh. "On-the-fly" syntax checking information may be incorrect. [C:\Users\robin\Documents\GitHub\FPGA-GearBox---Group-Bertolini-Liberato\Gabriel_Files\Gearbox_Project.srcs\sources_1\new\main_motor_top_pwm.vhd:]
WARNING: [filemgmt 56-199] Attempt to get parsing info during refresh. "On-the-fly" syntax checking information may be incorrect. [C:\Users\robin\Documents\GitHub\FPGA-GearBox---Group-Bertolini-Liberato\Gabriel_Files\Gearbox_Project.srcs\sources_1\new\dc_driver_pwm.vhd:]
WARNING: [filemgmt 56-199] Attempt to get parsing info during refresh. "On-the-fly" syntax checking information may be incorrect. [C:\Users\robin\Documents\GitHub\FPGA-GearBox---Group-Bertolini-Liberato\Gabriel_Files\Gearbox_Project.srcs\sources_1\new\pwm_generator.vhd:]
WARNING: [filemgmt 56-199] Attempt to get parsing info during refresh. "On-the-fly" syntax checking information may be incorrect. [C:\Users\robin\Documents\GitHub\FPGA-GearBox---Group-Bertolini-Liberato\Gabriel_Files\Gearbox_Project.srcs\sources_1\new\stepper_motor_ctrl.vhd:]
WARNING: [filemgmt 56-199] Attempt to get parsing info during refresh. "On-the-fly" syntax checking information may be incorrect. [C:\Users\robin\Documents\GitHub\FPGA-GearBox---Group-Bertolini-Liberato\Gabriel_Files\Gearbox_Project.srcs\sources_1\new\dc_driver_pwm.vhd:]
WARNING: [filemgmt 56-199] Attempt to get parsing info during refresh. "On-the-fly" syntax checking information may be incorrect. [C:\Users\robin\Documents\GitHub\FPGA-GearBox---Group-Bertolini-Liberato\Gabriel_Files\Gearbox_Project.srcs\sources_1\new\dc_driver_pwm.vhd:]
WARNING: [filemgmt 56-199] Attempt to get parsing info during refresh. "On-the-fly" syntax checking information may be incorrect. [C:\Users\robin\Documents\GitHub\FPGA-GearBox---Group-Bertolini-Liberato\Gabriel_Files\Gearbox_Project.srcs\sources_1\new\stepper_position_controller.vhd:]
WARNING: [filemgmt 56-199] Attempt to get parsing info during refresh. "On-the-fly" syntax checking information may be incorrect. [C:\Users\robin\Documents\GitHub\FPGA-GearBox---Group-Bertolini-Liberato\Gabriel_Files\Gearbox_Project.srcs\sources_1\new\main_motor_top_pwm.vhd:]
WARNING: [filemgmt 56-199] Attempt to get parsing info during refresh. "On-the-fly" syntax checking information may be incorrect. [C:\Users\robin\Documents\GitHub\FPGA-GearBox---Group-Bertolini-Liberato\Gabriel_Files\Gearbox_Project.srcs\sources_1\new\dc_driver_pwm.vhd:]
WARNING: [filemgmt 56-199] Attempt to get parsing info during refresh. "On-the-fly" syntax checking information may be incorrect. [C:\Users\robin\Documents\GitHub\FPGA-GearBox---Group-Bertolini-Liberato\Gabriel_Files\Gearbox_Project.srcs\sources_1\new\pwm_generator.vhd:]
WARNING: [filemgmt 56-199] Attempt to get parsing info during refresh. "On-the-fly" syntax checking information may be incorrect. [C:\Users\robin\Documents\GitHub\FPGA-GearBox---Group-Bertolini-Liberato\Gabriel_Files\Gearbox_Project.srcs\sources_1\new\stepper_motor_ctrl.vhd:]
WARNING: [filemgmt 56-199] Attempt to get parsing info during refresh. "On-the-fly" syntax checking information may be incorrect. [C:\Users\robin\Documents\GitHub\FPGA-GearBox---Group-Bertolini-Liberato\Gabriel_Files\Gearbox_Project.srcs\sources_1\new\stepper_motor_ctrl.vhd:]
WARNING: [filemgmt 56-199] Attempt to get parsing info during refresh. "On-the-fly" syntax checking information may be incorrect. [C:\Users\robin\Documents\GitHub\FPGA-GearBox---Group-Bertolini-Liberato\Gabriel_Files\Gearbox_Project.srcs\sources_1\new\stepper_motor_ctrl.vhd:]
launch_runs synth_1 -jobs 20
[Tue May 19 16:13:37 2026] Launched synth_1...
Run output will be captured here: C:/Users/robin/Documents/GitHub/FPGA-GearBox---Group-Bertolini-Liberato/Gabriel_Files/Gearbox_Project.runs/synth_1/runme.log
ERROR: [Common 17-180] Spawn failed: The operation completed successfully.

launch_runs impl_1 -jobs 20
[Tue May 19 16:15:09 2026] Launched impl_1...
Run output will be captured here: C:/Users/robin/Documents/GitHub/FPGA-GearBox---Group-Bertolini-Liberato/Gabriel_Files/Gearbox_Project.runs/impl_1/runme.log
launch_runs impl_1 -to_step write_bitstream -jobs 20
[Tue May 19 16:16:41 2026] Launched impl_1...
Run output will be captured here: C:/Users/robin/Documents/GitHub/FPGA-GearBox---Group-Bertolini-Liberato/Gabriel_Files/Gearbox_Project.runs/impl_1/runme.log
reset_run impl_1 -prev_step 
launch_runs impl_1 -to_step write_bitstream -jobs 20
[Tue May 19 16:17:44 2026] Launched impl_1...
Run output will be captured here: C:/Users/robin/Documents/GitHub/FPGA-GearBox---Group-Bertolini-Liberato/Gabriel_Files/Gearbox_Project.runs/impl_1/runme.log
reset_run impl_1 -prev_step 
launch_runs impl_1 -to_step write_bitstream -jobs 20
[Tue May 19 16:17:51 2026] Launched impl_1...
Run output will be captured here: C:/Users/robin/Documents/GitHub/FPGA-GearBox---Group-Bertolini-Liberato/Gabriel_Files/Gearbox_Project.runs/impl_1/runme.log
WARNING: [filemgmt 56-199] Attempt to get parsing info during refresh. "On-the-fly" syntax checking information may be incorrect. [C:\Users\robin\Documents\GitHub\FPGA-GearBox---Group-Bertolini-Liberato\Gabriel_Files\Gearbox_Project.srcs\sources_1\new\stepper_position_controller.vhd:]
WARNING: [filemgmt 56-199] Attempt to get parsing info during refresh. "On-the-fly" syntax checking information may be incorrect. [C:\Users\robin\Documents\GitHub\FPGA-GearBox---Group-Bertolini-Liberato\Gabriel_Files\Gearbox_Project.srcs\sources_1\new\main_motor_top_pwm.vhd:]
WARNING: [filemgmt 56-199] Attempt to get parsing info during refresh. "On-the-fly" syntax checking information may be incorrect. [C:\Users\robin\Documents\GitHub\FPGA-GearBox---Group-Bertolini-Liberato\Gabriel_Files\Gearbox_Project.srcs\sources_1\new\dc_driver_pwm.vhd:]
WARNING: [filemgmt 56-199] Attempt to get parsing info during refresh. "On-the-fly" syntax checking information may be incorrect. [C:\Users\robin\Documents\GitHub\FPGA-GearBox---Group-Bertolini-Liberato\Gabriel_Files\Gearbox_Project.srcs\sources_1\new\pwm_generator.vhd:]
WARNING: [filemgmt 56-199] Attempt to get parsing info during refresh. "On-the-fly" syntax checking information may be incorrect. [C:\Users\robin\Documents\GitHub\FPGA-GearBox---Group-Bertolini-Liberato\Gabriel_Files\Gearbox_Project.srcs\sources_1\new\stepper_motor_ctrl.vhd:]
WARNING: [filemgmt 56-199] Attempt to get parsing info during refresh. "On-the-fly" syntax checking information may be incorrect. [C:\Users\robin\Documents\GitHub\FPGA-GearBox---Group-Bertolini-Liberato\Gabriel_Files\Gearbox_Project.srcs\sources_1\new\main_motor_top_pwm.vhd:]
WARNING: [filemgmt 56-199] Attempt to get parsing info during refresh. "On-the-fly" syntax checking information may be incorrect. [C:\Users\robin\Documents\GitHub\FPGA-GearBox---Group-Bertolini-Liberato\Gabriel_Files\Gearbox_Project.srcs\sources_1\new\main_motor_top_pwm.vhd:]
WARNING: [filemgmt 56-199] Attempt to get parsing info during refresh. "On-the-fly" syntax checking information may be incorrect. [C:\Users\robin\Documents\GitHub\FPGA-GearBox---Group-Bertolini-Liberato\Gabriel_Files\Gearbox_Project.srcs\sources_1\new\stepper_position_controller.vhd:]
WARNING: [filemgmt 56-199] Attempt to get parsing info during refresh. "On-the-fly" syntax checking information may be incorrect. [C:\Users\robin\Documents\GitHub\FPGA-GearBox---Group-Bertolini-Liberato\Gabriel_Files\Gearbox_Project.srcs\sources_1\new\main_motor_top_pwm.vhd:]
WARNING: [filemgmt 56-199] Attempt to get parsing info during refresh. "On-the-fly" syntax checking information may be incorrect. [C:\Users\robin\Documents\GitHub\FPGA-GearBox---Group-Bertolini-Liberato\Gabriel_Files\Gearbox_Project.srcs\sources_1\new\dc_driver_pwm.vhd:]
WARNING: [filemgmt 56-199] Attempt to get parsing info during refresh. "On-the-fly" syntax checking information may be incorrect. [C:\Users\robin\Documents\GitHub\FPGA-GearBox---Group-Bertolini-Liberato\Gabriel_Files\Gearbox_Project.srcs\sources_1\new\pwm_generator.vhd:]
WARNING: [filemgmt 56-199] Attempt to get parsing info during refresh. "On-the-fly" syntax checking information may be incorrect. [C:\Users\robin\Documents\GitHub\FPGA-GearBox---Group-Bertolini-Liberato\Gabriel_Files\Gearbox_Project.srcs\sources_1\new\stepper_motor_ctrl.vhd:]
WARNING: [filemgmt 56-199] Attempt to get parsing info during refresh. "On-the-fly" syntax checking information may be incorrect. [C:\Users\robin\Documents\GitHub\FPGA-GearBox---Group-Bertolini-Liberato\Gabriel_Files\Gearbox_Project.srcs\sources_1\new\dc_driver_pwm.vhd:]
WARNING: [filemgmt 56-199] Attempt to get parsing info during refresh. "On-the-fly" syntax checking information may be incorrect. [C:\Users\robin\Documents\GitHub\FPGA-GearBox---Group-Bertolini-Liberato\Gabriel_Files\Gearbox_Project.srcs\sources_1\new\dc_driver_pwm.vhd:]
WARNING: [filemgmt 56-199] Attempt to get parsing info during refresh. "On-the-fly" syntax checking information may be incorrect. [C:\Users\robin\Documents\GitHub\FPGA-GearBox---Group-Bertolini-Liberato\Gabriel_Files\Gearbox_Project.srcs\sources_1\new\stepper_position_controller.vhd:]
WARNING: [filemgmt 56-199] Attempt to get parsing info during refresh. "On-the-fly" syntax checking information may be incorrect. [C:\Users\robin\Documents\GitHub\FPGA-GearBox---Group-Bertolini-Liberato\Gabriel_Files\Gearbox_Project.srcs\sources_1\new\main_motor_top_pwm.vhd:]
WARNING: [filemgmt 56-199] Attempt to get parsing info during refresh. "On-the-fly" syntax checking information may be incorrect. [C:\Users\robin\Documents\GitHub\FPGA-GearBox---Group-Bertolini-Liberato\Gabriel_Files\Gearbox_Project.srcs\sources_1\new\dc_driver_pwm.vhd:]
WARNING: [filemgmt 56-199] Attempt to get parsing info during refresh. "On-the-fly" syntax checking information may be incorrect. [C:\Users\robin\Documents\GitHub\FPGA-GearBox---Group-Bertolini-Liberato\Gabriel_Files\Gearbox_Project.srcs\sources_1\new\pwm_generator.vhd:]
WARNING: [filemgmt 56-199] Attempt to get parsing info during refresh. "On-the-fly" syntax checking information may be incorrect. [C:\Users\robin\Documents\GitHub\FPGA-GearBox---Group-Bertolini-Liberato\Gabriel_Files\Gearbox_Project.srcs\sources_1\new\stepper_motor_ctrl.vhd:]
WARNING: [filemgmt 56-199] Attempt to get parsing info during refresh. "On-the-fly" syntax checking information may be incorrect. [C:\Users\robin\Documents\GitHub\FPGA-GearBox---Group-Bertolini-Liberato\Gabriel_Files\Gearbox_Project.srcs\sources_1\new\pwm_generator.vhd:]
WARNING: [filemgmt 56-199] Attempt to get parsing info during refresh. "On-the-fly" syntax checking information may be incorrect. [C:\Users\robin\Documents\GitHub\FPGA-GearBox---Group-Bertolini-Liberato\Gabriel_Files\Gearbox_Project.srcs\sources_1\new\pwm_generator.vhd:]
WARNING: [filemgmt 56-199] Attempt to get parsing info during refresh. "On-the-fly" syntax checking information may be incorrect. [C:\Users\robin\Documents\GitHub\FPGA-GearBox---Group-Bertolini-Liberato\Gabriel_Files\Gearbox_Project.srcs\sources_1\new\stepper_position_controller.vhd:]
WARNING: [filemgmt 56-199] Attempt to get parsing info during refresh. "On-the-fly" syntax checking information may be incorrect. [C:\Users\robin\Documents\GitHub\FPGA-GearBox---Group-Bertolini-Liberato\Gabriel_Files\Gearbox_Project.srcs\sources_1\new\main_motor_top_pwm.vhd:]
WARNING: [filemgmt 56-199] Attempt to get parsing info during refresh. "On-the-fly" syntax checking information may be incorrect. [C:\Users\robin\Documents\GitHub\FPGA-GearBox---Group-Bertolini-Liberato\Gabriel_Files\Gearbox_Project.srcs\sources_1\new\dc_driver_pwm.vhd:]
WARNING: [filemgmt 56-199] Attempt to get parsing info during refresh. "On-the-fly" syntax checking information may be incorrect. [C:\Users\robin\Documents\GitHub\FPGA-GearBox---Group-Bertolini-Liberato\Gabriel_Files\Gearbox_Project.srcs\sources_1\new\pwm_generator.vhd:]
WARNING: [filemgmt 56-199] Attempt to get parsing info during refresh. "On-the-fly" syntax checking information may be incorrect. [C:\Users\robin\Documents\GitHub\FPGA-GearBox---Group-Bertolini-Liberato\Gabriel_Files\Gearbox_Project.srcs\sources_1\new\stepper_motor_ctrl.vhd:]
WARNING: [filemgmt 56-199] Attempt to get parsing info during refresh. "On-the-fly" syntax checking information may be incorrect. [C:\Users\robin\Documents\GitHub\FPGA-GearBox---Group-Bertolini-Liberato\Gabriel_Files\Gearbox_Project.srcs\sources_1\new\stepper_motor_ctrl.vhd:]
WARNING: [filemgmt 56-199] Attempt to get parsing info during refresh. "On-the-fly" syntax checking information may be incorrect. [C:\Users\robin\Documents\GitHub\FPGA-GearBox---Group-Bertolini-Liberato\Gabriel_Files\Gearbox_Project.srcs\sources_1\new\stepper_motor_ctrl.vhd:]
ERROR: [Common 17-180] Spawn failed: The operation completed successfully.

close_sim
INFO: [Simtcl 6-16] Simulation closed
launch_simulation
Command: launch_simulation 
INFO: [Vivado 12-25911] Executing simulation for 'XSim' simulator
INFO: [Vivado 12-28535] Process started - Tue May 19 16:21:29 2026

INFO: [Vivado 12-12493] Simulation top is 'dc_driver_pwm'
INFO: [Vivado 12-5682] Launching behavioral simulation in 'C:/Users/robin/Documents/GitHub/FPGA-GearBox---Group-Bertolini-Liberato/Gabriel_Files/Gearbox_Project.sim/sim_1/behav/xsim'
INFO: [SIM-utils-51] Simulation object is 'sim_1'
INFO: [SIM-utils-72] Using boost library from 'C:/AMDDesignTools/2025.2/Vivado/tps/boost_1_72_0'
INFO: [SIM-utils-54] Inspecting design source files for 'dc_driver_pwm' in fileset 'sim_1'...
INFO: [USF-XSim-97] Finding global include files...
INFO: [USF-XSim-98] Fetching design files from 'sim_1'...
INFO: [USF-XSim-2] XSim::Compile design
INFO: [USF-XSim-61] Executing 'COMPILE and ANALYZE' step in 'C:/Users/robin/Documents/GitHub/FPGA-GearBox---Group-Bertolini-Liberato/Gabriel_Files/Gearbox_Project.sim/sim_1/behav/xsim'
"xvhdl --incr --relax -prj dc_driver_pwm_vhdl.prj"
INFO: [USF-XSim-69] 'compile' step finished in '1' seconds
INFO: [USF-XSim-3] XSim::Elaborate design
INFO: [USF-XSim-61] Executing 'ELABORATE' step in 'C:/Users/robin/Documents/GitHub/FPGA-GearBox---Group-Bertolini-Liberato/Gabriel_Files/Gearbox_Project.sim/sim_1/behav/xsim'
"xelab --incr --debug typical --relax --mt 2 -L xil_defaultlib -L secureip --snapshot dc_driver_pwm_behav xil_defaultlib.dc_driver_pwm -log elaborate.log"
Vivado Simulator v2025.2
Copyright 1986-2022 Xilinx, Inc. All Rights Reserved.
Copyright 2022-2025 Advanced Micro Devices, Inc. All Rights Reserved.
Running: C:/AMDDesignTools/2025.2/Vivado/bin/unwrapped/win64.o/xelab.exe --incr --debug typical --relax --mt 2 -L xil_defaultlib -L secureip --snapshot dc_driver_pwm_behav xil_defaultlib.dc_driver_pwm -log elaborate.log 
Using 2 slave threads.
Starting static elaboration
Completed static elaboration
INFO: [XSIM 43-4323] No Change in HDL. Linking previously generated obj files to create kernel
INFO: [USF-XSim-69] 'elaborate' step finished in '2' seconds
INFO: [USF-XSim-4] XSim::Simulate design
INFO: [USF-XSim-61] Executing 'SIMULATE' step in 'C:/Users/robin/Documents/GitHub/FPGA-GearBox---Group-Bertolini-Liberato/Gabriel_Files/Gearbox_Project.sim/sim_1/behav/xsim'
INFO: [USF-XSim-98] *** Running xsim
   with args "dc_driver_pwm_behav -key {Behavioral:sim_1:Functional:dc_driver_pwm} -tclbatch {dc_driver_pwm.tcl} -log {simulate.log}"
INFO: [USF-XSim-8] Loading simulator feature
Time resolution is 1 ps
source dc_driver_pwm.tcl
# set curr_wave [current_wave_config]
# if { [string length $curr_wave] == 0 } {
#   if { [llength [get_objects]] > 0} {
#     add_wave /
#     set_property needs_save false [current_wave_config]
#   } else {
#      send_msg_id Add_Wave-1 WARNING "No top level signals found. Simulator will start without a wave window. If you want to open a wave window go to 'File->New Waveform Configuration' or type 'create_wave_config' in the TCL console."
#   }
# }
# run 1000ns
INFO: [USF-XSim-96] XSim completed. Design snapshot 'dc_driver_pwm_behav' loaded.
INFO: [USF-XSim-97] XSim simulation ran for 1000ns
launch_simulation: Time (s): cpu = 00:00:04 ; elapsed = 00:00:06 . Memory (MB): peak = 4635.273 ; gain = 0.000
synth_design -top main_motor_top_pwm -part xc7a35tcpg236-1 -lint 
Command: synth_design -top main_motor_top_pwm -part xc7a35tcpg236-1 -lint
Starting synth_design
Attempting to get a license for feature 'Synthesis' and/or device 'xc7a35t'
INFO: [Common 17-349] Got license for feature 'Synthesis' and/or device 'xc7a35t'
INFO: [Synth 8-7079] Multithreading enabled for synth_design using a maximum of 2 processes.
---------------------------------------------------------------------------------
Starting Synthesize : Time (s): cpu = 00:00:08 ; elapsed = 00:00:08 . Memory (MB): peak = 4635.273 ; gain = 0.000
---------------------------------------------------------------------------------
Clean up Linter database...
INFO: [Synth 8-638] synthesizing module 'main_motor_top_pwm' [C:/Users/robin/Documents/GitHub/FPGA-GearBox---Group-Bertolini-Liberato/Gabriel_Files/Gearbox_Project.srcs/sources_1/new/main_motor_top_pwm.vhd:24]
INFO: [Synth 8-3491] module 'stepper_position_controller' declared at 'C:/Users/robin/Documents/GitHub/FPGA-GearBox---Group-Bertolini-Liberato/Gabriel_Files/Gearbox_Project.srcs/sources_1/new/stepper_position_controller.vhd:5' bound to instance 'STEP1' of component 'stepper_position_controller' [C:/Users/robin/Documents/GitHub/FPGA-GearBox---Group-Bertolini-Liberato/Gabriel_Files/Gearbox_Project.srcs/sources_1/new/main_motor_top_pwm.vhd:91]
INFO: [Synth 8-638] synthesizing module 'stepper_position_controller' [C:/Users/robin/Documents/GitHub/FPGA-GearBox---Group-Bertolini-Liberato/Gabriel_Files/Gearbox_Project.srcs/sources_1/new/stepper_position_controller.vhd:19]
INFO: [Synth 8-256] done synthesizing module 'stepper_position_controller' (1#1) [C:/Users/robin/Documents/GitHub/FPGA-GearBox---Group-Bertolini-Liberato/Gabriel_Files/Gearbox_Project.srcs/sources_1/new/stepper_position_controller.vhd:19]
INFO: [Synth 8-3491] module 'stepper_position_controller' declared at 'C:/Users/robin/Documents/GitHub/FPGA-GearBox---Group-Bertolini-Liberato/Gabriel_Files/Gearbox_Project.srcs/sources_1/new/stepper_position_controller.vhd:5' bound to instance 'STEP2' of component 'stepper_position_controller' [C:/Users/robin/Documents/GitHub/FPGA-GearBox---Group-Bertolini-Liberato/Gabriel_Files/Gearbox_Project.srcs/sources_1/new/main_motor_top_pwm.vhd:96]
INFO: [Synth 8-256] done synthesizing module 'main_motor_top_pwm' (2#1) [C:/Users/robin/Documents/GitHub/FPGA-GearBox---Group-Bertolini-Liberato/Gabriel_Files/Gearbox_Project.srcs/sources_1/new/main_motor_top_pwm.vhd:24]
---------------------------------------------------------------------------------
Finished Synthesize : Time (s): cpu = 00:00:10 ; elapsed = 00:00:10 . Memory (MB): peak = 4635.273 ; gain = 0.000
---------------------------------------------------------------------------------
Copyright 1986-2022 Xilinx, Inc. All Rights Reserved. Copyright 2022-2025 Advanced Micro Devices, Inc. All Rights Reserved.
---------------------------------------------------------------------------------------------------------------------------------------------
| Tool Version : Vivado v.2025.2 (win64) Build 6299465 Fri Nov 14 19:35:11 GMT 2025
| Date         : Tue May 19 16:21:52 2026
| Host         : PcBobin running 64-bit major release  (build 9200)
---------------------------------------------------------------------------------------------------------------------------------------------

RTL Linter Report

Table of Contents
-----------------
1. Summary

1. Summary
----------

+-----------+------------------+--------------+----------+
| Rule ID   | Severity         | # Violations | # Waived |
+-----------+------------------+--------------+----------+
| ASSIGN-10 | WARNING          | 1            | 0        |
| RESET-3   | CRITICAL WARNING | 5            | 0        |
+-----------+------------------+--------------+----------+


WARNING: [Synth 37-125] [ASSIGN-10]Some bits in IO 'sw' are not read. First unread bit index is 1. 
RTL Name 'sw', Hierarchy 'main_motor_top_pwm', File 'main_motor_top_pwm.vhd', Line 13.
CRITICAL WARNING: [Synth 37-111] [RESET-3]Synchronous reset not found on register current_pos_reg and its enable logic contains synchronous reset in same always/process block.
RTL Name 'current_pos_reg', Hierarchy 'stepper_position_controller', File 'C:/Users/robin/Documents/GitHub/FPGA-GearBox---Group-Bertolini-Liberato/Gabriel_Files/Gearbox_Project.srcs/sources_1/new/stepper_position_controller.vhd', Line 39.
CRITICAL WARNING: [Synth 37-111] [RESET-3]Synchronous reset not found on register homing_steps_reg and its enable logic contains synchronous reset in same always/process block.
RTL Name 'homing_steps_reg', Hierarchy 'stepper_position_controller', File 'C:/Users/robin/Documents/GitHub/FPGA-GearBox---Group-Bertolini-Liberato/Gabriel_Files/Gearbox_Project.srcs/sources_1/new/stepper_position_controller.vhd', Line 39.
CRITICAL WARNING: [Synth 37-111] [RESET-3]Synchronous reset not found on register step_state_reg and its enable logic contains synchronous reset in same always/process block.
RTL Name 'step_state_reg', Hierarchy 'stepper_position_controller', File 'C:/Users/robin/Documents/GitHub/FPGA-GearBox---Group-Bertolini-Liberato/Gabriel_Files/Gearbox_Project.srcs/sources_1/new/stepper_position_controller.vhd', Line 39.
CRITICAL WARNING: [Synth 37-111] [RESET-3]Synchronous reset not found on register tick_cnt_reg and its enable logic contains synchronous reset in same always/process block.
RTL Name 'tick_cnt_reg', Hierarchy 'stepper_position_controller', File 'C:/Users/robin/Documents/GitHub/FPGA-GearBox---Group-Bertolini-Liberato/Gabriel_Files/Gearbox_Project.srcs/sources_1/new/stepper_position_controller.vhd', Line 39.
CRITICAL WARNING: [Synth 37-111] [RESET-3]Synchronous reset not found on register wait_cnt_reg and its enable logic contains synchronous reset in same always/process block.
RTL Name 'wait_cnt_reg', Hierarchy 'stepper_position_controller', File 'C:/Users/robin/Documents/GitHub/FPGA-GearBox---Group-Bertolini-Liberato/Gabriel_Files/Gearbox_Project.srcs/sources_1/new/stepper_position_controller.vhd', Line 39.
INFO: [Synth 37-85] Total of 6 linter message(s) generated.
INFO: [Synth 37-45] Linter Run Finished!
Synthesis Optimization Runtime : Time (s): cpu = 00:00:10 ; elapsed = 00:00:10 . Memory (MB): peak = 4635.273 ; gain = 0.000
INFO: [Common 17-83] Releasing license: Synthesis
11 Infos, 1 Warnings, 5 Critical Warnings and 0 Errors encountered.
synth_design completed successfully
synth_design: Time (s): cpu = 00:00:10 ; elapsed = 00:00:10 . Memory (MB): peak = 4635.273 ; gain = 0.000
reset_run synth_1
INFO: [Project 1-1161] Replacing file C:/Users/robin/Documents/GitHub/FPGA-GearBox---Group-Bertolini-Liberato/Gabriel_Files/Gearbox_Project.srcs/utils_1/imports/synth_1/main_motor_top_pwm.dcp with file C:/Users/robin/Documents/GitHub/FPGA-GearBox---Group-Bertolini-Liberato/Gabriel_Files/Gearbox_Project.runs/synth_1/main_motor_top_pwm.dcp
WARNING: [Vivado 12-1017] Problems encountered:
1. Failed to delete one or more files in run directory C:/Users/robin/Documents/GitHub/FPGA-GearBox---Group-Bertolini-Liberato/Gabriel_Files/Gearbox_Project.runs/synth_1

launch_runs impl_1 -jobs 20
WARNING: [filemgmt 56-199] Attempt to get parsing info during refresh. "On-the-fly" syntax checking information may be incorrect. [C:\Users\robin\Documents\GitHub\FPGA-GearBox---Group-Bertolini-Liberato\Gabriel_Files\Gearbox_Project.srcs\sources_1\new\stepper_position_controller.vhd:]
WARNING: [filemgmt 56-199] Attempt to get parsing info during refresh. "On-the-fly" syntax checking information may be incorrect. [C:\Users\robin\Documents\GitHub\FPGA-GearBox---Group-Bertolini-Liberato\Gabriel_Files\Gearbox_Project.srcs\sources_1\new\main_motor_top_pwm.vhd:]
WARNING: [filemgmt 56-199] Attempt to get parsing info during refresh. "On-the-fly" syntax checking information may be incorrect. [C:\Users\robin\Documents\GitHub\FPGA-GearBox---Group-Bertolini-Liberato\Gabriel_Files\Gearbox_Project.srcs\sources_1\new\dc_driver_pwm.vhd:]
WARNING: [filemgmt 56-199] Attempt to get parsing info during refresh. "On-the-fly" syntax checking information may be incorrect. [C:\Users\robin\Documents\GitHub\FPGA-GearBox---Group-Bertolini-Liberato\Gabriel_Files\Gearbox_Project.srcs\sources_1\new\pwm_generator.vhd:]
WARNING: [filemgmt 56-199] Attempt to get parsing info during refresh. "On-the-fly" syntax checking information may be incorrect. [C:\Users\robin\Documents\GitHub\FPGA-GearBox---Group-Bertolini-Liberato\Gabriel_Files\Gearbox_Project.srcs\sources_1\new\stepper_motor_ctrl.vhd:]
WARNING: [filemgmt 56-199] Attempt to get parsing info during refresh. "On-the-fly" syntax checking information may be incorrect. [C:\Users\robin\Documents\GitHub\FPGA-GearBox---Group-Bertolini-Liberato\Gabriel_Files\Gearbox_Project.srcs\sources_1\new\stepper_position_controller.vhd:]
WARNING: [filemgmt 56-199] Attempt to get parsing info during refresh. "On-the-fly" syntax checking information may be incorrect. [C:\Users\robin\Documents\GitHub\FPGA-GearBox---Group-Bertolini-Liberato\Gabriel_Files\Gearbox_Project.srcs\sources_1\new\stepper_position_controller.vhd:]
[Tue May 19 16:22:07 2026] Launched synth_1...
Run output will be captured here: C:/Users/robin/Documents/GitHub/FPGA-GearBox---Group-Bertolini-Liberato/Gabriel_Files/Gearbox_Project.runs/synth_1/runme.log
[Tue May 19 16:22:07 2026] Launched impl_1...
Run output will be captured here: C:/Users/robin/Documents/GitHub/FPGA-GearBox---Group-Bertolini-Liberato/Gabriel_Files/Gearbox_Project.runs/impl_1/runme.log
WARNING: [filemgmt 56-199] Attempt to get parsing info during refresh. "On-the-fly" syntax checking information may be incorrect. [C:\Users\robin\Documents\GitHub\FPGA-GearBox---Group-Bertolini-Liberato\Gabriel_Files\Gearbox_Project.srcs\sources_1\new\stepper_position_controller.vhd:]
WARNING: [filemgmt 56-199] Attempt to get parsing info during refresh. "On-the-fly" syntax checking information may be incorrect. [C:\Users\robin\Documents\GitHub\FPGA-GearBox---Group-Bertolini-Liberato\Gabriel_Files\Gearbox_Project.srcs\sources_1\new\main_motor_top_pwm.vhd:]
WARNING: [filemgmt 56-199] Attempt to get parsing info during refresh. "On-the-fly" syntax checking information may be incorrect. [C:\Users\robin\Documents\GitHub\FPGA-GearBox---Group-Bertolini-Liberato\Gabriel_Files\Gearbox_Project.srcs\sources_1\new\dc_driver_pwm.vhd:]
WARNING: [filemgmt 56-199] Attempt to get parsing info during refresh. "On-the-fly" syntax checking information may be incorrect. [C:\Users\robin\Documents\GitHub\FPGA-GearBox---Group-Bertolini-Liberato\Gabriel_Files\Gearbox_Project.srcs\sources_1\new\pwm_generator.vhd:]
WARNING: [filemgmt 56-199] Attempt to get parsing info during refresh. "On-the-fly" syntax checking information may be incorrect. [C:\Users\robin\Documents\GitHub\FPGA-GearBox---Group-Bertolini-Liberato\Gabriel_Files\Gearbox_Project.srcs\sources_1\new\stepper_motor_ctrl.vhd:]
WARNING: [filemgmt 56-199] Attempt to get parsing info during refresh. "On-the-fly" syntax checking information may be incorrect. [C:\Users\robin\Documents\GitHub\FPGA-GearBox---Group-Bertolini-Liberato\Gabriel_Files\Gearbox_Project.srcs\sources_1\new\dc_driver_pwm.vhd:]
WARNING: [filemgmt 56-199] Attempt to get parsing info during refresh. "On-the-fly" syntax checking information may be incorrect. [C:\Users\robin\Documents\GitHub\FPGA-GearBox---Group-Bertolini-Liberato\Gabriel_Files\Gearbox_Project.srcs\sources_1\new\dc_driver_pwm.vhd:]
ERROR: [Common 17-180] Spawn failed: The operation completed successfully.

WARNING: [filemgmt 56-199] Attempt to get parsing info during refresh. "On-the-fly" syntax checking information may be incorrect. [C:\Users\robin\Documents\GitHub\FPGA-GearBox---Group-Bertolini-Liberato\Gabriel_Files\Gearbox_Project.srcs\sources_1\new\stepper_position_controller.vhd:]
WARNING: [filemgmt 56-199] Attempt to get parsing info during refresh. "On-the-fly" syntax checking information may be incorrect. [C:\Users\robin\Documents\GitHub\FPGA-GearBox---Group-Bertolini-Liberato\Gabriel_Files\Gearbox_Project.srcs\sources_1\new\main_motor_top_pwm.vhd:]
WARNING: [filemgmt 56-199] Attempt to get parsing info during refresh. "On-the-fly" syntax checking information may be incorrect. [C:\Users\robin\Documents\GitHub\FPGA-GearBox---Group-Bertolini-Liberato\Gabriel_Files\Gearbox_Project.srcs\sources_1\new\dc_driver_pwm.vhd:]
WARNING: [filemgmt 56-199] Attempt to get parsing info during refresh. "On-the-fly" syntax checking information may be incorrect. [C:\Users\robin\Documents\GitHub\FPGA-GearBox---Group-Bertolini-Liberato\Gabriel_Files\Gearbox_Project.srcs\sources_1\new\pwm_generator.vhd:]
WARNING: [filemgmt 56-199] Attempt to get parsing info during refresh. "On-the-fly" syntax checking information may be incorrect. [C:\Users\robin\Documents\GitHub\FPGA-GearBox---Group-Bertolini-Liberato\Gabriel_Files\Gearbox_Project.srcs\sources_1\new\stepper_motor_ctrl.vhd:]
WARNING: [filemgmt 56-199] Attempt to get parsing info during refresh. "On-the-fly" syntax checking information may be incorrect. [C:\Users\robin\Documents\GitHub\FPGA-GearBox---Group-Bertolini-Liberato\Gabriel_Files\Gearbox_Project.srcs\sources_1\new\main_motor_top_pwm.vhd:]
WARNING: [filemgmt 56-199] Attempt to get parsing info during refresh. "On-the-fly" syntax checking information may be incorrect. [C:\Users\robin\Documents\GitHub\FPGA-GearBox---Group-Bertolini-Liberato\Gabriel_Files\Gearbox_Project.srcs\sources_1\new\main_motor_top_pwm.vhd:]
WARNING: [filemgmt 56-199] Attempt to get parsing info during refresh. "On-the-fly" syntax checking information may be incorrect. [C:\Users\robin\Documents\GitHub\FPGA-GearBox---Group-Bertolini-Liberato\Gabriel_Files\Gearbox_Project.srcs\sources_1\new\stepper_position_controller.vhd:]
WARNING: [filemgmt 56-199] Attempt to get parsing info during refresh. "On-the-fly" syntax checking information may be incorrect. [C:\Users\robin\Documents\GitHub\FPGA-GearBox---Group-Bertolini-Liberato\Gabriel_Files\Gearbox_Project.srcs\sources_1\new\main_motor_top_pwm.vhd:]
WARNING: [filemgmt 56-199] Attempt to get parsing info during refresh. "On-the-fly" syntax checking information may be incorrect. [C:\Users\robin\Documents\GitHub\FPGA-GearBox---Group-Bertolini-Liberato\Gabriel_Files\Gearbox_Project.srcs\sources_1\new\dc_driver_pwm.vhd:]
WARNING: [filemgmt 56-199] Attempt to get parsing info during refresh. "On-the-fly" syntax checking information may be incorrect. [C:\Users\robin\Documents\GitHub\FPGA-GearBox---Group-Bertolini-Liberato\Gabriel_Files\Gearbox_Project.srcs\sources_1\new\pwm_generator.vhd:]
WARNING: [filemgmt 56-199] Attempt to get parsing info during refresh. "On-the-fly" syntax checking information may be incorrect. [C:\Users\robin\Documents\GitHub\FPGA-GearBox---Group-Bertolini-Liberato\Gabriel_Files\Gearbox_Project.srcs\sources_1\new\stepper_motor_ctrl.vhd:]
WARNING: [filemgmt 56-199] Attempt to get parsing info during refresh. "On-the-fly" syntax checking information may be incorrect. [C:\Users\robin\Documents\GitHub\FPGA-GearBox---Group-Bertolini-Liberato\Gabriel_Files\Gearbox_Project.srcs\sources_1\new\stepper_motor_ctrl.vhd:]
WARNING: [filemgmt 56-199] Attempt to get parsing info during refresh. "On-the-fly" syntax checking information may be incorrect. [C:\Users\robin\Documents\GitHub\FPGA-GearBox---Group-Bertolini-Liberato\Gabriel_Files\Gearbox_Project.srcs\sources_1\new\stepper_motor_ctrl.vhd:]
launch_runs impl_1 -to_step write_bitstream -jobs 20
[Tue May 19 16:24:44 2026] Launched impl_1...
Run output will be captured here: C:/Users/robin/Documents/GitHub/FPGA-GearBox---Group-Bertolini-Liberato/Gabriel_Files/Gearbox_Project.runs/impl_1/runme.log
set_property PROBES.FILE {} [get_hw_devices xc7a35t_0]
set_property FULL_PROBES.FILE {} [get_hw_devices xc7a35t_0]
set_property PROGRAM.FILE {C:/Users/robin/Documents/GitHub/FPGA-GearBox---Group-Bertolini-Liberato/Gabriel_Files/Gearbox_Project.runs/impl_1/main_motor_top_pwm.bit} [get_hw_devices xc7a35t_0]
program_hw_devices [get_hw_devices xc7a35t_0]
INFO: [Labtools 27-3164] End of startup status: HIGH
refresh_hw_device [lindex [get_hw_devices xc7a35t_0] 0]
INFO: [Labtools 27-1434] Device xc7a35t (JTAG device index = 0) is programmed with a design that has no supported soft debug core(s) in it.
set_property PROBES.FILE {} [get_hw_devices xc7a35t_0]
set_property FULL_PROBES.FILE {} [get_hw_devices xc7a35t_0]
set_property PROGRAM.FILE {C:/Users/robin/Documents/GitHub/FPGA-GearBox---Group-Bertolini-Liberato/Gabriel_Files/Gearbox_Project.runs/impl_1/main_motor_top_pwm.bit} [get_hw_devices xc7a35t_0]
program_hw_devices [get_hw_devices xc7a35t_0]
INFO: [Labtools 27-3164] End of startup status: HIGH
refresh_hw_device [lindex [get_hw_devices xc7a35t_0] 0]
INFO: [Labtools 27-1434] Device xc7a35t (JTAG device index = 0) is programmed with a design that has no supported soft debug core(s) in it.
ERROR: [Labtoolstcl 44-513] HW Target shutdown. Closing target: localhost:3121/xilinx_tcf/Digilent/210183BA27DBA
INFO: [Labtoolstcl 44-466] Opening hw_target localhost:3121/xilinx_tcf/Digilent/210183BA27DBA
INFO: [Labtools 27-1435] Device xc7a35t (JTAG device index = 0) is not programmed (DONE status = 0).
WARNING: [Labtoolstcl 44-129] No matching hw_ila_data was found.
ERROR: [Labtoolstcl 44-513] HW Target shutdown. Closing target: localhost:3121/xilinx_tcf/Digilent/210183BA27DBA
INFO: [Labtoolstcl 44-466] Opening hw_target localhost:3121/xilinx_tcf/Digilent/210183BA27DBA
ERROR: [Labtools 27-2312] Device xc7a35t_0 is no longer available.
Check cable connectivity and that the target board is powered up then
use the disconnect_hw_server and connect_hw_server to re-initialize the hardware target.
Use open_hw_target to re-register the hardware device.
WARNING: [Labtoolstcl 44-129] No matching hw_ila_data was found.
ERROR: [Labtoolstcl 44-513] HW Target shutdown. Closing target: localhost:3121/xilinx_tcf/Digilent/210183BA27DBA
INFO: [Labtoolstcl 44-466] Opening hw_target localhost:3121/xilinx_tcf/Digilent/210183BA27DBA
INFO: [Labtools 27-1435] Device xc7a35t (JTAG device index = 0) is not programmed (DONE status = 0).
WARNING: [Labtoolstcl 44-129] No matching hw_ila_data was found.
set_property PROBES.FILE {} [get_hw_devices xc7a35t_0]
set_property FULL_PROBES.FILE {} [get_hw_devices xc7a35t_0]
set_property PROGRAM.FILE {C:/Users/robin/Documents/GitHub/FPGA-GearBox---Group-Bertolini-Liberato/Gabriel_Files/Gearbox_Project.runs/impl_1/main_motor_top_pwm.bit} [get_hw_devices xc7a35t_0]
program_hw_devices [get_hw_devices xc7a35t_0]
INFO: [Labtools 27-3164] End of startup status: HIGH
refresh_hw_device [lindex [get_hw_devices xc7a35t_0] 0]
INFO: [Labtools 27-1434] Device xc7a35t (JTAG device index = 0) is programmed with a design that has no supported soft debug core(s) in it.
ERROR: [Labtoolstcl 44-513] HW Target shutdown. Closing target: localhost:3121/xilinx_tcf/Digilent/210183BA27DBA
INFO: [Labtoolstcl 44-466] Opening hw_target localhost:3121/xilinx_tcf/Digilent/210183BA27DBA
INFO: [Labtools 27-1435] Device xc7a35t (JTAG device index = 0) is not programmed (DONE status = 0).
WARNING: [Labtoolstcl 44-129] No matching hw_ila_data was found.
set_property PROBES.FILE {} [get_hw_devices xc7a35t_0]
set_property FULL_PROBES.FILE {} [get_hw_devices xc7a35t_0]
set_property PROGRAM.FILE {C:/Users/robin/Documents/GitHub/FPGA-GearBox---Group-Bertolini-Liberato/Gabriel_Files/Gearbox_Project.runs/impl_1/main_motor_top_pwm.bit} [get_hw_devices xc7a35t_0]
program_hw_devices [get_hw_devices xc7a35t_0]
INFO: [Labtools 27-3164] End of startup status: HIGH
refresh_hw_device [lindex [get_hw_devices xc7a35t_0] 0]
INFO: [Labtools 27-1434] Device xc7a35t (JTAG device index = 0) is programmed with a design that has no supported soft debug core(s) in it.
set_property PROBES.FILE {} [get_hw_devices xc7a35t_0]
set_property FULL_PROBES.FILE {} [get_hw_devices xc7a35t_0]
set_property PROGRAM.FILE {C:/Users/robin/Documents/GitHub/FPGA-GearBox---Group-Bertolini-Liberato/Gabriel_Files/Gearbox_Project.runs/impl_1/main_motor_top_pwm.bit} [get_hw_devices xc7a35t_0]
program_hw_devices [get_hw_devices xc7a35t_0]
INFO: [Labtools 27-3164] End of startup status: HIGH
refresh_hw_device [lindex [get_hw_devices xc7a35t_0] 0]
INFO: [Labtools 27-1434] Device xc7a35t (JTAG device index = 0) is programmed with a design that has no supported soft debug core(s) in it.
set_property PROBES.FILE {} [get_hw_devices xc7a35t_0]
set_property FULL_PROBES.FILE {} [get_hw_devices xc7a35t_0]
set_property PROGRAM.FILE {C:/Users/robin/Documents/GitHub/FPGA-GearBox---Group-Bertolini-Liberato/Gabriel_Files/Gearbox_Project.runs/impl_1/main_motor_top_pwm.bit} [get_hw_devices xc7a35t_0]
program_hw_devices [get_hw_devices xc7a35t_0]
INFO: [Labtools 27-3164] End of startup status: HIGH
refresh_hw_device [lindex [get_hw_devices xc7a35t_0] 0]
INFO: [Labtools 27-1434] Device xc7a35t (JTAG device index = 0) is programmed with a design that has no supported soft debug core(s) in it.
WARNING: [filemgmt 56-199] Attempt to get parsing info during refresh. "On-the-fly" syntax checking information may be incorrect. [C:\Users\robin\Documents\GitHub\FPGA-GearBox---Group-Bertolini-Liberato\Gabriel_Files\Gearbox_Project.srcs\sources_1\new\stepper_position_controller.vhd:]
WARNING: [filemgmt 56-199] Attempt to get parsing info during refresh. "On-the-fly" syntax checking information may be incorrect. [C:\Users\robin\Documents\GitHub\FPGA-GearBox---Group-Bertolini-Liberato\Gabriel_Files\Gearbox_Project.srcs\sources_1\new\main_motor_top_pwm.vhd:]
WARNING: [filemgmt 56-199] Attempt to get parsing info during refresh. "On-the-fly" syntax checking information may be incorrect. [C:\Users\robin\Documents\GitHub\FPGA-GearBox---Group-Bertolini-Liberato\Gabriel_Files\Gearbox_Project.srcs\sources_1\new\dc_driver_pwm.vhd:]
WARNING: [filemgmt 56-199] Attempt to get parsing info during refresh. "On-the-fly" syntax checking information may be incorrect. [C:\Users\robin\Documents\GitHub\FPGA-GearBox---Group-Bertolini-Liberato\Gabriel_Files\Gearbox_Project.srcs\sources_1\new\pwm_generator.vhd:]
WARNING: [filemgmt 56-199] Attempt to get parsing info during refresh. "On-the-fly" syntax checking information may be incorrect. [C:\Users\robin\Documents\GitHub\FPGA-GearBox---Group-Bertolini-Liberato\Gabriel_Files\Gearbox_Project.srcs\sources_1\new\stepper_motor_ctrl.vhd:]
WARNING: [filemgmt 56-199] Attempt to get parsing info during refresh. "On-the-fly" syntax checking information may be incorrect. [C:\Users\robin\Documents\GitHub\FPGA-GearBox---Group-Bertolini-Liberato\Gabriel_Files\Gearbox_Project.srcs\sources_1\new\pwm_generator.vhd:]
WARNING: [filemgmt 56-199] Attempt to get parsing info during refresh. "On-the-fly" syntax checking information may be incorrect. [C:\Users\robin\Documents\GitHub\FPGA-GearBox---Group-Bertolini-Liberato\Gabriel_Files\Gearbox_Project.srcs\sources_1\new\pwm_generator.vhd:]
WARNING: [filemgmt 56-199] Attempt to get parsing info during refresh. "On-the-fly" syntax checking information may be incorrect. [C:\Users\robin\Documents\GitHub\FPGA-GearBox---Group-Bertolini-Liberato\Gabriel_Files\Gearbox_Project.srcs\sources_1\new\stepper_position_controller.vhd:]
WARNING: [filemgmt 56-199] Attempt to get parsing info during refresh. "On-the-fly" syntax checking information may be incorrect. [C:\Users\robin\Documents\GitHub\FPGA-GearBox---Group-Bertolini-Liberato\Gabriel_Files\Gearbox_Project.srcs\sources_1\new\main_motor_top_pwm.vhd:]
WARNING: [filemgmt 56-199] Attempt to get parsing info during refresh. "On-the-fly" syntax checking information may be incorrect. [C:\Users\robin\Documents\GitHub\FPGA-GearBox---Group-Bertolini-Liberato\Gabriel_Files\Gearbox_Project.srcs\sources_1\new\dc_driver_pwm.vhd:]
WARNING: [filemgmt 56-199] Attempt to get parsing info during refresh. "On-the-fly" syntax checking information may be incorrect. [C:\Users\robin\Documents\GitHub\FPGA-GearBox---Group-Bertolini-Liberato\Gabriel_Files\Gearbox_Project.srcs\sources_1\new\pwm_generator.vhd:]
WARNING: [filemgmt 56-199] Attempt to get parsing info during refresh. "On-the-fly" syntax checking information may be incorrect. [C:\Users\robin\Documents\GitHub\FPGA-GearBox---Group-Bertolini-Liberato\Gabriel_Files\Gearbox_Project.srcs\sources_1\new\stepper_motor_ctrl.vhd:]
WARNING: [filemgmt 56-199] Attempt to get parsing info during refresh. "On-the-fly" syntax checking information may be incorrect. [C:\Users\robin\Documents\GitHub\FPGA-GearBox---Group-Bertolini-Liberato\Gabriel_Files\Gearbox_Project.srcs\sources_1\new\stepper_motor_ctrl.vhd:]
WARNING: [filemgmt 56-199] Attempt to get parsing info during refresh. "On-the-fly" syntax checking information may be incorrect. [C:\Users\robin\Documents\GitHub\FPGA-GearBox---Group-Bertolini-Liberato\Gabriel_Files\Gearbox_Project.srcs\sources_1\new\stepper_motor_ctrl.vhd:]
WARNING: [filemgmt 56-199] Attempt to get parsing info during refresh. "On-the-fly" syntax checking information may be incorrect. [C:\Users\robin\Documents\GitHub\FPGA-GearBox---Group-Bertolini-Liberato\Gabriel_Files\Gearbox_Project.srcs\sources_1\new\stepper_position_controller.vhd:]
WARNING: [filemgmt 56-199] Attempt to get parsing info during refresh. "On-the-fly" syntax checking information may be incorrect. [C:\Users\robin\Documents\GitHub\FPGA-GearBox---Group-Bertolini-Liberato\Gabriel_Files\Gearbox_Project.srcs\sources_1\new\main_motor_top_pwm.vhd:]
WARNING: [filemgmt 56-199] Attempt to get parsing info during refresh. "On-the-fly" syntax checking information may be incorrect. [C:\Users\robin\Documents\GitHub\FPGA-GearBox---Group-Bertolini-Liberato\Gabriel_Files\Gearbox_Project.srcs\sources_1\new\dc_driver_pwm.vhd:]
WARNING: [filemgmt 56-199] Attempt to get parsing info during refresh. "On-the-fly" syntax checking information may be incorrect. [C:\Users\robin\Documents\GitHub\FPGA-GearBox---Group-Bertolini-Liberato\Gabriel_Files\Gearbox_Project.srcs\sources_1\new\pwm_generator.vhd:]
WARNING: [filemgmt 56-199] Attempt to get parsing info during refresh. "On-the-fly" syntax checking information may be incorrect. [C:\Users\robin\Documents\GitHub\FPGA-GearBox---Group-Bertolini-Liberato\Gabriel_Files\Gearbox_Project.srcs\sources_1\new\stepper_motor_ctrl.vhd:]
WARNING: [filemgmt 56-199] Attempt to get parsing info during refresh. "On-the-fly" syntax checking information may be incorrect. [C:\Users\robin\Documents\GitHub\FPGA-GearBox---Group-Bertolini-Liberato\Gabriel_Files\Gearbox_Project.srcs\sources_1\new\dc_driver_pwm.vhd:]
WARNING: [filemgmt 56-199] Attempt to get parsing info during refresh. "On-the-fly" syntax checking information may be incorrect. [C:\Users\robin\Documents\GitHub\FPGA-GearBox---Group-Bertolini-Liberato\Gabriel_Files\Gearbox_Project.srcs\sources_1\new\dc_driver_pwm.vhd:]
ERROR: [Common 17-180] Spawn failed: The operation completed successfully.

close_sim
INFO: [Simtcl 6-16] Simulation closed
launch_simulation
Command: launch_simulation 
INFO: [Vivado 12-25911] Executing simulation for 'XSim' simulator
INFO: [Vivado 12-28535] Process started - Tue May 19 16:59:12 2026

INFO: [Vivado 12-12493] Simulation top is 'dc_driver_pwm'
INFO: [Vivado 12-5682] Launching behavioral simulation in 'C:/Users/robin/Documents/GitHub/FPGA-GearBox---Group-Bertolini-Liberato/Gabriel_Files/Gearbox_Project.sim/sim_1/behav/xsim'
INFO: [SIM-utils-51] Simulation object is 'sim_1'
INFO: [SIM-utils-72] Using boost library from 'C:/AMDDesignTools/2025.2/Vivado/tps/boost_1_72_0'
INFO: [SIM-utils-54] Inspecting design source files for 'dc_driver_pwm' in fileset 'sim_1'...
INFO: [USF-XSim-97] Finding global include files...
INFO: [USF-XSim-98] Fetching design files from 'sim_1'...
INFO: [USF-XSim-2] XSim::Compile design
INFO: [USF-XSim-61] Executing 'COMPILE and ANALYZE' step in 'C:/Users/robin/Documents/GitHub/FPGA-GearBox---Group-Bertolini-Liberato/Gabriel_Files/Gearbox_Project.sim/sim_1/behav/xsim'
"xvhdl --incr --relax -prj dc_driver_pwm_vhdl.prj"
INFO: [USF-XSim-69] 'compile' step finished in '1' seconds
INFO: [USF-XSim-3] XSim::Elaborate design
INFO: [USF-XSim-61] Executing 'ELABORATE' step in 'C:/Users/robin/Documents/GitHub/FPGA-GearBox---Group-Bertolini-Liberato/Gabriel_Files/Gearbox_Project.sim/sim_1/behav/xsim'
"xelab --incr --debug typical --relax --mt 2 -L xil_defaultlib -L secureip --snapshot dc_driver_pwm_behav xil_defaultlib.dc_driver_pwm -log elaborate.log"
Vivado Simulator v2025.2
Copyright 1986-2022 Xilinx, Inc. All Rights Reserved.
Copyright 2022-2025 Advanced Micro Devices, Inc. All Rights Reserved.
Running: C:/AMDDesignTools/2025.2/Vivado/bin/unwrapped/win64.o/xelab.exe --incr --debug typical --relax --mt 2 -L xil_defaultlib -L secureip --snapshot dc_driver_pwm_behav xil_defaultlib.dc_driver_pwm -log elaborate.log 
Using 2 slave threads.
Starting static elaboration
Completed static elaboration
INFO: [XSIM 43-4323] No Change in HDL. Linking previously generated obj files to create kernel
INFO: [USF-XSim-69] 'elaborate' step finished in '1' seconds
INFO: [USF-XSim-4] XSim::Simulate design
INFO: [USF-XSim-61] Executing 'SIMULATE' step in 'C:/Users/robin/Documents/GitHub/FPGA-GearBox---Group-Bertolini-Liberato/Gabriel_Files/Gearbox_Project.sim/sim_1/behav/xsim'
INFO: [USF-XSim-98] *** Running xsim
   with args "dc_driver_pwm_behav -key {Behavioral:sim_1:Functional:dc_driver_pwm} -tclbatch {dc_driver_pwm.tcl} -log {simulate.log}"
INFO: [USF-XSim-8] Loading simulator feature
Time resolution is 1 ps
source dc_driver_pwm.tcl
# set curr_wave [current_wave_config]
# if { [string length $curr_wave] == 0 } {
#   if { [llength [get_objects]] > 0} {
#     add_wave /
#     set_property needs_save false [current_wave_config]
#   } else {
#      send_msg_id Add_Wave-1 WARNING "No top level signals found. Simulator will start without a wave window. If you want to open a wave window go to 'File->New Waveform Configuration' or type 'create_wave_config' in the TCL console."
#   }
# }
# run 1000ns
INFO: [USF-XSim-96] XSim completed. Design snapshot 'dc_driver_pwm_behav' loaded.
INFO: [USF-XSim-97] XSim simulation ran for 1000ns
synth_design -top main_motor_top_pwm -part xc7a35tcpg236-1 -lint 
Command: synth_design -top main_motor_top_pwm -part xc7a35tcpg236-1 -lint
Starting synth_design
Attempting to get a license for feature 'Synthesis' and/or device 'xc7a35t'
INFO: [Common 17-349] Got license for feature 'Synthesis' and/or device 'xc7a35t'
INFO: [Synth 8-7079] Multithreading enabled for synth_design using a maximum of 2 processes.
---------------------------------------------------------------------------------
Starting Synthesize : Time (s): cpu = 00:00:05 ; elapsed = 00:00:06 . Memory (MB): peak = 4635.273 ; gain = 0.000
---------------------------------------------------------------------------------
Clean up Linter database...
INFO: [Synth 8-638] synthesizing module 'main_motor_top_pwm' [C:/Users/robin/Documents/GitHub/FPGA-GearBox---Group-Bertolini-Liberato/Gabriel_Files/Gearbox_Project.srcs/sources_1/new/main_motor_top_pwm.vhd:24]
INFO: [Synth 8-3491] module 'stepper_position_controller' declared at 'C:/Users/robin/Documents/GitHub/FPGA-GearBox---Group-Bertolini-Liberato/Gabriel_Files/Gearbox_Project.srcs/sources_1/new/stepper_position_controller.vhd:5' bound to instance 'STEP1' of component 'stepper_position_controller' [C:/Users/robin/Documents/GitHub/FPGA-GearBox---Group-Bertolini-Liberato/Gabriel_Files/Gearbox_Project.srcs/sources_1/new/main_motor_top_pwm.vhd:91]
INFO: [Synth 8-638] synthesizing module 'stepper_position_controller' [C:/Users/robin/Documents/GitHub/FPGA-GearBox---Group-Bertolini-Liberato/Gabriel_Files/Gearbox_Project.srcs/sources_1/new/stepper_position_controller.vhd:19]
INFO: [Synth 8-256] done synthesizing module 'stepper_position_controller' (1#1) [C:/Users/robin/Documents/GitHub/FPGA-GearBox---Group-Bertolini-Liberato/Gabriel_Files/Gearbox_Project.srcs/sources_1/new/stepper_position_controller.vhd:19]
INFO: [Synth 8-3491] module 'stepper_position_controller' declared at 'C:/Users/robin/Documents/GitHub/FPGA-GearBox---Group-Bertolini-Liberato/Gabriel_Files/Gearbox_Project.srcs/sources_1/new/stepper_position_controller.vhd:5' bound to instance 'STEP2' of component 'stepper_position_controller' [C:/Users/robin/Documents/GitHub/FPGA-GearBox---Group-Bertolini-Liberato/Gabriel_Files/Gearbox_Project.srcs/sources_1/new/main_motor_top_pwm.vhd:96]
INFO: [Synth 8-256] done synthesizing module 'main_motor_top_pwm' (2#1) [C:/Users/robin/Documents/GitHub/FPGA-GearBox---Group-Bertolini-Liberato/Gabriel_Files/Gearbox_Project.srcs/sources_1/new/main_motor_top_pwm.vhd:24]
---------------------------------------------------------------------------------
Finished Synthesize : Time (s): cpu = 00:00:07 ; elapsed = 00:00:07 . Memory (MB): peak = 4635.273 ; gain = 0.000
---------------------------------------------------------------------------------
Copyright 1986-2022 Xilinx, Inc. All Rights Reserved. Copyright 2022-2025 Advanced Micro Devices, Inc. All Rights Reserved.
---------------------------------------------------------------------------------------------------------------------------------------------
| Tool Version : Vivado v.2025.2 (win64) Build 6299465 Fri Nov 14 19:35:11 GMT 2025
| Date         : Tue May 19 16:59:54 2026
| Host         : PcBobin running 64-bit major release  (build 9200)
---------------------------------------------------------------------------------------------------------------------------------------------

RTL Linter Report

Table of Contents
-----------------
1. Summary

1. Summary
----------

+-----------+------------------+--------------+----------+
| Rule ID   | Severity         | # Violations | # Waived |
+-----------+------------------+--------------+----------+
| ASSIGN-10 | WARNING          | 1            | 0        |
| RESET-3   | CRITICAL WARNING | 5            | 0        |
+-----------+------------------+--------------+----------+


WARNING: [Synth 37-125] [ASSIGN-10]Some bits in IO 'sw' are not read. First unread bit index is 1. 
RTL Name 'sw', Hierarchy 'main_motor_top_pwm', File 'main_motor_top_pwm.vhd', Line 13.
CRITICAL WARNING: [Synth 37-111] [RESET-3]Synchronous reset not found on register current_pos_reg and its enable logic contains synchronous reset in same always/process block.
RTL Name 'current_pos_reg', Hierarchy 'stepper_position_controller', File 'C:/Users/robin/Documents/GitHub/FPGA-GearBox---Group-Bertolini-Liberato/Gabriel_Files/Gearbox_Project.srcs/sources_1/new/stepper_position_controller.vhd', Line 39.
CRITICAL WARNING: [Synth 37-111] [RESET-3]Synchronous reset not found on register homing_steps_reg and its enable logic contains synchronous reset in same always/process block.
RTL Name 'homing_steps_reg', Hierarchy 'stepper_position_controller', File 'C:/Users/robin/Documents/GitHub/FPGA-GearBox---Group-Bertolini-Liberato/Gabriel_Files/Gearbox_Project.srcs/sources_1/new/stepper_position_controller.vhd', Line 39.
CRITICAL WARNING: [Synth 37-111] [RESET-3]Synchronous reset not found on register step_state_reg and its enable logic contains synchronous reset in same always/process block.
RTL Name 'step_state_reg', Hierarchy 'stepper_position_controller', File 'C:/Users/robin/Documents/GitHub/FPGA-GearBox---Group-Bertolini-Liberato/Gabriel_Files/Gearbox_Project.srcs/sources_1/new/stepper_position_controller.vhd', Line 39.
CRITICAL WARNING: [Synth 37-111] [RESET-3]Synchronous reset not found on register tick_cnt_reg and its enable logic contains synchronous reset in same always/process block.
RTL Name 'tick_cnt_reg', Hierarchy 'stepper_position_controller', File 'C:/Users/robin/Documents/GitHub/FPGA-GearBox---Group-Bertolini-Liberato/Gabriel_Files/Gearbox_Project.srcs/sources_1/new/stepper_position_controller.vhd', Line 39.
CRITICAL WARNING: [Synth 37-111] [RESET-3]Synchronous reset not found on register wait_cnt_reg and its enable logic contains synchronous reset in same always/process block.
RTL Name 'wait_cnt_reg', Hierarchy 'stepper_position_controller', File 'C:/Users/robin/Documents/GitHub/FPGA-GearBox---Group-Bertolini-Liberato/Gabriel_Files/Gearbox_Project.srcs/sources_1/new/stepper_position_controller.vhd', Line 39.
INFO: [Synth 37-85] Total of 6 linter message(s) generated.
INFO: [Synth 37-45] Linter Run Finished!
Synthesis Optimization Runtime : Time (s): cpu = 00:00:07 ; elapsed = 00:00:08 . Memory (MB): peak = 4635.273 ; gain = 0.000
INFO: [Common 17-83] Releasing license: Synthesis
11 Infos, 1 Warnings, 5 Critical Warnings and 0 Errors encountered.
synth_design completed successfully
synth_design: Time (s): cpu = 00:00:07 ; elapsed = 00:00:08 . Memory (MB): peak = 4635.273 ; gain = 0.000
reset_run synth_1
INFO: [Project 1-1161] Replacing file C:/Users/robin/Documents/GitHub/FPGA-GearBox---Group-Bertolini-Liberato/Gabriel_Files/Gearbox_Project.srcs/utils_1/imports/synth_1/main_motor_top_pwm.dcp with file C:/Users/robin/Documents/GitHub/FPGA-GearBox---Group-Bertolini-Liberato/Gabriel_Files/Gearbox_Project.runs/synth_1/main_motor_top_pwm.dcp
WARNING: [Vivado 12-1017] Problems encountered:
1. Failed to delete one or more files in run directory C:/Users/robin/Documents/GitHub/FPGA-GearBox---Group-Bertolini-Liberato/Gabriel_Files/Gearbox_Project.runs/synth_1

launch_runs synth_1 -jobs 20
[Tue May 19 17:00:17 2026] Launched synth_1...
Run output will be captured here: C:/Users/robin/Documents/GitHub/FPGA-GearBox---Group-Bertolini-Liberato/Gabriel_Files/Gearbox_Project.runs/synth_1/runme.log
WARNING: [filemgmt 56-199] Attempt to get parsing info during refresh. "On-the-fly" syntax checking information may be incorrect. [C:\Users\robin\Documents\GitHub\FPGA-GearBox---Group-Bertolini-Liberato\Gabriel_Files\Gearbox_Project.srcs\sources_1\new\stepper_position_controller.vhd:]
WARNING: [filemgmt 56-199] Attempt to get parsing info during refresh. "On-the-fly" syntax checking information may be incorrect. [C:\Users\robin\Documents\GitHub\FPGA-GearBox---Group-Bertolini-Liberato\Gabriel_Files\Gearbox_Project.srcs\sources_1\new\main_motor_top_pwm.vhd:]
WARNING: [filemgmt 56-199] Attempt to get parsing info during refresh. "On-the-fly" syntax checking information may be incorrect. [C:\Users\robin\Documents\GitHub\FPGA-GearBox---Group-Bertolini-Liberato\Gabriel_Files\Gearbox_Project.srcs\sources_1\new\dc_driver_pwm.vhd:]
WARNING: [filemgmt 56-199] Attempt to get parsing info during refresh. "On-the-fly" syntax checking information may be incorrect. [C:\Users\robin\Documents\GitHub\FPGA-GearBox---Group-Bertolini-Liberato\Gabriel_Files\Gearbox_Project.srcs\sources_1\new\pwm_generator.vhd:]
WARNING: [filemgmt 56-199] Attempt to get parsing info during refresh. "On-the-fly" syntax checking information may be incorrect. [C:\Users\robin\Documents\GitHub\FPGA-GearBox---Group-Bertolini-Liberato\Gabriel_Files\Gearbox_Project.srcs\sources_1\new\stepper_motor_ctrl.vhd:]
WARNING: [filemgmt 56-199] Attempt to get parsing info during refresh. "On-the-fly" syntax checking information may be incorrect. [C:\Users\robin\Documents\GitHub\FPGA-GearBox---Group-Bertolini-Liberato\Gabriel_Files\Gearbox_Project.srcs\sources_1\new\stepper_position_controller.vhd:]
WARNING: [filemgmt 56-199] Attempt to get parsing info during refresh. "On-the-fly" syntax checking information may be incorrect. [C:\Users\robin\Documents\GitHub\FPGA-GearBox---Group-Bertolini-Liberato\Gabriel_Files\Gearbox_Project.srcs\sources_1\new\stepper_position_controller.vhd:]
WARNING: [filemgmt 56-199] Attempt to get parsing info during refresh. "On-the-fly" syntax checking information may be incorrect. [C:\Users\robin\Documents\GitHub\FPGA-GearBox---Group-Bertolini-Liberato\Gabriel_Files\Gearbox_Project.srcs\sources_1\new\stepper_position_controller.vhd:]
WARNING: [filemgmt 56-199] Attempt to get parsing info during refresh. "On-the-fly" syntax checking information may be incorrect. [C:\Users\robin\Documents\GitHub\FPGA-GearBox---Group-Bertolini-Liberato\Gabriel_Files\Gearbox_Project.srcs\sources_1\new\main_motor_top_pwm.vhd:]
WARNING: [filemgmt 56-199] Attempt to get parsing info during refresh. "On-the-fly" syntax checking information may be incorrect. [C:\Users\robin\Documents\GitHub\FPGA-GearBox---Group-Bertolini-Liberato\Gabriel_Files\Gearbox_Project.srcs\sources_1\new\dc_driver_pwm.vhd:]
WARNING: [filemgmt 56-199] Attempt to get parsing info during refresh. "On-the-fly" syntax checking information may be incorrect. [C:\Users\robin\Documents\GitHub\FPGA-GearBox---Group-Bertolini-Liberato\Gabriel_Files\Gearbox_Project.srcs\sources_1\new\pwm_generator.vhd:]
WARNING: [filemgmt 56-199] Attempt to get parsing info during refresh. "On-the-fly" syntax checking information may be incorrect. [C:\Users\robin\Documents\GitHub\FPGA-GearBox---Group-Bertolini-Liberato\Gabriel_Files\Gearbox_Project.srcs\sources_1\new\stepper_motor_ctrl.vhd:]
WARNING: [filemgmt 56-199] Attempt to get parsing info during refresh. "On-the-fly" syntax checking information may be incorrect. [C:\Users\robin\Documents\GitHub\FPGA-GearBox---Group-Bertolini-Liberato\Gabriel_Files\Gearbox_Project.srcs\sources_1\new\stepper_motor_ctrl.vhd:]
WARNING: [filemgmt 56-199] Attempt to get parsing info during refresh. "On-the-fly" syntax checking information may be incorrect. [C:\Users\robin\Documents\GitHub\FPGA-GearBox---Group-Bertolini-Liberato\Gabriel_Files\Gearbox_Project.srcs\sources_1\new\stepper_motor_ctrl.vhd:]
ERROR: [Common 17-180] Spawn failed: The operation completed successfully.

WARNING: [filemgmt 56-199] Attempt to get parsing info during refresh. "On-the-fly" syntax checking information may be incorrect. [C:\Users\robin\Documents\GitHub\FPGA-GearBox---Group-Bertolini-Liberato\Gabriel_Files\Gearbox_Project.srcs\sources_1\new\stepper_position_controller.vhd:]
WARNING: [filemgmt 56-199] Attempt to get parsing info during refresh. "On-the-fly" syntax checking information may be incorrect. [C:\Users\robin\Documents\GitHub\FPGA-GearBox---Group-Bertolini-Liberato\Gabriel_Files\Gearbox_Project.srcs\sources_1\new\main_motor_top_pwm.vhd:]
WARNING: [filemgmt 56-199] Attempt to get parsing info during refresh. "On-the-fly" syntax checking information may be incorrect. [C:\Users\robin\Documents\GitHub\FPGA-GearBox---Group-Bertolini-Liberato\Gabriel_Files\Gearbox_Project.srcs\sources_1\new\dc_driver_pwm.vhd:]
WARNING: [filemgmt 56-199] Attempt to get parsing info during refresh. "On-the-fly" syntax checking information may be incorrect. [C:\Users\robin\Documents\GitHub\FPGA-GearBox---Group-Bertolini-Liberato\Gabriel_Files\Gearbox_Project.srcs\sources_1\new\pwm_generator.vhd:]
WARNING: [filemgmt 56-199] Attempt to get parsing info during refresh. "On-the-fly" syntax checking information may be incorrect. [C:\Users\robin\Documents\GitHub\FPGA-GearBox---Group-Bertolini-Liberato\Gabriel_Files\Gearbox_Project.srcs\sources_1\new\stepper_motor_ctrl.vhd:]
WARNING: [filemgmt 56-199] Attempt to get parsing info during refresh. "On-the-fly" syntax checking information may be incorrect. [C:\Users\robin\Documents\GitHub\FPGA-GearBox---Group-Bertolini-Liberato\Gabriel_Files\Gearbox_Project.srcs\sources_1\new\main_motor_top_pwm.vhd:]
WARNING: [filemgmt 56-199] Attempt to get parsing info during refresh. "On-the-fly" syntax checking information may be incorrect. [C:\Users\robin\Documents\GitHub\FPGA-GearBox---Group-Bertolini-Liberato\Gabriel_Files\Gearbox_Project.srcs\sources_1\new\main_motor_top_pwm.vhd:]
launch_runs impl_1 -jobs 20
[Tue May 19 17:01:16 2026] Launched impl_1...
Run output will be captured here: C:/Users/robin/Documents/GitHub/FPGA-GearBox---Group-Bertolini-Liberato/Gabriel_Files/Gearbox_Project.runs/impl_1/runme.log
launch_runs impl_1 -to_step write_bitstream -jobs 20
[Tue May 19 17:02:40 2026] Launched impl_1...
Run output will be captured here: C:/Users/robin/Documents/GitHub/FPGA-GearBox---Group-Bertolini-Liberato/Gabriel_Files/Gearbox_Project.runs/impl_1/runme.log
set_property PROBES.FILE {} [get_hw_devices xc7a35t_0]
set_property FULL_PROBES.FILE {} [get_hw_devices xc7a35t_0]
set_property PROGRAM.FILE {C:/Users/robin/Documents/GitHub/FPGA-GearBox---Group-Bertolini-Liberato/Gabriel_Files/Gearbox_Project.runs/impl_1/main_motor_top_pwm.bit} [get_hw_devices xc7a35t_0]
program_hw_devices [get_hw_devices xc7a35t_0]
INFO: [Labtools 27-3164] End of startup status: HIGH
refresh_hw_device [lindex [get_hw_devices xc7a35t_0] 0]
INFO: [Labtools 27-1434] Device xc7a35t (JTAG device index = 0) is programmed with a design that has no supported soft debug core(s) in it.
set_property PROBES.FILE {} [get_hw_devices xc7a35t_0]
set_property FULL_PROBES.FILE {} [get_hw_devices xc7a35t_0]
set_property PROGRAM.FILE {C:/Users/robin/Documents/GitHub/FPGA-GearBox---Group-Bertolini-Liberato/Gabriel_Files/Gearbox_Project.runs/impl_1/main_motor_top_pwm.bit} [get_hw_devices xc7a35t_0]
program_hw_devices [get_hw_devices xc7a35t_0]
INFO: [Labtools 27-3164] End of startup status: HIGH
refresh_hw_device [lindex [get_hw_devices xc7a35t_0] 0]
INFO: [Labtools 27-1434] Device xc7a35t (JTAG device index = 0) is programmed with a design that has no supported soft debug core(s) in it.
WARNING: [filemgmt 56-199] Attempt to get parsing info during refresh. "On-the-fly" syntax checking information may be incorrect. [C:\Users\robin\Documents\GitHub\FPGA-GearBox---Group-Bertolini-Liberato\Gabriel_Files\Gearbox_Project.srcs\sources_1\new\stepper_position_controller.vhd:]
WARNING: [filemgmt 56-199] Attempt to get parsing info during refresh. "On-the-fly" syntax checking information may be incorrect. [C:\Users\robin\Documents\GitHub\FPGA-GearBox---Group-Bertolini-Liberato\Gabriel_Files\Gearbox_Project.srcs\sources_1\new\main_motor_top_pwm.vhd:]
WARNING: [filemgmt 56-199] Attempt to get parsing info during refresh. "On-the-fly" syntax checking information may be incorrect. [C:\Users\robin\Documents\GitHub\FPGA-GearBox---Group-Bertolini-Liberato\Gabriel_Files\Gearbox_Project.srcs\sources_1\new\dc_driver_pwm.vhd:]
WARNING: [filemgmt 56-199] Attempt to get parsing info during refresh. "On-the-fly" syntax checking information may be incorrect. [C:\Users\robin\Documents\GitHub\FPGA-GearBox---Group-Bertolini-Liberato\Gabriel_Files\Gearbox_Project.srcs\sources_1\new\pwm_generator.vhd:]
WARNING: [filemgmt 56-199] Attempt to get parsing info during refresh. "On-the-fly" syntax checking information may be incorrect. [C:\Users\robin\Documents\GitHub\FPGA-GearBox---Group-Bertolini-Liberato\Gabriel_Files\Gearbox_Project.srcs\sources_1\new\stepper_motor_ctrl.vhd:]
WARNING: [filemgmt 56-199] Attempt to get parsing info during refresh. "On-the-fly" syntax checking information may be incorrect. [C:\Users\robin\Documents\GitHub\FPGA-GearBox---Group-Bertolini-Liberato\Gabriel_Files\Gearbox_Project.srcs\sources_1\new\stepper_motor_ctrl.vhd:]
WARNING: [filemgmt 56-199] Attempt to get parsing info during refresh. "On-the-fly" syntax checking information may be incorrect. [C:\Users\robin\Documents\GitHub\FPGA-GearBox---Group-Bertolini-Liberato\Gabriel_Files\Gearbox_Project.srcs\sources_1\new\stepper_motor_ctrl.vhd:]
ERROR: [Common 17-180] Spawn failed: The operation completed successfully.

WARNING: [filemgmt 56-199] Attempt to get parsing info during refresh. "On-the-fly" syntax checking information may be incorrect. [C:\Users\robin\Documents\GitHub\FPGA-GearBox---Group-Bertolini-Liberato\Gabriel_Files\Gearbox_Project.srcs\sources_1\new\stepper_position_controller.vhd:]
WARNING: [filemgmt 56-199] Attempt to get parsing info during refresh. "On-the-fly" syntax checking information may be incorrect. [C:\Users\robin\Documents\GitHub\FPGA-GearBox---Group-Bertolini-Liberato\Gabriel_Files\Gearbox_Project.srcs\sources_1\new\main_motor_top_pwm.vhd:]
WARNING: [filemgmt 56-199] Attempt to get parsing info during refresh. "On-the-fly" syntax checking information may be incorrect. [C:\Users\robin\Documents\GitHub\FPGA-GearBox---Group-Bertolini-Liberato\Gabriel_Files\Gearbox_Project.srcs\sources_1\new\dc_driver_pwm.vhd:]
WARNING: [filemgmt 56-199] Attempt to get parsing info during refresh. "On-the-fly" syntax checking information may be incorrect. [C:\Users\robin\Documents\GitHub\FPGA-GearBox---Group-Bertolini-Liberato\Gabriel_Files\Gearbox_Project.srcs\sources_1\new\pwm_generator.vhd:]
WARNING: [filemgmt 56-199] Attempt to get parsing info during refresh. "On-the-fly" syntax checking information may be incorrect. [C:\Users\robin\Documents\GitHub\FPGA-GearBox---Group-Bertolini-Liberato\Gabriel_Files\Gearbox_Project.srcs\sources_1\new\stepper_motor_ctrl.vhd:]
WARNING: [filemgmt 56-199] Attempt to get parsing info during refresh. "On-the-fly" syntax checking information may be incorrect. [C:\Users\robin\Documents\GitHub\FPGA-GearBox---Group-Bertolini-Liberato\Gabriel_Files\Gearbox_Project.srcs\sources_1\new\stepper_position_controller.vhd:]
WARNING: [filemgmt 56-199] Attempt to get parsing info during refresh. "On-the-fly" syntax checking information may be incorrect. [C:\Users\robin\Documents\GitHub\FPGA-GearBox---Group-Bertolini-Liberato\Gabriel_Files\Gearbox_Project.srcs\sources_1\new\stepper_position_controller.vhd:]
WARNING: [filemgmt 56-199] Attempt to get parsing info during refresh. "On-the-fly" syntax checking information may be incorrect. [C:\Users\robin\Documents\GitHub\FPGA-GearBox---Group-Bertolini-Liberato\Gabriel_Files\Gearbox_Project.srcs\sources_1\new\stepper_position_controller.vhd:]
WARNING: [filemgmt 56-199] Attempt to get parsing info during refresh. "On-the-fly" syntax checking information may be incorrect. [C:\Users\robin\Documents\GitHub\FPGA-GearBox---Group-Bertolini-Liberato\Gabriel_Files\Gearbox_Project.srcs\sources_1\new\main_motor_top_pwm.vhd:]
WARNING: [filemgmt 56-199] Attempt to get parsing info during refresh. "On-the-fly" syntax checking information may be incorrect. [C:\Users\robin\Documents\GitHub\FPGA-GearBox---Group-Bertolini-Liberato\Gabriel_Files\Gearbox_Project.srcs\sources_1\new\dc_driver_pwm.vhd:]
WARNING: [filemgmt 56-199] Attempt to get parsing info during refresh. "On-the-fly" syntax checking information may be incorrect. [C:\Users\robin\Documents\GitHub\FPGA-GearBox---Group-Bertolini-Liberato\Gabriel_Files\Gearbox_Project.srcs\sources_1\new\pwm_generator.vhd:]
WARNING: [filemgmt 56-199] Attempt to get parsing info during refresh. "On-the-fly" syntax checking information may be incorrect. [C:\Users\robin\Documents\GitHub\FPGA-GearBox---Group-Bertolini-Liberato\Gabriel_Files\Gearbox_Project.srcs\sources_1\new\stepper_motor_ctrl.vhd:]
WARNING: [filemgmt 56-199] Attempt to get parsing info during refresh. "On-the-fly" syntax checking information may be incorrect. [C:\Users\robin\Documents\GitHub\FPGA-GearBox---Group-Bertolini-Liberato\Gabriel_Files\Gearbox_Project.srcs\sources_1\new\dc_driver_pwm.vhd:]
WARNING: [filemgmt 56-199] Attempt to get parsing info during refresh. "On-the-fly" syntax checking information may be incorrect. [C:\Users\robin\Documents\GitHub\FPGA-GearBox---Group-Bertolini-Liberato\Gabriel_Files\Gearbox_Project.srcs\sources_1\new\dc_driver_pwm.vhd:]
close_sim
INFO: [Simtcl 6-16] Simulation closed
launch_simulation
Command: launch_simulation 
INFO: [Vivado 12-25911] Executing simulation for 'XSim' simulator
INFO: [Vivado 12-28535] Process started - Tue May 19 17:10:38 2026

INFO: [Vivado 12-12493] Simulation top is 'dc_driver_pwm'
INFO: [Vivado 12-5682] Launching behavioral simulation in 'C:/Users/robin/Documents/GitHub/FPGA-GearBox---Group-Bertolini-Liberato/Gabriel_Files/Gearbox_Project.sim/sim_1/behav/xsim'
INFO: [SIM-utils-51] Simulation object is 'sim_1'
INFO: [SIM-utils-72] Using boost library from 'C:/AMDDesignTools/2025.2/Vivado/tps/boost_1_72_0'
WARNING: [filemgmt 56-199] Attempt to get parsing info during refresh. "On-the-fly" syntax checking information may be incorrect. [C:\Users\robin\Documents\GitHub\FPGA-GearBox---Group-Bertolini-Liberato\Gabriel_Files\Gearbox_Project.srcs\sources_1\new\stepper_position_controller.vhd:]
WARNING: [filemgmt 56-199] Attempt to get parsing info during refresh. "On-the-fly" syntax checking information may be incorrect. [C:\Users\robin\Documents\GitHub\FPGA-GearBox---Group-Bertolini-Liberato\Gabriel_Files\Gearbox_Project.srcs\sources_1\new\main_motor_top_pwm.vhd:]
WARNING: [filemgmt 56-199] Attempt to get parsing info during refresh. "On-the-fly" syntax checking information may be incorrect. [C:\Users\robin\Documents\GitHub\FPGA-GearBox---Group-Bertolini-Liberato\Gabriel_Files\Gearbox_Project.srcs\sources_1\new\dc_driver_pwm.vhd:]
WARNING: [filemgmt 56-199] Attempt to get parsing info during refresh. "On-the-fly" syntax checking information may be incorrect. [C:\Users\robin\Documents\GitHub\FPGA-GearBox---Group-Bertolini-Liberato\Gabriel_Files\Gearbox_Project.srcs\sources_1\new\pwm_generator.vhd:]
WARNING: [filemgmt 56-199] Attempt to get parsing info during refresh. "On-the-fly" syntax checking information may be incorrect. [C:\Users\robin\Documents\GitHub\FPGA-GearBox---Group-Bertolini-Liberato\Gabriel_Files\Gearbox_Project.srcs\sources_1\new\stepper_motor_ctrl.vhd:]
WARNING: [filemgmt 56-199] Attempt to get parsing info during refresh. "On-the-fly" syntax checking information may be incorrect. [C:\Users\robin\Documents\GitHub\FPGA-GearBox---Group-Bertolini-Liberato\Gabriel_Files\Gearbox_Project.srcs\sources_1\new\stepper_motor_ctrl.vhd:]
WARNING: [filemgmt 56-199] Attempt to get parsing info during refresh. "On-the-fly" syntax checking information may be incorrect. [C:\Users\robin\Documents\GitHub\FPGA-GearBox---Group-Bertolini-Liberato\Gabriel_Files\Gearbox_Project.srcs\sources_1\new\stepper_motor_ctrl.vhd:]
INFO: [SIM-utils-54] Inspecting design source files for 'dc_driver_pwm' in fileset 'sim_1'...
INFO: [USF-XSim-97] Finding global include files...
INFO: [USF-XSim-98] Fetching design files from 'sim_1'...
INFO: [USF-XSim-2] XSim::Compile design
INFO: [USF-XSim-61] Executing 'COMPILE and ANALYZE' step in 'C:/Users/robin/Documents/GitHub/FPGA-GearBox---Group-Bertolini-Liberato/Gabriel_Files/Gearbox_Project.sim/sim_1/behav/xsim'
ERROR: [Common 17-180] Spawn failed: The operation completed successfully.

WARNING: [filemgmt 56-199] Attempt to get parsing info during refresh. "On-the-fly" syntax checking information may be incorrect. [C:\Users\robin\Documents\GitHub\FPGA-GearBox---Group-Bertolini-Liberato\Gabriel_Files\Gearbox_Project.srcs\sources_1\new\stepper_position_controller.vhd:]
WARNING: [filemgmt 56-199] Attempt to get parsing info during refresh. "On-the-fly" syntax checking information may be incorrect. [C:\Users\robin\Documents\GitHub\FPGA-GearBox---Group-Bertolini-Liberato\Gabriel_Files\Gearbox_Project.srcs\sources_1\new\main_motor_top_pwm.vhd:]
WARNING: [filemgmt 56-199] Attempt to get parsing info during refresh. "On-the-fly" syntax checking information may be incorrect. [C:\Users\robin\Documents\GitHub\FPGA-GearBox---Group-Bertolini-Liberato\Gabriel_Files\Gearbox_Project.srcs\sources_1\new\dc_driver_pwm.vhd:]
WARNING: [filemgmt 56-199] Attempt to get parsing info during refresh. "On-the-fly" syntax checking information may be incorrect. [C:\Users\robin\Documents\GitHub\FPGA-GearBox---Group-Bertolini-Liberato\Gabriel_Files\Gearbox_Project.srcs\sources_1\new\pwm_generator.vhd:]
WARNING: [filemgmt 56-199] Attempt to get parsing info during refresh. "On-the-fly" syntax checking information may be incorrect. [C:\Users\robin\Documents\GitHub\FPGA-GearBox---Group-Bertolini-Liberato\Gabriel_Files\Gearbox_Project.srcs\sources_1\new\stepper_motor_ctrl.vhd:]
WARNING: [filemgmt 56-199] Attempt to get parsing info during refresh. "On-the-fly" syntax checking information may be incorrect. [C:\Users\robin\Documents\GitHub\FPGA-GearBox---Group-Bertolini-Liberato\Gabriel_Files\Gearbox_Project.srcs\sources_1\new\stepper_position_controller.vhd:]
WARNING: [filemgmt 56-199] Attempt to get parsing info during refresh. "On-the-fly" syntax checking information may be incorrect. [C:\Users\robin\Documents\GitHub\FPGA-GearBox---Group-Bertolini-Liberato\Gabriel_Files\Gearbox_Project.srcs\sources_1\new\stepper_position_controller.vhd:]
"xvhdl --incr --relax -prj dc_driver_pwm_vhdl.prj"
WARNING: [filemgmt 56-199] Attempt to get parsing info during refresh. "On-the-fly" syntax checking information may be incorrect. [C:\Users\robin\Documents\GitHub\FPGA-GearBox---Group-Bertolini-Liberato\Gabriel_Files\Gearbox_Project.srcs\sources_1\new\stepper_position_controller.vhd:]
WARNING: [filemgmt 56-199] Attempt to get parsing info during refresh. "On-the-fly" syntax checking information may be incorrect. [C:\Users\robin\Documents\GitHub\FPGA-GearBox---Group-Bertolini-Liberato\Gabriel_Files\Gearbox_Project.srcs\sources_1\new\main_motor_top_pwm.vhd:]
WARNING: [filemgmt 56-199] Attempt to get parsing info during refresh. "On-the-fly" syntax checking information may be incorrect. [C:\Users\robin\Documents\GitHub\FPGA-GearBox---Group-Bertolini-Liberato\Gabriel_Files\Gearbox_Project.srcs\sources_1\new\dc_driver_pwm.vhd:]
WARNING: [filemgmt 56-199] Attempt to get parsing info during refresh. "On-the-fly" syntax checking information may be incorrect. [C:\Users\robin\Documents\GitHub\FPGA-GearBox---Group-Bertolini-Liberato\Gabriel_Files\Gearbox_Project.srcs\sources_1\new\pwm_generator.vhd:]
WARNING: [filemgmt 56-199] Attempt to get parsing info during refresh. "On-the-fly" syntax checking information may be incorrect. [C:\Users\robin\Documents\GitHub\FPGA-GearBox---Group-Bertolini-Liberato\Gabriel_Files\Gearbox_Project.srcs\sources_1\new\stepper_motor_ctrl.vhd:]
WARNING: [filemgmt 56-199] Attempt to get parsing info during refresh. "On-the-fly" syntax checking information may be incorrect. [C:\Users\robin\Documents\GitHub\FPGA-GearBox---Group-Bertolini-Liberato\Gabriel_Files\Gearbox_Project.srcs\sources_1\new\dc_driver_pwm.vhd:]
WARNING: [filemgmt 56-199] Attempt to get parsing info during refresh. "On-the-fly" syntax checking information may be incorrect. [C:\Users\robin\Documents\GitHub\FPGA-GearBox---Group-Bertolini-Liberato\Gabriel_Files\Gearbox_Project.srcs\sources_1\new\dc_driver_pwm.vhd:]
INFO: [USF-XSim-69] 'compile' step finished in '2' seconds
ERROR: [USF-XSim-62] 'compile' step failed with error(s) while executing 'C:/Users/robin/Documents/GitHub/FPGA-GearBox---Group-Bertolini-Liberato/Gabriel_Files/Gearbox_Project.sim/sim_1/behav/xsim/compile.bat' script. Please check that the file has the correct 'read/write/execute' permissions and the Tcl console output for any other possible errors or warnings.
ERROR: [Vivado 12-4473] Detected error while running simulation. Please correct the issue and retry this operation.
ERROR: [Common 17-39] 'launch_simulation' failed due to earlier errors.
ERROR: [Common 17-180] Spawn failed: The operation completed successfully.

launch_simulation
Command: launch_simulation 
INFO: [Vivado 12-25911] Executing simulation for 'XSim' simulator
INFO: [Vivado 12-28535] Process started - Tue May 19 17:11:04 2026

INFO: [Vivado 12-12493] Simulation top is 'dc_driver_pwm'
INFO: [Vivado 12-5682] Launching behavioral simulation in 'C:/Users/robin/Documents/GitHub/FPGA-GearBox---Group-Bertolini-Liberato/Gabriel_Files/Gearbox_Project.sim/sim_1/behav/xsim'
INFO: [SIM-utils-51] Simulation object is 'sim_1'
INFO: [SIM-utils-72] Using boost library from 'C:/AMDDesignTools/2025.2/Vivado/tps/boost_1_72_0'
INFO: [SIM-utils-54] Inspecting design source files for 'dc_driver_pwm' in fileset 'sim_1'...
INFO: [USF-XSim-97] Finding global include files...
INFO: [USF-XSim-98] Fetching design files from 'sim_1'...
INFO: [USF-XSim-2] XSim::Compile design
INFO: [USF-XSim-61] Executing 'COMPILE and ANALYZE' step in 'C:/Users/robin/Documents/GitHub/FPGA-GearBox---Group-Bertolini-Liberato/Gabriel_Files/Gearbox_Project.sim/sim_1/behav/xsim'
"xvhdl --incr --relax -prj dc_driver_pwm_vhdl.prj"
INFO: [USF-XSim-69] 'compile' step finished in '1' seconds
INFO: [USF-XSim-3] XSim::Elaborate design
INFO: [USF-XSim-61] Executing 'ELABORATE' step in 'C:/Users/robin/Documents/GitHub/FPGA-GearBox---Group-Bertolini-Liberato/Gabriel_Files/Gearbox_Project.sim/sim_1/behav/xsim'
"xelab --incr --debug typical --relax --mt 2 -L xil_defaultlib -L secureip --snapshot dc_driver_pwm_behav xil_defaultlib.dc_driver_pwm -log elaborate.log"
Vivado Simulator v2025.2
Copyright 1986-2022 Xilinx, Inc. All Rights Reserved.
Copyright 2022-2025 Advanced Micro Devices, Inc. All Rights Reserved.
Running: C:/AMDDesignTools/2025.2/Vivado/bin/unwrapped/win64.o/xelab.exe --incr --debug typical --relax --mt 2 -L xil_defaultlib -L secureip --snapshot dc_driver_pwm_behav xil_defaultlib.dc_driver_pwm -log elaborate.log 
Using 2 slave threads.
Starting static elaboration
Completed static elaboration
INFO: [XSIM 43-4323] No Change in HDL. Linking previously generated obj files to create kernel
INFO: [USF-XSim-69] 'elaborate' step finished in '2' seconds
INFO: [USF-XSim-4] XSim::Simulate design
INFO: [USF-XSim-61] Executing 'SIMULATE' step in 'C:/Users/robin/Documents/GitHub/FPGA-GearBox---Group-Bertolini-Liberato/Gabriel_Files/Gearbox_Project.sim/sim_1/behav/xsim'
INFO: [USF-XSim-98] *** Running xsim
   with args "dc_driver_pwm_behav -key {Behavioral:sim_1:Functional:dc_driver_pwm} -tclbatch {dc_driver_pwm.tcl} -log {simulate.log}"
INFO: [USF-XSim-8] Loading simulator feature
Time resolution is 1 ps
source dc_driver_pwm.tcl
# set curr_wave [current_wave_config]
# if { [string length $curr_wave] == 0 } {
#   if { [llength [get_objects]] > 0} {
#     add_wave /
#     set_property needs_save false [current_wave_config]
#   } else {
#      send_msg_id Add_Wave-1 WARNING "No top level signals found. Simulator will start without a wave window. If you want to open a wave window go to 'File->New Waveform Configuration' or type 'create_wave_config' in the TCL console."
#   }
# }
# run 1000ns
INFO: [USF-XSim-96] XSim completed. Design snapshot 'dc_driver_pwm_behav' loaded.
INFO: [USF-XSim-97] XSim simulation ran for 1000ns
launch_simulation: Time (s): cpu = 00:00:02 ; elapsed = 00:00:05 . Memory (MB): peak = 4635.273 ; gain = 0.000
synth_design -top main_motor_top_pwm -part xc7a35tcpg236-1 -lint 
Command: synth_design -top main_motor_top_pwm -part xc7a35tcpg236-1 -lint
Starting synth_design
Attempting to get a license for feature 'Synthesis' and/or device 'xc7a35t'
INFO: [Common 17-349] Got license for feature 'Synthesis' and/or device 'xc7a35t'
INFO: [Synth 8-7079] Multithreading enabled for synth_design using a maximum of 2 processes.
---------------------------------------------------------------------------------
Starting Synthesize : Time (s): cpu = 00:00:08 ; elapsed = 00:00:09 . Memory (MB): peak = 4635.273 ; gain = 0.000
---------------------------------------------------------------------------------
Clean up Linter database...
INFO: [Synth 8-638] synthesizing module 'main_motor_top_pwm' [C:/Users/robin/Documents/GitHub/FPGA-GearBox---Group-Bertolini-Liberato/Gabriel_Files/Gearbox_Project.srcs/sources_1/new/main_motor_top_pwm.vhd:24]
INFO: [Synth 8-3491] module 'stepper_position_controller' declared at 'C:/Users/robin/Documents/GitHub/FPGA-GearBox---Group-Bertolini-Liberato/Gabriel_Files/Gearbox_Project.srcs/sources_1/new/stepper_position_controller.vhd:5' bound to instance 'STEP1' of component 'stepper_position_controller' [C:/Users/robin/Documents/GitHub/FPGA-GearBox---Group-Bertolini-Liberato/Gabriel_Files/Gearbox_Project.srcs/sources_1/new/main_motor_top_pwm.vhd:94]
INFO: [Synth 8-638] synthesizing module 'stepper_position_controller' [C:/Users/robin/Documents/GitHub/FPGA-GearBox---Group-Bertolini-Liberato/Gabriel_Files/Gearbox_Project.srcs/sources_1/new/stepper_position_controller.vhd:19]
INFO: [Synth 8-256] done synthesizing module 'stepper_position_controller' (1#1) [C:/Users/robin/Documents/GitHub/FPGA-GearBox---Group-Bertolini-Liberato/Gabriel_Files/Gearbox_Project.srcs/sources_1/new/stepper_position_controller.vhd:19]
INFO: [Synth 8-3491] module 'stepper_position_controller' declared at 'C:/Users/robin/Documents/GitHub/FPGA-GearBox---Group-Bertolini-Liberato/Gabriel_Files/Gearbox_Project.srcs/sources_1/new/stepper_position_controller.vhd:5' bound to instance 'STEP2' of component 'stepper_position_controller' [C:/Users/robin/Documents/GitHub/FPGA-GearBox---Group-Bertolini-Liberato/Gabriel_Files/Gearbox_Project.srcs/sources_1/new/main_motor_top_pwm.vhd:99]
INFO: [Synth 8-256] done synthesizing module 'main_motor_top_pwm' (2#1) [C:/Users/robin/Documents/GitHub/FPGA-GearBox---Group-Bertolini-Liberato/Gabriel_Files/Gearbox_Project.srcs/sources_1/new/main_motor_top_pwm.vhd:24]
---------------------------------------------------------------------------------
Finished Synthesize : Time (s): cpu = 00:00:12 ; elapsed = 00:00:14 . Memory (MB): peak = 4635.273 ; gain = 0.000
---------------------------------------------------------------------------------
Copyright 1986-2022 Xilinx, Inc. All Rights Reserved. Copyright 2022-2025 Advanced Micro Devices, Inc. All Rights Reserved.
---------------------------------------------------------------------------------------------------------------------------------------------
| Tool Version : Vivado v.2025.2 (win64) Build 6299465 Fri Nov 14 19:35:11 GMT 2025
| Date         : Tue May 19 17:11:33 2026
| Host         : PcBobin running 64-bit major release  (build 9200)
---------------------------------------------------------------------------------------------------------------------------------------------

RTL Linter Report

Table of Contents
-----------------
1. Summary

1. Summary
----------

+-----------+------------------+--------------+----------+
| Rule ID   | Severity         | # Violations | # Waived |
+-----------+------------------+--------------+----------+
| ASSIGN-7  | CRITICAL WARNING | 2            | 0        |
| ASSIGN-10 | WARNING          | 6            | 0        |
| RESET-3   | CRITICAL WARNING | 5            | 0        |
+-----------+------------------+--------------+----------+


CRITICAL WARNING: [Synth 37-90] [ASSIGN-7]Multiple assignments detected on array s1_target, first multi-driven bit index is 0.
RTL Name 's1_target', Hierarchy 'main_motor_top_pwm', File 'C:/Users/robin/Documents/GitHub/FPGA-GearBox---Group-Bertolini-Liberato/Gabriel_Files/Gearbox_Project.srcs/sources_1/new/main_motor_top_pwm.vhd', Line 49.
CRITICAL WARNING: [Synth 37-90] [ASSIGN-7]Multiple assignments detected on array s2_target, first multi-driven bit index is 0.
RTL Name 's2_target', Hierarchy 'main_motor_top_pwm', File 'C:/Users/robin/Documents/GitHub/FPGA-GearBox---Group-Bertolini-Liberato/Gabriel_Files/Gearbox_Project.srcs/sources_1/new/main_motor_top_pwm.vhd', Line 49.
WARNING: [Synth 37-125] [ASSIGN-10]Some bits in IO 'btnC' are not read. First unread bit index is 0. 
RTL Name 'btnC', Hierarchy 'main_motor_top_pwm', File 'main_motor_top_pwm.vhd', Line 8.
WARNING: [Synth 37-125] [ASSIGN-10]Some bits in IO 'btnD' are not read. First unread bit index is 0. 
RTL Name 'btnD', Hierarchy 'main_motor_top_pwm', File 'main_motor_top_pwm.vhd', Line 12.
WARNING: [Synth 37-125] [ASSIGN-10]Some bits in IO 'btnL' are not read. First unread bit index is 0. 
RTL Name 'btnL', Hierarchy 'main_motor_top_pwm', File 'main_motor_top_pwm.vhd', Line 10.
WARNING: [Synth 37-125] [ASSIGN-10]Some bits in IO 'btnR' are not read. First unread bit index is 0. 
RTL Name 'btnR', Hierarchy 'main_motor_top_pwm', File 'main_motor_top_pwm.vhd', Line 11.
WARNING: [Synth 37-125] [ASSIGN-10]Some bits in IO 'btnU' are not read. First unread bit index is 0. 
RTL Name 'btnU', Hierarchy 'main_motor_top_pwm', File 'main_motor_top_pwm.vhd', Line 9.
WARNING: [Synth 37-125] [ASSIGN-10]Some bits in IO 'sw' are not read. First unread bit index is 1. 
RTL Name 'sw', Hierarchy 'main_motor_top_pwm', File 'main_motor_top_pwm.vhd', Line 13.
CRITICAL WARNING: [Synth 37-111] [RESET-3]Synchronous reset not found on register current_pos_reg and its enable logic contains synchronous reset in same always/process block.
RTL Name 'current_pos_reg', Hierarchy 'stepper_position_controller', File 'C:/Users/robin/Documents/GitHub/FPGA-GearBox---Group-Bertolini-Liberato/Gabriel_Files/Gearbox_Project.srcs/sources_1/new/stepper_position_controller.vhd', Line 39.
CRITICAL WARNING: [Synth 37-111] [RESET-3]Synchronous reset not found on register homing_steps_reg and its enable logic contains synchronous reset in same always/process block.
RTL Name 'homing_steps_reg', Hierarchy 'stepper_position_controller', File 'C:/Users/robin/Documents/GitHub/FPGA-GearBox---Group-Bertolini-Liberato/Gabriel_Files/Gearbox_Project.srcs/sources_1/new/stepper_position_controller.vhd', Line 39.
CRITICAL WARNING: [Synth 37-111] [RESET-3]Synchronous reset not found on register step_state_reg and its enable logic contains synchronous reset in same always/process block.
RTL Name 'step_state_reg', Hierarchy 'stepper_position_controller', File 'C:/Users/robin/Documents/GitHub/FPGA-GearBox---Group-Bertolini-Liberato/Gabriel_Files/Gearbox_Project.srcs/sources_1/new/stepper_position_controller.vhd', Line 39.
CRITICAL WARNING: [Synth 37-111] [RESET-3]Synchronous reset not found on register tick_cnt_reg and its enable logic contains synchronous reset in same always/process block.
RTL Name 'tick_cnt_reg', Hierarchy 'stepper_position_controller', File 'C:/Users/robin/Documents/GitHub/FPGA-GearBox---Group-Bertolini-Liberato/Gabriel_Files/Gearbox_Project.srcs/sources_1/new/stepper_position_controller.vhd', Line 39.
CRITICAL WARNING: [Synth 37-111] [RESET-3]Synchronous reset not found on register wait_cnt_reg and its enable logic contains synchronous reset in same always/process block.
RTL Name 'wait_cnt_reg', Hierarchy 'stepper_position_controller', File 'C:/Users/robin/Documents/GitHub/FPGA-GearBox---Group-Bertolini-Liberato/Gabriel_Files/Gearbox_Project.srcs/sources_1/new/stepper_position_controller.vhd', Line 39.
INFO: [Synth 37-85] Total of 13 linter message(s) generated.
INFO: [Synth 37-45] Linter Run Finished!
Synthesis Optimization Runtime : Time (s): cpu = 00:00:12 ; elapsed = 00:00:14 . Memory (MB): peak = 4635.273 ; gain = 0.000
INFO: [Common 17-83] Releasing license: Synthesis
11 Infos, 6 Warnings, 7 Critical Warnings and 0 Errors encountered.
synth_design completed successfully
synth_design: Time (s): cpu = 00:00:12 ; elapsed = 00:00:14 . Memory (MB): peak = 4635.273 ; gain = 0.000
reset_run synth_1
INFO: [Project 1-1161] Replacing file C:/Users/robin/Documents/GitHub/FPGA-GearBox---Group-Bertolini-Liberato/Gabriel_Files/Gearbox_Project.srcs/utils_1/imports/synth_1/main_motor_top_pwm.dcp with file C:/Users/robin/Documents/GitHub/FPGA-GearBox---Group-Bertolini-Liberato/Gabriel_Files/Gearbox_Project.runs/synth_1/main_motor_top_pwm.dcp
WARNING: [Vivado 12-1017] Problems encountered:
1. Failed to delete one or more files in run directory C:/Users/robin/Documents/GitHub/FPGA-GearBox---Group-Bertolini-Liberato/Gabriel_Files/Gearbox_Project.runs/synth_1

launch_runs impl_1 -jobs 20
[Tue May 19 17:12:33 2026] Launched synth_1...
Run output will be captured here: C:/Users/robin/Documents/GitHub/FPGA-GearBox---Group-Bertolini-Liberato/Gabriel_Files/Gearbox_Project.runs/synth_1/runme.log
[Tue May 19 17:12:33 2026] Launched impl_1...
Run output will be captured here: C:/Users/robin/Documents/GitHub/FPGA-GearBox---Group-Bertolini-Liberato/Gabriel_Files/Gearbox_Project.runs/impl_1/runme.log
WARNING: [filemgmt 56-199] Attempt to get parsing info during refresh. "On-the-fly" syntax checking information may be incorrect. [C:\Users\robin\Documents\GitHub\FPGA-GearBox---Group-Bertolini-Liberato\Gabriel_Files\Gearbox_Project.srcs\sources_1\new\stepper_position_controller.vhd:]
WARNING: [filemgmt 56-199] Attempt to get parsing info during refresh. "On-the-fly" syntax checking information may be incorrect. [C:\Users\robin\Documents\GitHub\FPGA-GearBox---Group-Bertolini-Liberato\Gabriel_Files\Gearbox_Project.srcs\sources_1\new\main_motor_top_pwm.vhd:]
WARNING: [filemgmt 56-199] Attempt to get parsing info during refresh. "On-the-fly" syntax checking information may be incorrect. [C:\Users\robin\Documents\GitHub\FPGA-GearBox---Group-Bertolini-Liberato\Gabriel_Files\Gearbox_Project.srcs\sources_1\new\dc_driver_pwm.vhd:]
WARNING: [filemgmt 56-199] Attempt to get parsing info during refresh. "On-the-fly" syntax checking information may be incorrect. [C:\Users\robin\Documents\GitHub\FPGA-GearBox---Group-Bertolini-Liberato\Gabriel_Files\Gearbox_Project.srcs\sources_1\new\pwm_generator.vhd:]
WARNING: [filemgmt 56-199] Attempt to get parsing info during refresh. "On-the-fly" syntax checking information may be incorrect. [C:\Users\robin\Documents\GitHub\FPGA-GearBox---Group-Bertolini-Liberato\Gabriel_Files\Gearbox_Project.srcs\sources_1\new\stepper_motor_ctrl.vhd:]
WARNING: [filemgmt 56-199] Attempt to get parsing info during refresh. "On-the-fly" syntax checking information may be incorrect. [C:\Users\robin\Documents\GitHub\FPGA-GearBox---Group-Bertolini-Liberato\Gabriel_Files\Gearbox_Project.srcs\sources_1\new\stepper_position_controller.vhd:]
WARNING: [filemgmt 56-199] Attempt to get parsing info during refresh. "On-the-fly" syntax checking information may be incorrect. [C:\Users\robin\Documents\GitHub\FPGA-GearBox---Group-Bertolini-Liberato\Gabriel_Files\Gearbox_Project.srcs\sources_1\new\stepper_position_controller.vhd:]
WARNING: [filemgmt 56-199] Attempt to get parsing info during refresh. "On-the-fly" syntax checking information may be incorrect. [C:\Users\robin\Documents\GitHub\FPGA-GearBox---Group-Bertolini-Liberato\Gabriel_Files\Gearbox_Project.srcs\sources_1\new\stepper_position_controller.vhd:]
WARNING: [filemgmt 56-199] Attempt to get parsing info during refresh. "On-the-fly" syntax checking information may be incorrect. [C:\Users\robin\Documents\GitHub\FPGA-GearBox---Group-Bertolini-Liberato\Gabriel_Files\Gearbox_Project.srcs\sources_1\new\main_motor_top_pwm.vhd:]
WARNING: [filemgmt 56-199] Attempt to get parsing info during refresh. "On-the-fly" syntax checking information may be incorrect. [C:\Users\robin\Documents\GitHub\FPGA-GearBox---Group-Bertolini-Liberato\Gabriel_Files\Gearbox_Project.srcs\sources_1\new\dc_driver_pwm.vhd:]
WARNING: [filemgmt 56-199] Attempt to get parsing info during refresh. "On-the-fly" syntax checking information may be incorrect. [C:\Users\robin\Documents\GitHub\FPGA-GearBox---Group-Bertolini-Liberato\Gabriel_Files\Gearbox_Project.srcs\sources_1\new\pwm_generator.vhd:]
WARNING: [filemgmt 56-199] Attempt to get parsing info during refresh. "On-the-fly" syntax checking information may be incorrect. [C:\Users\robin\Documents\GitHub\FPGA-GearBox---Group-Bertolini-Liberato\Gabriel_Files\Gearbox_Project.srcs\sources_1\new\stepper_motor_ctrl.vhd:]
WARNING: [filemgmt 56-199] Attempt to get parsing info during refresh. "On-the-fly" syntax checking information may be incorrect. [C:\Users\robin\Documents\GitHub\FPGA-GearBox---Group-Bertolini-Liberato\Gabriel_Files\Gearbox_Project.srcs\sources_1\new\dc_driver_pwm.vhd:]
WARNING: [filemgmt 56-199] Attempt to get parsing info during refresh. "On-the-fly" syntax checking information may be incorrect. [C:\Users\robin\Documents\GitHub\FPGA-GearBox---Group-Bertolini-Liberato\Gabriel_Files\Gearbox_Project.srcs\sources_1\new\dc_driver_pwm.vhd:]
WARNING: [filemgmt 56-199] Attempt to get parsing info during refresh. "On-the-fly" syntax checking information may be incorrect. [C:\Users\robin\Documents\GitHub\FPGA-GearBox---Group-Bertolini-Liberato\Gabriel_Files\Gearbox_Project.srcs\sources_1\new\stepper_position_controller.vhd:]
WARNING: [filemgmt 56-199] Attempt to get parsing info during refresh. "On-the-fly" syntax checking information may be incorrect. [C:\Users\robin\Documents\GitHub\FPGA-GearBox---Group-Bertolini-Liberato\Gabriel_Files\Gearbox_Project.srcs\sources_1\new\main_motor_top_pwm.vhd:]
WARNING: [filemgmt 56-199] Attempt to get parsing info during refresh. "On-the-fly" syntax checking information may be incorrect. [C:\Users\robin\Documents\GitHub\FPGA-GearBox---Group-Bertolini-Liberato\Gabriel_Files\Gearbox_Project.srcs\sources_1\new\dc_driver_pwm.vhd:]
WARNING: [filemgmt 56-199] Attempt to get parsing info during refresh. "On-the-fly" syntax checking information may be incorrect. [C:\Users\robin\Documents\GitHub\FPGA-GearBox---Group-Bertolini-Liberato\Gabriel_Files\Gearbox_Project.srcs\sources_1\new\pwm_generator.vhd:]
WARNING: [filemgmt 56-199] Attempt to get parsing info during refresh. "On-the-fly" syntax checking information may be incorrect. [C:\Users\robin\Documents\GitHub\FPGA-GearBox---Group-Bertolini-Liberato\Gabriel_Files\Gearbox_Project.srcs\sources_1\new\stepper_motor_ctrl.vhd:]
WARNING: [filemgmt 56-199] Attempt to get parsing info during refresh. "On-the-fly" syntax checking information may be incorrect. [C:\Users\robin\Documents\GitHub\FPGA-GearBox---Group-Bertolini-Liberato\Gabriel_Files\Gearbox_Project.srcs\sources_1\new\stepper_motor_ctrl.vhd:]
WARNING: [filemgmt 56-199] Attempt to get parsing info during refresh. "On-the-fly" syntax checking information may be incorrect. [C:\Users\robin\Documents\GitHub\FPGA-GearBox---Group-Bertolini-Liberato\Gabriel_Files\Gearbox_Project.srcs\sources_1\new\stepper_motor_ctrl.vhd:]
launch_runs impl_1 -to_step write_bitstream -jobs 20
[Tue May 19 17:14:36 2026] Launched impl_1...
Run output will be captured here: C:/Users/robin/Documents/GitHub/FPGA-GearBox---Group-Bertolini-Liberato/Gabriel_Files/Gearbox_Project.runs/impl_1/runme.log
set_property PROBES.FILE {} [get_hw_devices xc7a35t_0]
set_property FULL_PROBES.FILE {} [get_hw_devices xc7a35t_0]
set_property PROGRAM.FILE {C:/Users/robin/Documents/GitHub/FPGA-GearBox---Group-Bertolini-Liberato/Gabriel_Files/Gearbox_Project.runs/impl_1/main_motor_top_pwm.bit} [get_hw_devices xc7a35t_0]
program_hw_devices [get_hw_devices xc7a35t_0]
INFO: [Labtools 27-3164] End of startup status: HIGH
refresh_hw_device [lindex [get_hw_devices xc7a35t_0] 0]
INFO: [Labtools 27-1434] Device xc7a35t (JTAG device index = 0) is programmed with a design that has no supported soft debug core(s) in it.
close_sim
INFO: [Simtcl 6-16] Simulation closed
WARNING: [filemgmt 56-199] Attempt to get parsing info during refresh. "On-the-fly" syntax checking information may be incorrect. [C:\Users\robin\Documents\GitHub\FPGA-GearBox---Group-Bertolini-Liberato\Gabriel_Files\Gearbox_Project.srcs\sources_1\new\stepper_position_controller.vhd:]
WARNING: [filemgmt 56-199] Attempt to get parsing info during refresh. "On-the-fly" syntax checking information may be incorrect. [C:\Users\robin\Documents\GitHub\FPGA-GearBox---Group-Bertolini-Liberato\Gabriel_Files\Gearbox_Project.srcs\sources_1\new\main_motor_top_pwm.vhd:]
WARNING: [filemgmt 56-199] Attempt to get parsing info during refresh. "On-the-fly" syntax checking information may be incorrect. [C:\Users\robin\Documents\GitHub\FPGA-GearBox---Group-Bertolini-Liberato\Gabriel_Files\Gearbox_Project.srcs\sources_1\new\dc_driver_pwm.vhd:]
WARNING: [filemgmt 56-199] Attempt to get parsing info during refresh. "On-the-fly" syntax checking information may be incorrect. [C:\Users\robin\Documents\GitHub\FPGA-GearBox---Group-Bertolini-Liberato\Gabriel_Files\Gearbox_Project.srcs\sources_1\new\pwm_generator.vhd:]
WARNING: [filemgmt 56-199] Attempt to get parsing info during refresh. "On-the-fly" syntax checking information may be incorrect. [C:\Users\robin\Documents\GitHub\FPGA-GearBox---Group-Bertolini-Liberato\Gabriel_Files\Gearbox_Project.srcs\sources_1\new\stepper_motor_ctrl.vhd:]
WARNING: [filemgmt 56-199] Attempt to get parsing info during refresh. "On-the-fly" syntax checking information may be incorrect. [C:\Users\robin\Documents\GitHub\FPGA-GearBox---Group-Bertolini-Liberato\Gabriel_Files\Gearbox_Project.srcs\sources_1\new\stepper_position_controller.vhd:]
WARNING: [filemgmt 56-199] Attempt to get parsing info during refresh. "On-the-fly" syntax checking information may be incorrect. [C:\Users\robin\Documents\GitHub\FPGA-GearBox---Group-Bertolini-Liberato\Gabriel_Files\Gearbox_Project.srcs\sources_1\new\stepper_position_controller.vhd:]
WARNING: [filemgmt 56-199] Attempt to get parsing info during refresh. "On-the-fly" syntax checking information may be incorrect. [C:\Users\robin\Documents\GitHub\FPGA-GearBox---Group-Bertolini-Liberato\Gabriel_Files\Gearbox_Project.srcs\sources_1\new\stepper_position_controller.vhd:]
WARNING: [filemgmt 56-199] Attempt to get parsing info during refresh. "On-the-fly" syntax checking information may be incorrect. [C:\Users\robin\Documents\GitHub\FPGA-GearBox---Group-Bertolini-Liberato\Gabriel_Files\Gearbox_Project.srcs\sources_1\new\main_motor_top_pwm.vhd:]
WARNING: [filemgmt 56-199] Attempt to get parsing info during refresh. "On-the-fly" syntax checking information may be incorrect. [C:\Users\robin\Documents\GitHub\FPGA-GearBox---Group-Bertolini-Liberato\Gabriel_Files\Gearbox_Project.srcs\sources_1\new\dc_driver_pwm.vhd:]
WARNING: [filemgmt 56-199] Attempt to get parsing info during refresh. "On-the-fly" syntax checking information may be incorrect. [C:\Users\robin\Documents\GitHub\FPGA-GearBox---Group-Bertolini-Liberato\Gabriel_Files\Gearbox_Project.srcs\sources_1\new\pwm_generator.vhd:]
WARNING: [filemgmt 56-199] Attempt to get parsing info during refresh. "On-the-fly" syntax checking information may be incorrect. [C:\Users\robin\Documents\GitHub\FPGA-GearBox---Group-Bertolini-Liberato\Gabriel_Files\Gearbox_Project.srcs\sources_1\new\stepper_motor_ctrl.vhd:]
WARNING: [filemgmt 56-199] Attempt to get parsing info during refresh. "On-the-fly" syntax checking information may be incorrect. [C:\Users\robin\Documents\GitHub\FPGA-GearBox---Group-Bertolini-Liberato\Gabriel_Files\Gearbox_Project.srcs\sources_1\new\stepper_motor_ctrl.vhd:]
WARNING: [filemgmt 56-199] Attempt to get parsing info during refresh. "On-the-fly" syntax checking information may be incorrect. [C:\Users\robin\Documents\GitHub\FPGA-GearBox---Group-Bertolini-Liberato\Gabriel_Files\Gearbox_Project.srcs\sources_1\new\stepper_motor_ctrl.vhd:]
launch_simulation
WARNING: [filemgmt 56-199] Attempt to get parsing info during refresh. "On-the-fly" syntax checking information may be incorrect. [C:\Users\robin\Documents\GitHub\FPGA-GearBox---Group-Bertolini-Liberato\Gabriel_Files\Gearbox_Project.srcs\sources_1\new\stepper_position_controller.vhd:]
WARNING: [filemgmt 56-199] Attempt to get parsing info during refresh. "On-the-fly" syntax checking information may be incorrect. [C:\Users\robin\Documents\GitHub\FPGA-GearBox---Group-Bertolini-Liberato\Gabriel_Files\Gearbox_Project.srcs\sources_1\new\main_motor_top_pwm.vhd:]
WARNING: [filemgmt 56-199] Attempt to get parsing info during refresh. "On-the-fly" syntax checking information may be incorrect. [C:\Users\robin\Documents\GitHub\FPGA-GearBox---Group-Bertolini-Liberato\Gabriel_Files\Gearbox_Project.srcs\sources_1\new\dc_driver_pwm.vhd:]
WARNING: [filemgmt 56-199] Attempt to get parsing info during refresh. "On-the-fly" syntax checking information may be incorrect. [C:\Users\robin\Documents\GitHub\FPGA-GearBox---Group-Bertolini-Liberato\Gabriel_Files\Gearbox_Project.srcs\sources_1\new\pwm_generator.vhd:]
WARNING: [filemgmt 56-199] Attempt to get parsing info during refresh. "On-the-fly" syntax checking information may be incorrect. [C:\Users\robin\Documents\GitHub\FPGA-GearBox---Group-Bertolini-Liberato\Gabriel_Files\Gearbox_Project.srcs\sources_1\new\stepper_motor_ctrl.vhd:]
Command: launch_simulation 
WARNING: [filemgmt 56-199] Attempt to get parsing info during refresh. "On-the-fly" syntax checking information may be incorrect. [C:\Users\robin\Documents\GitHub\FPGA-GearBox---Group-Bertolini-Liberato\Gabriel_Files\Gearbox_Project.srcs\sources_1\new\pwm_generator.vhd:]
INFO: [Vivado 12-25911] Executing simulation for 'XSim' simulator
WARNING: [filemgmt 56-199] Attempt to get parsing info during refresh. "On-the-fly" syntax checking information may be incorrect. [C:\Users\robin\Documents\GitHub\FPGA-GearBox---Group-Bertolini-Liberato\Gabriel_Files\Gearbox_Project.srcs\sources_1\new\pwm_generator.vhd:]
INFO: [Vivado 12-28535] Process started - Tue May 19 17:16:31 2026

INFO: [Vivado 12-12493] Simulation top is 'dc_driver_pwm'
INFO: [Vivado 12-5682] Launching behavioral simulation in 'C:/Users/robin/Documents/GitHub/FPGA-GearBox---Group-Bertolini-Liberato/Gabriel_Files/Gearbox_Project.sim/sim_1/behav/xsim'
INFO: [SIM-utils-51] Simulation object is 'sim_1'
INFO: [SIM-utils-72] Using boost library from 'C:/AMDDesignTools/2025.2/Vivado/tps/boost_1_72_0'
ERROR: [Common 17-180] Spawn failed: The operation completed successfully.

WARNING: [filemgmt 56-199] Attempt to get parsing info during refresh. "On-the-fly" syntax checking information may be incorrect. [C:\Users\robin\Documents\GitHub\FPGA-GearBox---Group-Bertolini-Liberato\Gabriel_Files\Gearbox_Project.srcs\sources_1\new\stepper_position_controller.vhd:]
WARNING: [filemgmt 56-199] Attempt to get parsing info during refresh. "On-the-fly" syntax checking information may be incorrect. [C:\Users\robin\Documents\GitHub\FPGA-GearBox---Group-Bertolini-Liberato\Gabriel_Files\Gearbox_Project.srcs\sources_1\new\main_motor_top_pwm.vhd:]
WARNING: [filemgmt 56-199] Attempt to get parsing info during refresh. "On-the-fly" syntax checking information may be incorrect. [C:\Users\robin\Documents\GitHub\FPGA-GearBox---Group-Bertolini-Liberato\Gabriel_Files\Gearbox_Project.srcs\sources_1\new\dc_driver_pwm.vhd:]
WARNING: [filemgmt 56-199] Attempt to get parsing info during refresh. "On-the-fly" syntax checking information may be incorrect. [C:\Users\robin\Documents\GitHub\FPGA-GearBox---Group-Bertolini-Liberato\Gabriel_Files\Gearbox_Project.srcs\sources_1\new\pwm_generator.vhd:]
WARNING: [filemgmt 56-199] Attempt to get parsing info during refresh. "On-the-fly" syntax checking information may be incorrect. [C:\Users\robin\Documents\GitHub\FPGA-GearBox---Group-Bertolini-Liberato\Gabriel_Files\Gearbox_Project.srcs\sources_1\new\stepper_motor_ctrl.vhd:]
WARNING: [filemgmt 56-199] Attempt to get parsing info during refresh. "On-the-fly" syntax checking information may be incorrect. [C:\Users\robin\Documents\GitHub\FPGA-GearBox---Group-Bertolini-Liberato\Gabriel_Files\Gearbox_Project.srcs\sources_1\new\main_motor_top_pwm.vhd:]
WARNING: [filemgmt 56-199] Attempt to get parsing info during refresh. "On-the-fly" syntax checking information may be incorrect. [C:\Users\robin\Documents\GitHub\FPGA-GearBox---Group-Bertolini-Liberato\Gabriel_Files\Gearbox_Project.srcs\sources_1\new\main_motor_top_pwm.vhd:]
ERROR: [Common 17-180] Spawn failed: The operation completed successfully.

ERROR: [Common 17-39] 'get_xpm_libraries' failed due to earlier errors.

    while executing
"rdi::get_xpm_libraries"
    (procedure "xcs_get_xpm_libraries" line 14)
    invoked from within
"xcs_get_xpm_libraries"
    (procedure "usf_xsim_setup_simulation" line 50)
    invoked from within
"usf_xsim_setup_simulation"
    (procedure "tclapp::xilinx::xsim::setup" line 29)
    invoked from within
"tclapp::xilinx::xsim::setup { -simset sim_1 -mode behavioral -run_dir C:/Users/robin/Documents/GitHub/FPGA-GearBox---Group-Bertolini-Liberato/Gabriel_..."
ERROR: [Vivado 12-4473] Detected error while running simulation. Please correct the issue and retry this operation.
ERROR: [Common 17-39] 'launch_simulation' failed due to earlier errors.
launch_simulation
Command: launch_simulation 
INFO: [Vivado 12-25911] Executing simulation for 'XSim' simulator
INFO: [Vivado 12-28535] Process started - Tue May 19 17:16:38 2026

INFO: [Vivado 12-12493] Simulation top is 'dc_driver_pwm'
INFO: [Vivado 12-5682] Launching behavioral simulation in 'C:/Users/robin/Documents/GitHub/FPGA-GearBox---Group-Bertolini-Liberato/Gabriel_Files/Gearbox_Project.sim/sim_1/behav/xsim'
INFO: [SIM-utils-51] Simulation object is 'sim_1'
INFO: [SIM-utils-72] Using boost library from 'C:/AMDDesignTools/2025.2/Vivado/tps/boost_1_72_0'
INFO: [SIM-utils-54] Inspecting design source files for 'dc_driver_pwm' in fileset 'sim_1'...
INFO: [USF-XSim-97] Finding global include files...
INFO: [USF-XSim-98] Fetching design files from 'sim_1'...
INFO: [USF-XSim-2] XSim::Compile design
INFO: [USF-XSim-61] Executing 'COMPILE and ANALYZE' step in 'C:/Users/robin/Documents/GitHub/FPGA-GearBox---Group-Bertolini-Liberato/Gabriel_Files/Gearbox_Project.sim/sim_1/behav/xsim'
"xvhdl --incr --relax -prj dc_driver_pwm_vhdl.prj"
INFO: [USF-XSim-69] 'compile' step finished in '1' seconds
INFO: [USF-XSim-3] XSim::Elaborate design
INFO: [USF-XSim-61] Executing 'ELABORATE' step in 'C:/Users/robin/Documents/GitHub/FPGA-GearBox---Group-Bertolini-Liberato/Gabriel_Files/Gearbox_Project.sim/sim_1/behav/xsim'
"xelab --incr --debug typical --relax --mt 2 -L xil_defaultlib -L secureip --snapshot dc_driver_pwm_behav xil_defaultlib.dc_driver_pwm -log elaborate.log"
Vivado Simulator v2025.2
Copyright 1986-2022 Xilinx, Inc. All Rights Reserved.
Copyright 2022-2025 Advanced Micro Devices, Inc. All Rights Reserved.
Running: C:/AMDDesignTools/2025.2/Vivado/bin/unwrapped/win64.o/xelab.exe --incr --debug typical --relax --mt 2 -L xil_defaultlib -L secureip --snapshot dc_driver_pwm_behav xil_defaultlib.dc_driver_pwm -log elaborate.log 
Using 2 slave threads.
Starting static elaboration
Completed static elaboration
INFO: [XSIM 43-4323] No Change in HDL. Linking previously generated obj files to create kernel
INFO: [USF-XSim-69] 'elaborate' step finished in '1' seconds
INFO: [USF-XSim-4] XSim::Simulate design
INFO: [USF-XSim-61] Executing 'SIMULATE' step in 'C:/Users/robin/Documents/GitHub/FPGA-GearBox---Group-Bertolini-Liberato/Gabriel_Files/Gearbox_Project.sim/sim_1/behav/xsim'
INFO: [USF-XSim-98] *** Running xsim
   with args "dc_driver_pwm_behav -key {Behavioral:sim_1:Functional:dc_driver_pwm} -tclbatch {dc_driver_pwm.tcl} -log {simulate.log}"
INFO: [USF-XSim-8] Loading simulator feature
Time resolution is 1 ps
source dc_driver_pwm.tcl
# set curr_wave [current_wave_config]
# if { [string length $curr_wave] == 0 } {
#   if { [llength [get_objects]] > 0} {
#     add_wave /
#     set_property needs_save false [current_wave_config]
#   } else {
#      send_msg_id Add_Wave-1 WARNING "No top level signals found. Simulator will start without a wave window. If you want to open a wave window go to 'File->New Waveform Configuration' or type 'create_wave_config' in the TCL console."
#   }
# }
# run 1000ns
INFO: [USF-XSim-96] XSim completed. Design snapshot 'dc_driver_pwm_behav' loaded.
INFO: [USF-XSim-97] XSim simulation ran for 1000ns
synth_design -top main_motor_top_pwm -part xc7a35tcpg236-1 -lint 
Command: synth_design -top main_motor_top_pwm -part xc7a35tcpg236-1 -lint
Starting synth_design
Attempting to get a license for feature 'Synthesis' and/or device 'xc7a35t'
INFO: [Common 17-349] Got license for feature 'Synthesis' and/or device 'xc7a35t'
INFO: [Synth 8-7079] Multithreading enabled for synth_design using a maximum of 2 processes.
---------------------------------------------------------------------------------
Starting Synthesize : Time (s): cpu = 00:00:06 ; elapsed = 00:00:06 . Memory (MB): peak = 4635.273 ; gain = 0.000
---------------------------------------------------------------------------------
Clean up Linter database...
INFO: [Synth 8-638] synthesizing module 'main_motor_top_pwm' [C:/Users/robin/Documents/GitHub/FPGA-GearBox---Group-Bertolini-Liberato/Gabriel_Files/Gearbox_Project.srcs/sources_1/new/main_motor_top_pwm.vhd:24]
INFO: [Synth 8-3491] module 'stepper_position_controller' declared at 'C:/Users/robin/Documents/GitHub/FPGA-GearBox---Group-Bertolini-Liberato/Gabriel_Files/Gearbox_Project.srcs/sources_1/new/stepper_position_controller.vhd:5' bound to instance 'STEP1' of component 'stepper_position_controller' [C:/Users/robin/Documents/GitHub/FPGA-GearBox---Group-Bertolini-Liberato/Gabriel_Files/Gearbox_Project.srcs/sources_1/new/main_motor_top_pwm.vhd:94]
INFO: [Synth 8-638] synthesizing module 'stepper_position_controller' [C:/Users/robin/Documents/GitHub/FPGA-GearBox---Group-Bertolini-Liberato/Gabriel_Files/Gearbox_Project.srcs/sources_1/new/stepper_position_controller.vhd:19]
INFO: [Synth 8-256] done synthesizing module 'stepper_position_controller' (1#1) [C:/Users/robin/Documents/GitHub/FPGA-GearBox---Group-Bertolini-Liberato/Gabriel_Files/Gearbox_Project.srcs/sources_1/new/stepper_position_controller.vhd:19]
INFO: [Synth 8-3491] module 'stepper_position_controller' declared at 'C:/Users/robin/Documents/GitHub/FPGA-GearBox---Group-Bertolini-Liberato/Gabriel_Files/Gearbox_Project.srcs/sources_1/new/stepper_position_controller.vhd:5' bound to instance 'STEP2' of component 'stepper_position_controller' [C:/Users/robin/Documents/GitHub/FPGA-GearBox---Group-Bertolini-Liberato/Gabriel_Files/Gearbox_Project.srcs/sources_1/new/main_motor_top_pwm.vhd:99]
INFO: [Synth 8-256] done synthesizing module 'main_motor_top_pwm' (2#1) [C:/Users/robin/Documents/GitHub/FPGA-GearBox---Group-Bertolini-Liberato/Gabriel_Files/Gearbox_Project.srcs/sources_1/new/main_motor_top_pwm.vhd:24]
---------------------------------------------------------------------------------
Finished Synthesize : Time (s): cpu = 00:00:08 ; elapsed = 00:00:08 . Memory (MB): peak = 4635.273 ; gain = 0.000
---------------------------------------------------------------------------------
Copyright 1986-2022 Xilinx, Inc. All Rights Reserved. Copyright 2022-2025 Advanced Micro Devices, Inc. All Rights Reserved.
---------------------------------------------------------------------------------------------------------------------------------------------
| Tool Version : Vivado v.2025.2 (win64) Build 6299465 Fri Nov 14 19:35:11 GMT 2025
| Date         : Tue May 19 17:16:53 2026
| Host         : PcBobin running 64-bit major release  (build 9200)
---------------------------------------------------------------------------------------------------------------------------------------------

RTL Linter Report

Table of Contents
-----------------
1. Summary

1. Summary
----------

+-----------+------------------+--------------+----------+
| Rule ID   | Severity         | # Violations | # Waived |
+-----------+------------------+--------------+----------+
| ASSIGN-7  | CRITICAL WARNING | 2            | 0        |
| ASSIGN-10 | WARNING          | 6            | 0        |
| RESET-3   | CRITICAL WARNING | 5            | 0        |
+-----------+------------------+--------------+----------+


CRITICAL WARNING: [Synth 37-90] [ASSIGN-7]Multiple assignments detected on array s1_target, first multi-driven bit index is 0.
RTL Name 's1_target', Hierarchy 'main_motor_top_pwm', File 'C:/Users/robin/Documents/GitHub/FPGA-GearBox---Group-Bertolini-Liberato/Gabriel_Files/Gearbox_Project.srcs/sources_1/new/main_motor_top_pwm.vhd', Line 49.
CRITICAL WARNING: [Synth 37-90] [ASSIGN-7]Multiple assignments detected on array s2_target, first multi-driven bit index is 0.
RTL Name 's2_target', Hierarchy 'main_motor_top_pwm', File 'C:/Users/robin/Documents/GitHub/FPGA-GearBox---Group-Bertolini-Liberato/Gabriel_Files/Gearbox_Project.srcs/sources_1/new/main_motor_top_pwm.vhd', Line 49.
WARNING: [Synth 37-125] [ASSIGN-10]Some bits in IO 'btnC' are not read. First unread bit index is 0. 
RTL Name 'btnC', Hierarchy 'main_motor_top_pwm', File 'main_motor_top_pwm.vhd', Line 8.
WARNING: [Synth 37-125] [ASSIGN-10]Some bits in IO 'btnD' are not read. First unread bit index is 0. 
RTL Name 'btnD', Hierarchy 'main_motor_top_pwm', File 'main_motor_top_pwm.vhd', Line 12.
WARNING: [Synth 37-125] [ASSIGN-10]Some bits in IO 'btnL' are not read. First unread bit index is 0. 
RTL Name 'btnL', Hierarchy 'main_motor_top_pwm', File 'main_motor_top_pwm.vhd', Line 10.
WARNING: [Synth 37-125] [ASSIGN-10]Some bits in IO 'btnR' are not read. First unread bit index is 0. 
RTL Name 'btnR', Hierarchy 'main_motor_top_pwm', File 'main_motor_top_pwm.vhd', Line 11.
WARNING: [Synth 37-125] [ASSIGN-10]Some bits in IO 'btnU' are not read. First unread bit index is 0. 
RTL Name 'btnU', Hierarchy 'main_motor_top_pwm', File 'main_motor_top_pwm.vhd', Line 9.
WARNING: [Synth 37-125] [ASSIGN-10]Some bits in IO 'sw' are not read. First unread bit index is 1. 
RTL Name 'sw', Hierarchy 'main_motor_top_pwm', File 'main_motor_top_pwm.vhd', Line 13.
CRITICAL WARNING: [Synth 37-111] [RESET-3]Synchronous reset not found on register current_pos_reg and its enable logic contains synchronous reset in same always/process block.
RTL Name 'current_pos_reg', Hierarchy 'stepper_position_controller', File 'C:/Users/robin/Documents/GitHub/FPGA-GearBox---Group-Bertolini-Liberato/Gabriel_Files/Gearbox_Project.srcs/sources_1/new/stepper_position_controller.vhd', Line 39.
CRITICAL WARNING: [Synth 37-111] [RESET-3]Synchronous reset not found on register homing_steps_reg and its enable logic contains synchronous reset in same always/process block.
RTL Name 'homing_steps_reg', Hierarchy 'stepper_position_controller', File 'C:/Users/robin/Documents/GitHub/FPGA-GearBox---Group-Bertolini-Liberato/Gabriel_Files/Gearbox_Project.srcs/sources_1/new/stepper_position_controller.vhd', Line 39.
CRITICAL WARNING: [Synth 37-111] [RESET-3]Synchronous reset not found on register step_state_reg and its enable logic contains synchronous reset in same always/process block.
RTL Name 'step_state_reg', Hierarchy 'stepper_position_controller', File 'C:/Users/robin/Documents/GitHub/FPGA-GearBox---Group-Bertolini-Liberato/Gabriel_Files/Gearbox_Project.srcs/sources_1/new/stepper_position_controller.vhd', Line 39.
CRITICAL WARNING: [Synth 37-111] [RESET-3]Synchronous reset not found on register tick_cnt_reg and its enable logic contains synchronous reset in same always/process block.
RTL Name 'tick_cnt_reg', Hierarchy 'stepper_position_controller', File 'C:/Users/robin/Documents/GitHub/FPGA-GearBox---Group-Bertolini-Liberato/Gabriel_Files/Gearbox_Project.srcs/sources_1/new/stepper_position_controller.vhd', Line 39.
CRITICAL WARNING: [Synth 37-111] [RESET-3]Synchronous reset not found on register wait_cnt_reg and its enable logic contains synchronous reset in same always/process block.
RTL Name 'wait_cnt_reg', Hierarchy 'stepper_position_controller', File 'C:/Users/robin/Documents/GitHub/FPGA-GearBox---Group-Bertolini-Liberato/Gabriel_Files/Gearbox_Project.srcs/sources_1/new/stepper_position_controller.vhd', Line 39.
INFO: [Synth 37-85] Total of 13 linter message(s) generated.
INFO: [Synth 37-45] Linter Run Finished!
Synthesis Optimization Runtime : Time (s): cpu = 00:00:08 ; elapsed = 00:00:08 . Memory (MB): peak = 4635.273 ; gain = 0.000
INFO: [Common 17-83] Releasing license: Synthesis
11 Infos, 6 Warnings, 7 Critical Warnings and 0 Errors encountered.
synth_design completed successfully
synth_design: Time (s): cpu = 00:00:08 ; elapsed = 00:00:08 . Memory (MB): peak = 4635.273 ; gain = 0.000
reset_run synth_1
INFO: [Project 1-1161] Replacing file C:/Users/robin/Documents/GitHub/FPGA-GearBox---Group-Bertolini-Liberato/Gabriel_Files/Gearbox_Project.srcs/utils_1/imports/synth_1/main_motor_top_pwm.dcp with file C:/Users/robin/Documents/GitHub/FPGA-GearBox---Group-Bertolini-Liberato/Gabriel_Files/Gearbox_Project.runs/synth_1/main_motor_top_pwm.dcp
WARNING: [Vivado 12-1017] Problems encountered:
1. Failed to delete one or more files in run directory C:/Users/robin/Documents/GitHub/FPGA-GearBox---Group-Bertolini-Liberato/Gabriel_Files/Gearbox_Project.runs/synth_1

launch_runs synth_1 -jobs 20
[Tue May 19 17:17:01 2026] Launched synth_1...
Run output will be captured here: C:/Users/robin/Documents/GitHub/FPGA-GearBox---Group-Bertolini-Liberato/Gabriel_Files/Gearbox_Project.runs/synth_1/runme.log
WARNING: [filemgmt 56-199] Attempt to get parsing info during refresh. "On-the-fly" syntax checking information may be incorrect. [C:\Users\robin\Documents\GitHub\FPGA-GearBox---Group-Bertolini-Liberato\Gabriel_Files\Gearbox_Project.srcs\sources_1\new\stepper_position_controller.vhd:]
WARNING: [filemgmt 56-199] Attempt to get parsing info during refresh. "On-the-fly" syntax checking information may be incorrect. [C:\Users\robin\Documents\GitHub\FPGA-GearBox---Group-Bertolini-Liberato\Gabriel_Files\Gearbox_Project.srcs\sources_1\new\main_motor_top_pwm.vhd:]
WARNING: [filemgmt 56-199] Attempt to get parsing info during refresh. "On-the-fly" syntax checking information may be incorrect. [C:\Users\robin\Documents\GitHub\FPGA-GearBox---Group-Bertolini-Liberato\Gabriel_Files\Gearbox_Project.srcs\sources_1\new\dc_driver_pwm.vhd:]
WARNING: [filemgmt 56-199] Attempt to get parsing info during refresh. "On-the-fly" syntax checking information may be incorrect. [C:\Users\robin\Documents\GitHub\FPGA-GearBox---Group-Bertolini-Liberato\Gabriel_Files\Gearbox_Project.srcs\sources_1\new\pwm_generator.vhd:]
WARNING: [filemgmt 56-199] Attempt to get parsing info during refresh. "On-the-fly" syntax checking information may be incorrect. [C:\Users\robin\Documents\GitHub\FPGA-GearBox---Group-Bertolini-Liberato\Gabriel_Files\Gearbox_Project.srcs\sources_1\new\stepper_motor_ctrl.vhd:]
WARNING: [filemgmt 56-199] Attempt to get parsing info during refresh. "On-the-fly" syntax checking information may be incorrect. [C:\Users\robin\Documents\GitHub\FPGA-GearBox---Group-Bertolini-Liberato\Gabriel_Files\Gearbox_Project.srcs\sources_1\new\main_motor_top_pwm.vhd:]
WARNING: [filemgmt 56-199] Attempt to get parsing info during refresh. "On-the-fly" syntax checking information may be incorrect. [C:\Users\robin\Documents\GitHub\FPGA-GearBox---Group-Bertolini-Liberato\Gabriel_Files\Gearbox_Project.srcs\sources_1\new\main_motor_top_pwm.vhd:]
WARNING: [filemgmt 56-199] Attempt to get parsing info during refresh. "On-the-fly" syntax checking information may be incorrect. [C:\Users\robin\Documents\GitHub\FPGA-GearBox---Group-Bertolini-Liberato\Gabriel_Files\Gearbox_Project.srcs\sources_1\new\stepper_position_controller.vhd:]
WARNING: [filemgmt 56-199] Attempt to get parsing info during refresh. "On-the-fly" syntax checking information may be incorrect. [C:\Users\robin\Documents\GitHub\FPGA-GearBox---Group-Bertolini-Liberato\Gabriel_Files\Gearbox_Project.srcs\sources_1\new\main_motor_top_pwm.vhd:]
WARNING: [filemgmt 56-199] Attempt to get parsing info during refresh. "On-the-fly" syntax checking information may be incorrect. [C:\Users\robin\Documents\GitHub\FPGA-GearBox---Group-Bertolini-Liberato\Gabriel_Files\Gearbox_Project.srcs\sources_1\new\dc_driver_pwm.vhd:]
WARNING: [filemgmt 56-199] Attempt to get parsing info during refresh. "On-the-fly" syntax checking information may be incorrect. [C:\Users\robin\Documents\GitHub\FPGA-GearBox---Group-Bertolini-Liberato\Gabriel_Files\Gearbox_Project.srcs\sources_1\new\pwm_generator.vhd:]
WARNING: [filemgmt 56-199] Attempt to get parsing info during refresh. "On-the-fly" syntax checking information may be incorrect. [C:\Users\robin\Documents\GitHub\FPGA-GearBox---Group-Bertolini-Liberato\Gabriel_Files\Gearbox_Project.srcs\sources_1\new\stepper_motor_ctrl.vhd:]
WARNING: [filemgmt 56-199] Attempt to get parsing info during refresh. "On-the-fly" syntax checking information may be incorrect. [C:\Users\robin\Documents\GitHub\FPGA-GearBox---Group-Bertolini-Liberato\Gabriel_Files\Gearbox_Project.srcs\sources_1\new\pwm_generator.vhd:]
WARNING: [filemgmt 56-199] Attempt to get parsing info during refresh. "On-the-fly" syntax checking information may be incorrect. [C:\Users\robin\Documents\GitHub\FPGA-GearBox---Group-Bertolini-Liberato\Gabriel_Files\Gearbox_Project.srcs\sources_1\new\pwm_generator.vhd:]
WARNING: [filemgmt 56-199] Attempt to get parsing info during refresh. "On-the-fly" syntax checking information may be incorrect. [C:\Users\robin\Documents\GitHub\FPGA-GearBox---Group-Bertolini-Liberato\Gabriel_Files\Gearbox_Project.srcs\sources_1\new\stepper_position_controller.vhd:]
WARNING: [filemgmt 56-199] Attempt to get parsing info during refresh. "On-the-fly" syntax checking information may be incorrect. [C:\Users\robin\Documents\GitHub\FPGA-GearBox---Group-Bertolini-Liberato\Gabriel_Files\Gearbox_Project.srcs\sources_1\new\main_motor_top_pwm.vhd:]
WARNING: [filemgmt 56-199] Attempt to get parsing info during refresh. "On-the-fly" syntax checking information may be incorrect. [C:\Users\robin\Documents\GitHub\FPGA-GearBox---Group-Bertolini-Liberato\Gabriel_Files\Gearbox_Project.srcs\sources_1\new\dc_driver_pwm.vhd:]
WARNING: [filemgmt 56-199] Attempt to get parsing info during refresh. "On-the-fly" syntax checking information may be incorrect. [C:\Users\robin\Documents\GitHub\FPGA-GearBox---Group-Bertolini-Liberato\Gabriel_Files\Gearbox_Project.srcs\sources_1\new\pwm_generator.vhd:]
WARNING: [filemgmt 56-199] Attempt to get parsing info during refresh. "On-the-fly" syntax checking information may be incorrect. [C:\Users\robin\Documents\GitHub\FPGA-GearBox---Group-Bertolini-Liberato\Gabriel_Files\Gearbox_Project.srcs\sources_1\new\stepper_motor_ctrl.vhd:]
WARNING: [filemgmt 56-199] Attempt to get parsing info during refresh. "On-the-fly" syntax checking information may be incorrect. [C:\Users\robin\Documents\GitHub\FPGA-GearBox---Group-Bertolini-Liberato\Gabriel_Files\Gearbox_Project.srcs\sources_1\new\stepper_motor_ctrl.vhd:]
WARNING: [filemgmt 56-199] Attempt to get parsing info during refresh. "On-the-fly" syntax checking information may be incorrect. [C:\Users\robin\Documents\GitHub\FPGA-GearBox---Group-Bertolini-Liberato\Gabriel_Files\Gearbox_Project.srcs\sources_1\new\stepper_motor_ctrl.vhd:]
ERROR: [Common 17-180] Spawn failed: The operation completed successfully.

WARNING: [filemgmt 56-199] Attempt to get parsing info during refresh. "On-the-fly" syntax checking information may be incorrect. [C:\Users\robin\Documents\GitHub\FPGA-GearBox---Group-Bertolini-Liberato\Gabriel_Files\Gearbox_Project.srcs\sources_1\new\stepper_position_controller.vhd:]
WARNING: [filemgmt 56-199] Attempt to get parsing info during refresh. "On-the-fly" syntax checking information may be incorrect. [C:\Users\robin\Documents\GitHub\FPGA-GearBox---Group-Bertolini-Liberato\Gabriel_Files\Gearbox_Project.srcs\sources_1\new\main_motor_top_pwm.vhd:]
WARNING: [filemgmt 56-199] Attempt to get parsing info during refresh. "On-the-fly" syntax checking information may be incorrect. [C:\Users\robin\Documents\GitHub\FPGA-GearBox---Group-Bertolini-Liberato\Gabriel_Files\Gearbox_Project.srcs\sources_1\new\dc_driver_pwm.vhd:]
WARNING: [filemgmt 56-199] Attempt to get parsing info during refresh. "On-the-fly" syntax checking information may be incorrect. [C:\Users\robin\Documents\GitHub\FPGA-GearBox---Group-Bertolini-Liberato\Gabriel_Files\Gearbox_Project.srcs\sources_1\new\pwm_generator.vhd:]
WARNING: [filemgmt 56-199] Attempt to get parsing info during refresh. "On-the-fly" syntax checking information may be incorrect. [C:\Users\robin\Documents\GitHub\FPGA-GearBox---Group-Bertolini-Liberato\Gabriel_Files\Gearbox_Project.srcs\sources_1\new\stepper_motor_ctrl.vhd:]
WARNING: [filemgmt 56-199] Attempt to get parsing info during refresh. "On-the-fly" syntax checking information may be incorrect. [C:\Users\robin\Documents\GitHub\FPGA-GearBox---Group-Bertolini-Liberato\Gabriel_Files\Gearbox_Project.srcs\sources_1\new\stepper_position_controller.vhd:]
WARNING: [filemgmt 56-199] Attempt to get parsing info during refresh. "On-the-fly" syntax checking information may be incorrect. [C:\Users\robin\Documents\GitHub\FPGA-GearBox---Group-Bertolini-Liberato\Gabriel_Files\Gearbox_Project.srcs\sources_1\new\stepper_position_controller.vhd:]
ERROR: [Common 17-180] Spawn failed: The operation completed successfully.

launch_runs impl_1 -jobs 20
[Tue May 19 17:18:05 2026] Launched impl_1...
Run output will be captured here: C:/Users/robin/Documents/GitHub/FPGA-GearBox---Group-Bertolini-Liberato/Gabriel_Files/Gearbox_Project.runs/impl_1/runme.log
launch_runs impl_1 -to_step write_bitstream -jobs 20
[Tue May 19 17:19:33 2026] Launched impl_1...
Run output will be captured here: C:/Users/robin/Documents/GitHub/FPGA-GearBox---Group-Bertolini-Liberato/Gabriel_Files/Gearbox_Project.runs/impl_1/runme.log
set_property PROBES.FILE {} [get_hw_devices xc7a35t_0]
set_property FULL_PROBES.FILE {} [get_hw_devices xc7a35t_0]
set_property PROGRAM.FILE {C:/Users/robin/Documents/GitHub/FPGA-GearBox---Group-Bertolini-Liberato/Gabriel_Files/Gearbox_Project.runs/impl_1/main_motor_top_pwm.bit} [get_hw_devices xc7a35t_0]
program_hw_devices [get_hw_devices xc7a35t_0]
INFO: [Labtools 27-3164] End of startup status: HIGH
refresh_hw_device [lindex [get_hw_devices xc7a35t_0] 0]
INFO: [Labtools 27-1434] Device xc7a35t (JTAG device index = 0) is programmed with a design that has no supported soft debug core(s) in it.
WARNING: [filemgmt 56-199] Attempt to get parsing info during refresh. "On-the-fly" syntax checking information may be incorrect. [C:\Users\robin\Documents\GitHub\FPGA-GearBox---Group-Bertolini-Liberato\Gabriel_Files\Gearbox_Project.srcs\sources_1\new\stepper_position_controller.vhd:]
WARNING: [filemgmt 56-199] Attempt to get parsing info during refresh. "On-the-fly" syntax checking information may be incorrect. [C:\Users\robin\Documents\GitHub\FPGA-GearBox---Group-Bertolini-Liberato\Gabriel_Files\Gearbox_Project.srcs\sources_1\new\main_motor_top_pwm.vhd:]
WARNING: [filemgmt 56-199] Attempt to get parsing info during refresh. "On-the-fly" syntax checking information may be incorrect. [C:\Users\robin\Documents\GitHub\FPGA-GearBox---Group-Bertolini-Liberato\Gabriel_Files\Gearbox_Project.srcs\sources_1\new\dc_driver_pwm.vhd:]
WARNING: [filemgmt 56-199] Attempt to get parsing info during refresh. "On-the-fly" syntax checking information may be incorrect. [C:\Users\robin\Documents\GitHub\FPGA-GearBox---Group-Bertolini-Liberato\Gabriel_Files\Gearbox_Project.srcs\sources_1\new\pwm_generator.vhd:]
WARNING: [filemgmt 56-199] Attempt to get parsing info during refresh. "On-the-fly" syntax checking information may be incorrect. [C:\Users\robin\Documents\GitHub\FPGA-GearBox---Group-Bertolini-Liberato\Gabriel_Files\Gearbox_Project.srcs\sources_1\new\stepper_motor_ctrl.vhd:]
WARNING: [filemgmt 56-199] Attempt to get parsing info during refresh. "On-the-fly" syntax checking information may be incorrect. [C:\Users\robin\Documents\GitHub\FPGA-GearBox---Group-Bertolini-Liberato\Gabriel_Files\Gearbox_Project.srcs\sources_1\new\stepper_motor_ctrl.vhd:]
WARNING: [filemgmt 56-199] Attempt to get parsing info during refresh. "On-the-fly" syntax checking information may be incorrect. [C:\Users\robin\Documents\GitHub\FPGA-GearBox---Group-Bertolini-Liberato\Gabriel_Files\Gearbox_Project.srcs\sources_1\new\stepper_motor_ctrl.vhd:]
WARNING: [filemgmt 56-199] Attempt to get parsing info during refresh. "On-the-fly" syntax checking information may be incorrect. [C:\Users\robin\Documents\GitHub\FPGA-GearBox---Group-Bertolini-Liberato\Gabriel_Files\Gearbox_Project.srcs\sources_1\new\stepper_position_controller.vhd:]
WARNING: [filemgmt 56-199] Attempt to get parsing info during refresh. "On-the-fly" syntax checking information may be incorrect. [C:\Users\robin\Documents\GitHub\FPGA-GearBox---Group-Bertolini-Liberato\Gabriel_Files\Gearbox_Project.srcs\sources_1\new\main_motor_top_pwm.vhd:]
WARNING: [filemgmt 56-199] Attempt to get parsing info during refresh. "On-the-fly" syntax checking information may be incorrect. [C:\Users\robin\Documents\GitHub\FPGA-GearBox---Group-Bertolini-Liberato\Gabriel_Files\Gearbox_Project.srcs\sources_1\new\dc_driver_pwm.vhd:]
WARNING: [filemgmt 56-199] Attempt to get parsing info during refresh. "On-the-fly" syntax checking information may be incorrect. [C:\Users\robin\Documents\GitHub\FPGA-GearBox---Group-Bertolini-Liberato\Gabriel_Files\Gearbox_Project.srcs\sources_1\new\pwm_generator.vhd:]
WARNING: [filemgmt 56-199] Attempt to get parsing info during refresh. "On-the-fly" syntax checking information may be incorrect. [C:\Users\robin\Documents\GitHub\FPGA-GearBox---Group-Bertolini-Liberato\Gabriel_Files\Gearbox_Project.srcs\sources_1\new\stepper_motor_ctrl.vhd:]
WARNING: [filemgmt 56-199] Attempt to get parsing info during refresh. "On-the-fly" syntax checking information may be incorrect. [C:\Users\robin\Documents\GitHub\FPGA-GearBox---Group-Bertolini-Liberato\Gabriel_Files\Gearbox_Project.srcs\sources_1\new\dc_driver_pwm.vhd:]
WARNING: [filemgmt 56-199] Attempt to get parsing info during refresh. "On-the-fly" syntax checking information may be incorrect. [C:\Users\robin\Documents\GitHub\FPGA-GearBox---Group-Bertolini-Liberato\Gabriel_Files\Gearbox_Project.srcs\sources_1\new\dc_driver_pwm.vhd:]
WARNING: [filemgmt 56-199] Attempt to get parsing info during refresh. "On-the-fly" syntax checking information may be incorrect. [C:\Users\robin\Documents\GitHub\FPGA-GearBox---Group-Bertolini-Liberato\Gabriel_Files\Gearbox_Project.srcs\sources_1\new\stepper_position_controller.vhd:]
WARNING: [filemgmt 56-199] Attempt to get parsing info during refresh. "On-the-fly" syntax checking information may be incorrect. [C:\Users\robin\Documents\GitHub\FPGA-GearBox---Group-Bertolini-Liberato\Gabriel_Files\Gearbox_Project.srcs\sources_1\new\main_motor_top_pwm.vhd:]
WARNING: [filemgmt 56-199] Attempt to get parsing info during refresh. "On-the-fly" syntax checking information may be incorrect. [C:\Users\robin\Documents\GitHub\FPGA-GearBox---Group-Bertolini-Liberato\Gabriel_Files\Gearbox_Project.srcs\sources_1\new\dc_driver_pwm.vhd:]
WARNING: [filemgmt 56-199] Attempt to get parsing info during refresh. "On-the-fly" syntax checking information may be incorrect. [C:\Users\robin\Documents\GitHub\FPGA-GearBox---Group-Bertolini-Liberato\Gabriel_Files\Gearbox_Project.srcs\sources_1\new\pwm_generator.vhd:]
WARNING: [filemgmt 56-199] Attempt to get parsing info during refresh. "On-the-fly" syntax checking information may be incorrect. [C:\Users\robin\Documents\GitHub\FPGA-GearBox---Group-Bertolini-Liberato\Gabriel_Files\Gearbox_Project.srcs\sources_1\new\stepper_motor_ctrl.vhd:]
WARNING: [filemgmt 56-199] Attempt to get parsing info during refresh. "On-the-fly" syntax checking information may be incorrect. [C:\Users\robin\Documents\GitHub\FPGA-GearBox---Group-Bertolini-Liberato\Gabriel_Files\Gearbox_Project.srcs\sources_1\new\pwm_generator.vhd:]
WARNING: [filemgmt 56-199] Attempt to get parsing info during refresh. "On-the-fly" syntax checking information may be incorrect. [C:\Users\robin\Documents\GitHub\FPGA-GearBox---Group-Bertolini-Liberato\Gabriel_Files\Gearbox_Project.srcs\sources_1\new\pwm_generator.vhd:]
ERROR: [Common 17-180] Spawn failed: The operation completed successfully.

close_sim
INFO: [Simtcl 6-16] Simulation closed
launch_simulation
Command: launch_simulation 
INFO: [Vivado 12-25911] Executing simulation for 'XSim' simulator
INFO: [Vivado 12-28535] Process started - Tue May 19 17:23:15 2026

INFO: [Vivado 12-12493] Simulation top is 'dc_driver_pwm'
INFO: [Vivado 12-5682] Launching behavioral simulation in 'C:/Users/robin/Documents/GitHub/FPGA-GearBox---Group-Bertolini-Liberato/Gabriel_Files/Gearbox_Project.sim/sim_1/behav/xsim'
INFO: [SIM-utils-51] Simulation object is 'sim_1'
INFO: [SIM-utils-72] Using boost library from 'C:/AMDDesignTools/2025.2/Vivado/tps/boost_1_72_0'
INFO: [SIM-utils-54] Inspecting design source files for 'dc_driver_pwm' in fileset 'sim_1'...
INFO: [USF-XSim-97] Finding global include files...
INFO: [USF-XSim-98] Fetching design files from 'sim_1'...
INFO: [USF-XSim-2] XSim::Compile design
INFO: [USF-XSim-61] Executing 'COMPILE and ANALYZE' step in 'C:/Users/robin/Documents/GitHub/FPGA-GearBox---Group-Bertolini-Liberato/Gabriel_Files/Gearbox_Project.sim/sim_1/behav/xsim'
"xvhdl --incr --relax -prj dc_driver_pwm_vhdl.prj"
INFO: [USF-XSim-69] 'compile' step finished in '1' seconds
INFO: [USF-XSim-3] XSim::Elaborate design
INFO: [USF-XSim-61] Executing 'ELABORATE' step in 'C:/Users/robin/Documents/GitHub/FPGA-GearBox---Group-Bertolini-Liberato/Gabriel_Files/Gearbox_Project.sim/sim_1/behav/xsim'
"xelab --incr --debug typical --relax --mt 2 -L xil_defaultlib -L secureip --snapshot dc_driver_pwm_behav xil_defaultlib.dc_driver_pwm -log elaborate.log"
Vivado Simulator v2025.2
Copyright 1986-2022 Xilinx, Inc. All Rights Reserved.
Copyright 2022-2025 Advanced Micro Devices, Inc. All Rights Reserved.
Running: C:/AMDDesignTools/2025.2/Vivado/bin/unwrapped/win64.o/xelab.exe --incr --debug typical --relax --mt 2 -L xil_defaultlib -L secureip --snapshot dc_driver_pwm_behav xil_defaultlib.dc_driver_pwm -log elaborate.log 
Using 2 slave threads.
Starting static elaboration
Completed static elaboration
INFO: [XSIM 43-4323] No Change in HDL. Linking previously generated obj files to create kernel
INFO: [USF-XSim-69] 'elaborate' step finished in '2' seconds
INFO: [USF-XSim-4] XSim::Simulate design
INFO: [USF-XSim-61] Executing 'SIMULATE' step in 'C:/Users/robin/Documents/GitHub/FPGA-GearBox---Group-Bertolini-Liberato/Gabriel_Files/Gearbox_Project.sim/sim_1/behav/xsim'
INFO: [USF-XSim-98] *** Running xsim
   with args "dc_driver_pwm_behav -key {Behavioral:sim_1:Functional:dc_driver_pwm} -tclbatch {dc_driver_pwm.tcl} -log {simulate.log}"
INFO: [USF-XSim-8] Loading simulator feature
Time resolution is 1 ps
source dc_driver_pwm.tcl
# set curr_wave [current_wave_config]
# if { [string length $curr_wave] == 0 } {
#   if { [llength [get_objects]] > 0} {
#     add_wave /
#     set_property needs_save false [current_wave_config]
#   } else {
#      send_msg_id Add_Wave-1 WARNING "No top level signals found. Simulator will start without a wave window. If you want to open a wave window go to 'File->New Waveform Configuration' or type 'create_wave_config' in the TCL console."
#   }
# }
# run 1000ns
INFO: [USF-XSim-96] XSim completed. Design snapshot 'dc_driver_pwm_behav' loaded.
INFO: [USF-XSim-97] XSim simulation ran for 1000ns
synth_design -top main_motor_top_pwm -part xc7a35tcpg236-1 -lint 
Command: synth_design -top main_motor_top_pwm -part xc7a35tcpg236-1 -lint
Starting synth_design
Attempting to get a license for feature 'Synthesis' and/or device 'xc7a35t'
INFO: [Common 17-349] Got license for feature 'Synthesis' and/or device 'xc7a35t'
INFO: [Synth 8-7079] Multithreading enabled for synth_design using a maximum of 2 processes.
---------------------------------------------------------------------------------
Starting Synthesize : Time (s): cpu = 00:00:06 ; elapsed = 00:00:06 . Memory (MB): peak = 4635.273 ; gain = 0.000
---------------------------------------------------------------------------------
Clean up Linter database...
INFO: [Synth 8-638] synthesizing module 'main_motor_top_pwm' [C:/Users/robin/Documents/GitHub/FPGA-GearBox---Group-Bertolini-Liberato/Gabriel_Files/Gearbox_Project.srcs/sources_1/new/main_motor_top_pwm.vhd:24]
INFO: [Synth 8-3491] module 'stepper_position_controller' declared at 'C:/Users/robin/Documents/GitHub/FPGA-GearBox---Group-Bertolini-Liberato/Gabriel_Files/Gearbox_Project.srcs/sources_1/new/stepper_position_controller.vhd:5' bound to instance 'STEP1' of component 'stepper_position_controller' [C:/Users/robin/Documents/GitHub/FPGA-GearBox---Group-Bertolini-Liberato/Gabriel_Files/Gearbox_Project.srcs/sources_1/new/main_motor_top_pwm.vhd:94]
INFO: [Synth 8-638] synthesizing module 'stepper_position_controller' [C:/Users/robin/Documents/GitHub/FPGA-GearBox---Group-Bertolini-Liberato/Gabriel_Files/Gearbox_Project.srcs/sources_1/new/stepper_position_controller.vhd:19]
INFO: [Synth 8-256] done synthesizing module 'stepper_position_controller' (1#1) [C:/Users/robin/Documents/GitHub/FPGA-GearBox---Group-Bertolini-Liberato/Gabriel_Files/Gearbox_Project.srcs/sources_1/new/stepper_position_controller.vhd:19]
INFO: [Synth 8-3491] module 'stepper_position_controller' declared at 'C:/Users/robin/Documents/GitHub/FPGA-GearBox---Group-Bertolini-Liberato/Gabriel_Files/Gearbox_Project.srcs/sources_1/new/stepper_position_controller.vhd:5' bound to instance 'STEP2' of component 'stepper_position_controller' [C:/Users/robin/Documents/GitHub/FPGA-GearBox---Group-Bertolini-Liberato/Gabriel_Files/Gearbox_Project.srcs/sources_1/new/main_motor_top_pwm.vhd:99]
INFO: [Synth 8-256] done synthesizing module 'main_motor_top_pwm' (2#1) [C:/Users/robin/Documents/GitHub/FPGA-GearBox---Group-Bertolini-Liberato/Gabriel_Files/Gearbox_Project.srcs/sources_1/new/main_motor_top_pwm.vhd:24]
---------------------------------------------------------------------------------
Finished Synthesize : Time (s): cpu = 00:00:08 ; elapsed = 00:00:08 . Memory (MB): peak = 4635.273 ; gain = 0.000
---------------------------------------------------------------------------------
Copyright 1986-2022 Xilinx, Inc. All Rights Reserved. Copyright 2022-2025 Advanced Micro Devices, Inc. All Rights Reserved.
---------------------------------------------------------------------------------------------------------------------------------------------
| Tool Version : Vivado v.2025.2 (win64) Build 6299465 Fri Nov 14 19:35:11 GMT 2025
| Date         : Tue May 19 17:24:26 2026
| Host         : PcBobin running 64-bit major release  (build 9200)
---------------------------------------------------------------------------------------------------------------------------------------------

RTL Linter Report

Table of Contents
-----------------
1. Summary

1. Summary
----------

+-----------+------------------+--------------+----------+
| Rule ID   | Severity         | # Violations | # Waived |
+-----------+------------------+--------------+----------+
| ASSIGN-7  | CRITICAL WARNING | 2            | 0        |
| ASSIGN-10 | WARNING          | 6            | 0        |
| RESET-3   | CRITICAL WARNING | 5            | 0        |
+-----------+------------------+--------------+----------+


CRITICAL WARNING: [Synth 37-90] [ASSIGN-7]Multiple assignments detected on array s1_target, first multi-driven bit index is 0.
RTL Name 's1_target', Hierarchy 'main_motor_top_pwm', File 'C:/Users/robin/Documents/GitHub/FPGA-GearBox---Group-Bertolini-Liberato/Gabriel_Files/Gearbox_Project.srcs/sources_1/new/main_motor_top_pwm.vhd', Line 49.
CRITICAL WARNING: [Synth 37-90] [ASSIGN-7]Multiple assignments detected on array s2_target, first multi-driven bit index is 0.
RTL Name 's2_target', Hierarchy 'main_motor_top_pwm', File 'C:/Users/robin/Documents/GitHub/FPGA-GearBox---Group-Bertolini-Liberato/Gabriel_Files/Gearbox_Project.srcs/sources_1/new/main_motor_top_pwm.vhd', Line 49.
WARNING: [Synth 37-125] [ASSIGN-10]Some bits in IO 'btnC' are not read. First unread bit index is 0. 
RTL Name 'btnC', Hierarchy 'main_motor_top_pwm', File 'main_motor_top_pwm.vhd', Line 8.
WARNING: [Synth 37-125] [ASSIGN-10]Some bits in IO 'btnD' are not read. First unread bit index is 0. 
RTL Name 'btnD', Hierarchy 'main_motor_top_pwm', File 'main_motor_top_pwm.vhd', Line 12.
WARNING: [Synth 37-125] [ASSIGN-10]Some bits in IO 'btnL' are not read. First unread bit index is 0. 
RTL Name 'btnL', Hierarchy 'main_motor_top_pwm', File 'main_motor_top_pwm.vhd', Line 10.
WARNING: [Synth 37-125] [ASSIGN-10]Some bits in IO 'btnR' are not read. First unread bit index is 0. 
RTL Name 'btnR', Hierarchy 'main_motor_top_pwm', File 'main_motor_top_pwm.vhd', Line 11.
WARNING: [Synth 37-125] [ASSIGN-10]Some bits in IO 'btnU' are not read. First unread bit index is 0. 
RTL Name 'btnU', Hierarchy 'main_motor_top_pwm', File 'main_motor_top_pwm.vhd', Line 9.
WARNING: [Synth 37-125] [ASSIGN-10]Some bits in IO 'sw' are not read. First unread bit index is 1. 
RTL Name 'sw', Hierarchy 'main_motor_top_pwm', File 'main_motor_top_pwm.vhd', Line 13.
CRITICAL WARNING: [Synth 37-111] [RESET-3]Synchronous reset not found on register current_pos_reg and its enable logic contains synchronous reset in same always/process block.
RTL Name 'current_pos_reg', Hierarchy 'stepper_position_controller', File 'C:/Users/robin/Documents/GitHub/FPGA-GearBox---Group-Bertolini-Liberato/Gabriel_Files/Gearbox_Project.srcs/sources_1/new/stepper_position_controller.vhd', Line 39.
CRITICAL WARNING: [Synth 37-111] [RESET-3]Synchronous reset not found on register homing_steps_reg and its enable logic contains synchronous reset in same always/process block.
RTL Name 'homing_steps_reg', Hierarchy 'stepper_position_controller', File 'C:/Users/robin/Documents/GitHub/FPGA-GearBox---Group-Bertolini-Liberato/Gabriel_Files/Gearbox_Project.srcs/sources_1/new/stepper_position_controller.vhd', Line 39.
CRITICAL WARNING: [Synth 37-111] [RESET-3]Synchronous reset not found on register step_state_reg and its enable logic contains synchronous reset in same always/process block.
RTL Name 'step_state_reg', Hierarchy 'stepper_position_controller', File 'C:/Users/robin/Documents/GitHub/FPGA-GearBox---Group-Bertolini-Liberato/Gabriel_Files/Gearbox_Project.srcs/sources_1/new/stepper_position_controller.vhd', Line 39.
CRITICAL WARNING: [Synth 37-111] [RESET-3]Synchronous reset not found on register tick_cnt_reg and its enable logic contains synchronous reset in same always/process block.
RTL Name 'tick_cnt_reg', Hierarchy 'stepper_position_controller', File 'C:/Users/robin/Documents/GitHub/FPGA-GearBox---Group-Bertolini-Liberato/Gabriel_Files/Gearbox_Project.srcs/sources_1/new/stepper_position_controller.vhd', Line 39.
CRITICAL WARNING: [Synth 37-111] [RESET-3]Synchronous reset not found on register wait_cnt_reg and its enable logic contains synchronous reset in same always/process block.
RTL Name 'wait_cnt_reg', Hierarchy 'stepper_position_controller', File 'C:/Users/robin/Documents/GitHub/FPGA-GearBox---Group-Bertolini-Liberato/Gabriel_Files/Gearbox_Project.srcs/sources_1/new/stepper_position_controller.vhd', Line 39.
INFO: [Synth 37-85] Total of 13 linter message(s) generated.
INFO: [Synth 37-45] Linter Run Finished!
Synthesis Optimization Runtime : Time (s): cpu = 00:00:08 ; elapsed = 00:00:08 . Memory (MB): peak = 4635.273 ; gain = 0.000
INFO: [Common 17-83] Releasing license: Synthesis
11 Infos, 6 Warnings, 7 Critical Warnings and 0 Errors encountered.
synth_design completed successfully
synth_design: Time (s): cpu = 00:00:08 ; elapsed = 00:00:08 . Memory (MB): peak = 4635.273 ; gain = 0.000
reset_run synth_1
INFO: [Project 1-1161] Replacing file C:/Users/robin/Documents/GitHub/FPGA-GearBox---Group-Bertolini-Liberato/Gabriel_Files/Gearbox_Project.srcs/utils_1/imports/synth_1/main_motor_top_pwm.dcp with file C:/Users/robin/Documents/GitHub/FPGA-GearBox---Group-Bertolini-Liberato/Gabriel_Files/Gearbox_Project.runs/synth_1/main_motor_top_pwm.dcp
WARNING: [Vivado 12-1017] Problems encountered:
1. Failed to delete one or more files in run directory C:/Users/robin/Documents/GitHub/FPGA-GearBox---Group-Bertolini-Liberato/Gabriel_Files/Gearbox_Project.runs/synth_1

launch_runs synth_1 -jobs 20
[Tue May 19 17:24:36 2026] Launched synth_1...
Run output will be captured here: C:/Users/robin/Documents/GitHub/FPGA-GearBox---Group-Bertolini-Liberato/Gabriel_Files/Gearbox_Project.runs/synth_1/runme.log
launch_runs impl_1 -jobs 20
[Tue May 19 17:25:40 2026] Launched impl_1...
Run output will be captured here: C:/Users/robin/Documents/GitHub/FPGA-GearBox---Group-Bertolini-Liberato/Gabriel_Files/Gearbox_Project.runs/impl_1/runme.log
launch_runs impl_1 -to_step write_bitstream -jobs 20
[Tue May 19 17:26:56 2026] Launched impl_1...
Run output will be captured here: C:/Users/robin/Documents/GitHub/FPGA-GearBox---Group-Bertolini-Liberato/Gabriel_Files/Gearbox_Project.runs/impl_1/runme.log
set_property PROBES.FILE {} [get_hw_devices xc7a35t_0]
set_property FULL_PROBES.FILE {} [get_hw_devices xc7a35t_0]
set_property PROGRAM.FILE {C:/Users/robin/Documents/GitHub/FPGA-GearBox---Group-Bertolini-Liberato/Gabriel_Files/Gearbox_Project.runs/impl_1/main_motor_top_pwm.bit} [get_hw_devices xc7a35t_0]
program_hw_devices [get_hw_devices xc7a35t_0]
INFO: [Labtools 27-3164] End of startup status: HIGH
refresh_hw_device [lindex [get_hw_devices xc7a35t_0] 0]
INFO: [Labtools 27-1434] Device xc7a35t (JTAG device index = 0) is programmed with a design that has no supported soft debug core(s) in it.
set_property PROBES.FILE {} [get_hw_devices xc7a35t_0]
set_property FULL_PROBES.FILE {} [get_hw_devices xc7a35t_0]
set_property PROGRAM.FILE {C:/Users/robin/Documents/GitHub/FPGA-GearBox---Group-Bertolini-Liberato/Gabriel_Files/Gearbox_Project.runs/impl_1/main_motor_top_pwm.bit} [get_hw_devices xc7a35t_0]
program_hw_devices [get_hw_devices xc7a35t_0]
INFO: [Labtools 27-3164] End of startup status: HIGH
refresh_hw_device [lindex [get_hw_devices xc7a35t_0] 0]
INFO: [Labtools 27-1434] Device xc7a35t (JTAG device index = 0) is programmed with a design that has no supported soft debug core(s) in it.
WARNING: [filemgmt 56-199] Attempt to get parsing info during refresh. "On-the-fly" syntax checking information may be incorrect. [C:\Users\robin\Documents\GitHub\FPGA-GearBox---Group-Bertolini-Liberato\Gabriel_Files\Gearbox_Project.srcs\sources_1\new\stepper_position_controller.vhd:]
WARNING: [filemgmt 56-199] Attempt to get parsing info during refresh. "On-the-fly" syntax checking information may be incorrect. [C:\Users\robin\Documents\GitHub\FPGA-GearBox---Group-Bertolini-Liberato\Gabriel_Files\Gearbox_Project.srcs\sources_1\new\main_motor_top_pwm.vhd:]
WARNING: [filemgmt 56-199] Attempt to get parsing info during refresh. "On-the-fly" syntax checking information may be incorrect. [C:\Users\robin\Documents\GitHub\FPGA-GearBox---Group-Bertolini-Liberato\Gabriel_Files\Gearbox_Project.srcs\sources_1\new\dc_driver_pwm.vhd:]
WARNING: [filemgmt 56-199] Attempt to get parsing info during refresh. "On-the-fly" syntax checking information may be incorrect. [C:\Users\robin\Documents\GitHub\FPGA-GearBox---Group-Bertolini-Liberato\Gabriel_Files\Gearbox_Project.srcs\sources_1\new\pwm_generator.vhd:]
WARNING: [filemgmt 56-199] Attempt to get parsing info during refresh. "On-the-fly" syntax checking information may be incorrect. [C:\Users\robin\Documents\GitHub\FPGA-GearBox---Group-Bertolini-Liberato\Gabriel_Files\Gearbox_Project.srcs\sources_1\new\stepper_motor_ctrl.vhd:]
WARNING: [filemgmt 56-199] Attempt to get parsing info during refresh. "On-the-fly" syntax checking information may be incorrect. [C:\Users\robin\Documents\GitHub\FPGA-GearBox---Group-Bertolini-Liberato\Gabriel_Files\Gearbox_Project.srcs\sources_1\new\main_motor_top_pwm.vhd:]
WARNING: [filemgmt 56-199] Attempt to get parsing info during refresh. "On-the-fly" syntax checking information may be incorrect. [C:\Users\robin\Documents\GitHub\FPGA-GearBox---Group-Bertolini-Liberato\Gabriel_Files\Gearbox_Project.srcs\sources_1\new\main_motor_top_pwm.vhd:]
WARNING: [filemgmt 56-199] Attempt to get parsing info during refresh. "On-the-fly" syntax checking information may be incorrect. [C:\Users\robin\Documents\GitHub\FPGA-GearBox---Group-Bertolini-Liberato\Gabriel_Files\Gearbox_Project.srcs\sources_1\new\stepper_position_controller.vhd:]
WARNING: [filemgmt 56-199] Attempt to get parsing info during refresh. "On-the-fly" syntax checking information may be incorrect. [C:\Users\robin\Documents\GitHub\FPGA-GearBox---Group-Bertolini-Liberato\Gabriel_Files\Gearbox_Project.srcs\sources_1\new\main_motor_top_pwm.vhd:]
WARNING: [filemgmt 56-199] Attempt to get parsing info during refresh. "On-the-fly" syntax checking information may be incorrect. [C:\Users\robin\Documents\GitHub\FPGA-GearBox---Group-Bertolini-Liberato\Gabriel_Files\Gearbox_Project.srcs\sources_1\new\dc_driver_pwm.vhd:]
WARNING: [filemgmt 56-199] Attempt to get parsing info during refresh. "On-the-fly" syntax checking information may be incorrect. [C:\Users\robin\Documents\GitHub\FPGA-GearBox---Group-Bertolini-Liberato\Gabriel_Files\Gearbox_Project.srcs\sources_1\new\pwm_generator.vhd:]
WARNING: [filemgmt 56-199] Attempt to get parsing info during refresh. "On-the-fly" syntax checking information may be incorrect. [C:\Users\robin\Documents\GitHub\FPGA-GearBox---Group-Bertolini-Liberato\Gabriel_Files\Gearbox_Project.srcs\sources_1\new\stepper_motor_ctrl.vhd:]
WARNING: [filemgmt 56-199] Attempt to get parsing info during refresh. "On-the-fly" syntax checking information may be incorrect. [C:\Users\robin\Documents\GitHub\FPGA-GearBox---Group-Bertolini-Liberato\Gabriel_Files\Gearbox_Project.srcs\sources_1\new\dc_driver_pwm.vhd:]
WARNING: [filemgmt 56-199] Attempt to get parsing info during refresh. "On-the-fly" syntax checking information may be incorrect. [C:\Users\robin\Documents\GitHub\FPGA-GearBox---Group-Bertolini-Liberato\Gabriel_Files\Gearbox_Project.srcs\sources_1\new\dc_driver_pwm.vhd:]
WARNING: [filemgmt 56-199] Attempt to get parsing info during refresh. "On-the-fly" syntax checking information may be incorrect. [C:\Users\robin\Documents\GitHub\FPGA-GearBox---Group-Bertolini-Liberato\Gabriel_Files\Gearbox_Project.srcs\sources_1\new\stepper_position_controller.vhd:]
WARNING: [filemgmt 56-199] Attempt to get parsing info during refresh. "On-the-fly" syntax checking information may be incorrect. [C:\Users\robin\Documents\GitHub\FPGA-GearBox---Group-Bertolini-Liberato\Gabriel_Files\Gearbox_Project.srcs\sources_1\new\main_motor_top_pwm.vhd:]
WARNING: [filemgmt 56-199] Attempt to get parsing info during refresh. "On-the-fly" syntax checking information may be incorrect. [C:\Users\robin\Documents\GitHub\FPGA-GearBox---Group-Bertolini-Liberato\Gabriel_Files\Gearbox_Project.srcs\sources_1\new\dc_driver_pwm.vhd:]
WARNING: [filemgmt 56-199] Attempt to get parsing info during refresh. "On-the-fly" syntax checking information may be incorrect. [C:\Users\robin\Documents\GitHub\FPGA-GearBox---Group-Bertolini-Liberato\Gabriel_Files\Gearbox_Project.srcs\sources_1\new\pwm_generator.vhd:]
WARNING: [filemgmt 56-199] Attempt to get parsing info during refresh. "On-the-fly" syntax checking information may be incorrect. [C:\Users\robin\Documents\GitHub\FPGA-GearBox---Group-Bertolini-Liberato\Gabriel_Files\Gearbox_Project.srcs\sources_1\new\stepper_motor_ctrl.vhd:]
WARNING: [filemgmt 56-199] Attempt to get parsing info during refresh. "On-the-fly" syntax checking information may be incorrect. [C:\Users\robin\Documents\GitHub\FPGA-GearBox---Group-Bertolini-Liberato\Gabriel_Files\Gearbox_Project.srcs\sources_1\new\pwm_generator.vhd:]
WARNING: [filemgmt 56-199] Attempt to get parsing info during refresh. "On-the-fly" syntax checking information may be incorrect. [C:\Users\robin\Documents\GitHub\FPGA-GearBox---Group-Bertolini-Liberato\Gabriel_Files\Gearbox_Project.srcs\sources_1\new\pwm_generator.vhd:]
WARNING: [filemgmt 56-199] Attempt to get parsing info during refresh. "On-the-fly" syntax checking information may be incorrect. [C:\Users\robin\Documents\GitHub\FPGA-GearBox---Group-Bertolini-Liberato\Gabriel_Files\Gearbox_Project.srcs\sources_1\new\stepper_position_controller.vhd:]
WARNING: [filemgmt 56-199] Attempt to get parsing info during refresh. "On-the-fly" syntax checking information may be incorrect. [C:\Users\robin\Documents\GitHub\FPGA-GearBox---Group-Bertolini-Liberato\Gabriel_Files\Gearbox_Project.srcs\sources_1\new\main_motor_top_pwm.vhd:]
WARNING: [filemgmt 56-199] Attempt to get parsing info during refresh. "On-the-fly" syntax checking information may be incorrect. [C:\Users\robin\Documents\GitHub\FPGA-GearBox---Group-Bertolini-Liberato\Gabriel_Files\Gearbox_Project.srcs\sources_1\new\dc_driver_pwm.vhd:]
WARNING: [filemgmt 56-199] Attempt to get parsing info during refresh. "On-the-fly" syntax checking information may be incorrect. [C:\Users\robin\Documents\GitHub\FPGA-GearBox---Group-Bertolini-Liberato\Gabriel_Files\Gearbox_Project.srcs\sources_1\new\pwm_generator.vhd:]
WARNING: [filemgmt 56-199] Attempt to get parsing info during refresh. "On-the-fly" syntax checking information may be incorrect. [C:\Users\robin\Documents\GitHub\FPGA-GearBox---Group-Bertolini-Liberato\Gabriel_Files\Gearbox_Project.srcs\sources_1\new\stepper_motor_ctrl.vhd:]
WARNING: [filemgmt 56-199] Attempt to get parsing info during refresh. "On-the-fly" syntax checking information may be incorrect. [C:\Users\robin\Documents\GitHub\FPGA-GearBox---Group-Bertolini-Liberato\Gabriel_Files\Gearbox_Project.srcs\sources_1\new\stepper_motor_ctrl.vhd:]
WARNING: [filemgmt 56-199] Attempt to get parsing info during refresh. "On-the-fly" syntax checking information may be incorrect. [C:\Users\robin\Documents\GitHub\FPGA-GearBox---Group-Bertolini-Liberato\Gabriel_Files\Gearbox_Project.srcs\sources_1\new\stepper_motor_ctrl.vhd:]
close_sim
INFO: [Simtcl 6-16] Simulation closed
exit
INFO: [Common 17-206] Exiting Vivado at Tue May 19 17:29:37 2026...
